x,x_t-1,x_t-2,y1,y2,y3,y4,y5,y1-1,y2-1,y3-1,y4-1,y5-1,y1-2,y2-2,y3-2,y4-2,y5-2
0.0337,-0.00683,0,0.000584061,-0.11,0.94196,-0.109,0.0881478,0.001576388,-0.14,0.14425,0.1403,0.100258398,0,-0.11,0,0,0
0.06693,0.0337,-0.00683,0.0042,-0.08,1.20009,0.0246,0.00352518,0.000584061,-0.11,0.94196,-0.109,0.0881478,0.001576388,-0.14,0.14425,0.1403,0.100258398
0.04967,0.06693,0.0337,0.000799642,-0.08,0.30965,-0.0083,-0.055416159,0.0042,-0.08,1.20009,0.0246,0.00352518,0.000584061,-0.11,0.94196,-0.109,0.0881478
0.0438,0.04967,0.06693,-0.000266384,-0.06,0.44413,-0.017,0.037568306,0.000799642,-0.08,0.30965,-0.0083,-0.055416159,0.0042,-0.08,1.20009,0.0246,0.00352518
0.03424,0.0438,0.04967,-0.001200754,-0.03,-0.21513,-0.0221,-0.069563309,-0.000266384,-0.06,0.44413,-0.017,0.037568306,0.000799642,-0.08,0.30965,-0.0083,-0.055416159
0.04169,0.03424,0.0438,0.001333966,-0.05,0.1437,0.0008,0.031367925,-0.001200754,-0.03,-0.21513,-0.0221,-0.069563309,-0.000266384,-0.06,0.44413,-0.017,0.037568306
0.07104,0.04169,0.03424,0.002125859,-0.06,-0.29457,0.0532,-0.064715298,0.001333966,-0.05,0.1437,0.0008,0.031367925,-0.001200754,-0.03,-0.21513,-0.0221,-0.069563309
0.1477,0.07104,0.04169,0.000662203,-0.03,-0.97548,0.045,0.047595762,0.002125859,-0.06,-0.29457,0.0532,-0.064715298,0.001333966,-0.05,0.1437,0.0008,0.031367925
0.2478,0.1477,0.07104,0.00368979,-0.03,-0.08169,0.0149,0.005290182,0.000662203,-0.03,-0.97548,0.045,0.047595762,0.002125859,-0.06,-0.29457,0.0532,-0.064715298
0.3535,0.2478,0.1477,0.001441027,-0.06,-0.15812,-0.0332,0.016793066,0.00368979,-0.03,-0.08169,0.0149,0.005290182,0.000662203,-0.03,-0.97548,0.045,0.047595762
0.4739,0.3535,0.2478,0.001653463,-0.04,0.30336,0.0209,0.096734911,0.001441027,-0.06,-0.15812,-0.0332,0.016793066,0.00368979,-0.03,-0.08169,0.0149,0.005290182
0.4052,0.4739,0.3535,0.001733713,0,0.20866,0.0905,0.110201249,0.001653463,-0.04,0.30336,0.0209,0.096734911,0.001441027,-0.06,-0.15812,-0.0332,0.016793066
0.4186,0.4052,0.4739,0.000864268,0,0.87799,0.0411,-0.014189274,0.001733713,0,0.20866,0.0905,0.110201249,0.001653463,-0.04,0.30336,0.0209,0.096734911
0.4058,0.4186,0.4052,0.005149797,0.04,0.18323,-0.0752,0.022129225,0.000864268,0,0.87799,0.0411,-0.014189274,0.001733713,0,0.20866,0.0905,0.110201249
0.3362,0.4058,0.4186,0.000426406,0.06,0.96305,0.051,0.062096774,0.005149797,0.04,0.18323,-0.0752,0.022129225,0.000864268,0,0.87799,0.0411,-0.014189274
0.1959,0.3362,0.4058,0,0.1,-0.06816,0.0829,0.041177501,0.000426406,0.06,0.96305,0.051,0.062096774,0.005149797,0.04,0.18323,-0.0752,0.022129225
0.0163,0.1959,0.3362,-0.000426406,0.09,-0.31188,-0.1123,0.039212386,0,0.1,-0.06816,0.0829,0.041177501,0.000426406,0.06,0.96305,0.051,0.062096774
-0.1399,0.0163,0.1959,0.001277964,0.08,-0.85174,0.1305,-0.050040486,-0.000426406,0.09,-0.31188,-0.1123,0.039212386,0,0.1,-0.06816,0.0829,0.041177501
-0.253,-0.1399,0.0163,0.001274215,0.05,-0.09632,-0.0668,0.053358336,0.001277964,0.08,-0.85174,0.1305,-0.050040486,-0.000426406,0.09,-0.31188,-0.1123,0.039212386
-0.3358,-0.253,-0.1399,0.002115418,0.08,0.16832,-0.0242,-0.265846685,0.001274215,0.05,-0.09632,-0.0668,0.053358336,0.001277964,0.08,-0.85174,0.1305,-0.050040486
-0.3548,-0.3358,-0.253,0.002105164,0.05,1.02919,0.125,-0.080828863,0.002115418,0.08,0.16832,-0.0242,-0.265846685,0.001274215,0.05,-0.09632,-0.0668,0.053358336
-0.3213,-0.3548,-0.3358,-0.000420217,0.03,1.02568,-0.0531,0.097849548,0.002105164,0.05,1.02919,0.125,-0.080828863,0.002115418,0.08,0.16832,-0.0242,-0.265846685
-0.2496,-0.3213,-0.3548,0,0.07,-0.91408,-0.0795,0.045437996,-0.000420217,0.03,1.02568,-0.0531,0.097849548,0.002105164,0.05,1.02919,0.125,-0.080828863
-0.1643,-0.2496,-0.3213,0.001678435,0.03,-0.40104,0.051,-0.004318451,0,0.07,-0.91408,-0.0795,0.045437996,-0.000420217,0.03,1.02568,-0.0531,0.097849548
-0.0731,-0.1643,-0.2496,0.001671973,0.05,0.37491,0.0012,-0.029940539,0.001678435,0.03,-0.40104,0.051,-0.004318451,0,0.07,-0.91408,-0.0795,0.045437996
0.0087,-0.0731,-0.1643,0.007034938,0.05,0.53878,-0.0652,0.040527872,0.001671973,0.05,0.37491,0.0012,-0.029940539,0.001678435,0.03,-0.40104,0.051,-0.004318451
0.0406,0.0087,-0.0731,0.001638849,0.08,0.3075,0.0404,-0.01067295,0.007034938,0.05,0.53878,-0.0652,0.040527872,0.001671973,0.05,0.37491,0.0012,-0.029940539
0.005,0.0406,0.0087,0.001632688,0.09,-0.90838,-0.0172,0.039019264,0.001638849,0.08,0.3075,0.0404,-0.01067295,0.007034938,0.05,0.53878,-0.0652,0.040527872
-0.0489,0.005,0.0406,0.000407215,0.07,-1.59852,-0.0026,0.003708198,0.001632688,0.09,-0.90838,-0.0172,0.039019264,0.001638849,0.08,0.3075,0.0404,-0.01067295
-0.1042,-0.0489,0.005,0.004857025,0.02,-0.87063,0.0403,-0.053267952,0.000407215,0.07,-1.59852,-0.0026,0.003708198,0.001632688,0.09,-0.90838,-0.0172,0.039019264
-0.1554,-0.1042,-0.0489,0.002007838,-0.02,-0.74605,-0.0068,0.047608912,0.004857025,0.02,-0.87063,0.0403,-0.053267952,0.000407215,0.07,-1.59852,-0.0026,0.003708198
-0.1702,-0.1554,-0.1042,0.004384837,-0.05,0.14644,-0.0434,0.017067389,0.002007838,-0.02,-0.74605,-0.0068,0.047608912,0.004857025,0.02,-0.87063,0.0403,-0.053267952
-0.1318,-0.1702,-0.1554,0.001978566,-0.03,-0.27428,0.0252,-0.029100353,0.004384837,-0.05,0.14644,-0.0434,0.017067389,0.002007838,-0.02,-0.74605,-0.0068,0.047608912
-0.0829,-0.1318,-0.1702,0.001182827,-0.12,-0.83949,0.0169,-0.001851852,0.001978566,-0.03,-0.27428,0.0252,-0.029100353,0.004384837,-0.05,0.14644,-0.0434,0.017067389
-0.0249,-0.0829,-0.1318,0.002747466,-0.13,-0.00355,-0.1199,0.150553151,0.001182827,-0.12,-0.83949,0.0169,-0.001851852,0.001978566,-0.03,-0.27428,0.0252,-0.029100353
0.0132,-0.0249,-0.0829,0.003118825,-0.11,0.09716,0.0316,-0.014572384,0.002747466,-0.13,-0.00355,-0.1199,0.150553151,0.001182827,-0.12,-0.83949,0.0169,-0.001851852
0.0234,0.0132,-0.0249,0.001937953,-0.16,0.00156,-0.0487,0.035090909,0.003118825,-0.11,0.09716,0.0316,-0.014572384,0.002747466,-0.13,-0.00355,-0.1199,0.150553151
0.0422,0.0234,0.0132,0.007666474,-0.17,-0.12109,-0.0855,0.024884361,0.001937953,-0.16,0.00156,-0.0487,0.035090909,0.003118825,-0.11,0.09716,0.0316,-0.014572384
0.0137,0.0422,0.0234,0.00265161,-0.12,-0.03856,0.0499,0.003027879,0.007666474,-0.17,-0.12109,-0.0855,0.024884361,0.001937953,-0.16,0.00156,-0.0487,0.035090909
-0.0478,0.0137,0.0422,0.001507968,-0.17,-0.96038,-0.0271,0.016403714,0.00265161,-0.12,-0.03856,0.0499,0.003027879,0.007666474,-0.17,-0.12109,-0.0855,0.024884361
-0.0987,-0.0478,0.0137,0.000376175,-0.18,0.21936,0.0371,0.071504623,0.001507968,-0.17,-0.96038,-0.0271,0.016403714,0.00265161,-0.12,-0.03856,0.0499,0.003027879
-0.1503,-0.0987,-0.0478,0.001126575,-0.15,0.06745,-0.0298,0.034255531,0.000376175,-0.18,0.21936,0.0371,0.071504623,0.001507968,-0.17,-0.96038,-0.0271,0.016403714
-0.2012,-0.1503,-0.0987,0.002989991,-0.15,-0.17645,-0.1269,-0.046723301,0.001126575,-0.15,0.06745,-0.0298,0.034255531,0.000376175,-0.18,0.21936,0.0371,0.071504623
-0.21123,-0.2012,-0.1503,0.003339316,-0.29,-0.99601,0.0672,-0.086887333,0.002989991,-0.15,-0.17645,-0.1269,-0.046723301,0.001126575,-0.15,0.06745,-0.0298,0.034255531
-0.16742,-0.21123,-0.2012,0.003680484,-0.26,-0.08594,-0.0044,0.048913675,0.003339316,-0.29,-0.99601,0.0672,-0.086887333,0.002989991,-0.15,-0.17645,-0.1269,-0.046723301
-0.12117,-0.16742,-0.21123,0.00109809,-0.25,0.00233,0.017,0.06147541,0.003680484,-0.26,-0.08594,-0.0044,0.048913675,0.003339316,-0.29,-0.99601,0.0672,-0.086887333
-0.10038,-0.12117,-0.16742,0.002551465,-0.19,-0.04658,-0.0506,-0.027444433,0.00109809,-0.25,0.00233,0.017,0.06147541,0.003680484,-0.26,-0.08594,-0.0044,0.048913675
-0.07914,-0.10038,-0.12117,0.002536562,-0.24,0.04915,-0.0478,-0.044313305,0.002551465,-0.19,-0.04658,-0.0506,-0.027444433,0.00109809,-0.25,0.00233,0.017,0.06147541
-0.02061,-0.07914,-0.10038,0.004314219,-0.35,-0.16754,-0.0086,-0.007129224,0.002536562,-0.24,0.04915,-0.0478,-0.044313305,0.002551465,-0.19,-0.04658,-0.0506,-0.027444433
0.05031,-0.02061,-0.07914,0.013038623,-0.31,0.05932,0.0543,-0.065076045,0.004314219,-0.35,-0.16754,-0.0086,-0.007129224,0.002536562,-0.24,0.04915,-0.0478,-0.044313305
0.06173,0.05031,-0.02061,0.003802045,-0.3,0.06315,-0.0205,0.121794872,0.013038623,-0.31,0.05932,0.0543,-0.065076045,0.004314219,-0.35,-0.16754,-0.0086,-0.007129224
0.01241,0.06173,0.05031,0.00171726,-0.27,0.18127,-0.0172,0.023126685,0.003802045,-0.3,0.06315,-0.0205,0.121794872,0.013038623,-0.31,0.05932,0.0543,-0.065076045
-0.06292,0.01241,0.06173,0.000342639,-0.24,0.02722,-0.0232,-0.028136361,0.00171726,-0.27,0.18127,-0.0172,0.023126685,0.003802045,-0.3,0.06315,-0.0205,0.121794872
-0.1363,-0.06292,0.01241,0.004429876,-0.26,-0.03084,0.0003,-0.081810789,0.000342639,-0.24,0.02722,-0.0232,-0.028136361,0.00171726,-0.27,0.18127,-0.0172,0.023126685
-0.19277,-0.1363,-0.06292,0.004049395,-0.29,0.06547,-0.0573,-0.093233349,0.004429876,-0.26,-0.03084,0.0003,-0.081810789,0.000342639,-0.24,0.02722,-0.0232,-0.028136361
-0.22,-0.19277,-0.1363,0.003345891,-0.27,0.88901,-0.0419,0.037246858,0.004049395,-0.29,0.06547,-0.0573,-0.093233349,0.004429876,-0.26,-0.03084,0.0003,-0.081810789
-0.21541,-0.22,-0.19277,-0.001001063,-0.29,0.38105,-0.044,0.056437943,0.003345891,-0.27,0.88901,-0.0419,0.037246858,0.004049395,-0.29,0.06547,-0.0573,-0.093233349
-0.1415,-0.21541,-0.22,-0.000334201,-0.19,-0.20059,-0.073,-0.005407654,-0.001001063,-0.29,0.38105,-0.044,0.056437943,0.003345891,-0.27,0.88901,-0.0419,0.037246858
-0.0121,-0.1415,-0.21541,-0.036241246,-0.24,-0.12917,-0.0314,0.010874111,-0.000334201,-0.19,-0.20059,-0.073,-0.005407654,-0.001001063,-0.29,0.38105,-0.044,0.056437943
0.14222,-0.0121,-0.1415,0.002536562,-0.27,0.71555,-0.1071,0.129322064,-0.036241246,-0.24,-0.12917,-0.0314,0.010874111,-0.000334201,-0.19,-0.20059,-0.073,-0.005407654
0.26927,0.14222,-0.0121,0.004314219,-0.21,0.83252,0.1114,0.022609515,0.002536562,-0.27,0.71555,-0.1071,0.129322064,-0.036241246,-0.24,-0.12917,-0.0314,0.010874111
0.29968,0.26927,0.14222,0.013038623,-0.2,0.44788,0.1742,-0.000102359,0.004314219,-0.21,0.83252,0.1114,0.022609515,0.002536562,-0.27,0.71555,-0.1071,0.129322064
0.29369,0.29968,0.26927,0.003802045,-0.19,0.4497,-0.1109,0.001791473,0.013038623,-0.2,0.44788,0.1742,-0.000102359,0.004314219,-0.21,0.83252,0.1114,0.022609515
0.28271,0.29369,0.29968,0.00171726,-0.19,0.26678,0.0928,-0.040517065,0.003802045,-0.19,0.4497,-0.1109,0.001791473,0.013038623,-0.2,0.44788,0.1742,-0.000102359
0.26953,0.28271,0.29369,0.000342639,-0.19,0.16868,0.0466,0.067096225,0.00171726,-0.19,0.26678,0.0928,-0.040517065,0.003802045,-0.19,0.4497,-0.1109,0.001791473
0.2392,0.26953,0.28271,0.004429876,-0.15,0.19652,0.0103,0.037626628,0.000342639,-0.19,0.16868,0.0466,0.067096225,0.00171726,-0.19,0.26678,0.0928,-0.040517065
0.1555,0.2392,0.26953,0.004049395,-0.11,0.59916,0.0822,-0.027749723,0.004429876,-0.15,0.19652,0.0103,0.037626628,0.000342639,-0.19,0.16868,0.0466,0.067096225
0.0491,0.1555,0.2392,0.003345891,-0.1,-0.12415,0.039,-0.029333201,0.004049395,-0.11,0.59916,0.0822,-0.027749723,0.004429876,-0.15,0.19652,0.0103,0.037626628
-0.0289,0.0491,0.1555,-0.001001063,-0.13,-0.07154,0.0063,-0.062273862,0.003345891,-0.1,-0.12415,0.039,-0.029333201,0.004049395,-0.11,0.59916,0.0822,-0.027749723
-0.0583,-0.0289,0.0491,-0.000334201,-0.15,-0.3186,-0.0629,0.027987609,-0.001001063,-0.13,-0.07154,0.0063,-0.062273862,0.003345891,-0.1,-0.12415,0.039,-0.029333201
-0.0275,-0.0583,-0.0289,0.001001833,-0.17,0.13064,-0.0223,0.055508564,-0.000334201,-0.15,-0.3186,-0.0629,0.027987609,-0.001001063,-0.13,-0.07154,0.0063,-0.062273862
0.0241,-0.0275,-0.0583,0.002328662,-0.17,0.29742,-0.0368,-0.00681158,0.001001833,-0.17,0.13064,-0.0223,0.055508564,-0.000334201,-0.15,-0.3186,-0.0629,0.027987609
0.0469,0.0241,-0.0275,0.001655719,-0.15,-0.25014,0.0017,-0.040090772,0.002328662,-0.17,0.29742,-0.0368,-0.00681158,0.001001833,-0.17,0.13064,-0.0223,0.055508564
0.0043,0.0469,0.0241,0.00558269,-0.09,0.01562,0.0844,0.089204098,0.001655719,-0.15,-0.25014,0.0017,-0.040090772,0.002328662,-0.17,0.29742,-0.0368,-0.00681158
-0.1338,0.0043,0.0469,0.00130321,-0.02,0.54583,0.0986,0.019678773,0.00558269,-0.09,0.01562,0.0844,0.089204098,0.001655719,-0.15,-0.25014,0.0017,-0.040090772
-0.2873,-0.1338,0.0043,0.001947512,-0.07,0.05822,-0.0571,-0.081263895,0.00130321,-0.02,0.54583,0.0986,0.019678773,0.00558269,-0.09,0.01562,0.0844,0.089204098
-0.36797,-0.2873,-0.1338,-0.000972664,-0.12,-0.15167,-0.0836,-0.071307213,0.001947512,-0.07,0.05822,-0.0571,-0.081263895,0.00130321,-0.02,0.54583,0.0986,0.019678773
-0.33088,-0.36797,-0.2873,0.000972664,-0.19,-0.20975,-0.1098,-0.068300255,-0.000972664,-0.12,-0.15167,-0.0836,-0.071307213,0.001947512,-0.07,0.05822,-0.0571,-0.081263895
-0.20751,-0.33088,-0.36797,0.001616282,-0.21,0.37491,-0.0081,0.107104605,0.000972664,-0.19,-0.20975,-0.1098,-0.068300255,-0.000972664,-0.12,-0.15167,-0.0836,-0.071307213
-0.04996,-0.20751,-0.33088,0.001610289,-0.28,1.64382,0.1,0.055465979,0.001616282,-0.21,0.37491,-0.0081,0.107104605,0.000972664,-0.19,-0.20975,-0.1098,-0.068300255
0.08323,-0.04996,-0.20751,0.001604341,-0.28,1.12636,-0.0935,0.067267543,0.001610289,-0.28,1.64382,0.1,0.055465979,0.001616282,-0.21,0.37491,-0.0081,0.107104605
0.17282,0.08323,-0.04996,0.000320158,-0.23,0.03579,0.1069,0.042606995,0.001604341,-0.28,1.12636,-0.0935,0.067267543,0.001610289,-0.28,1.64382,0.1,0.055465979
0.19765,0.17282,0.08323,-0.000320158,-0.13,0.24769,0.0568,-0.00361523,0.000320158,-0.23,0.03579,0.1069,0.042606995,0.001604341,-0.28,1.12636,-0.0935,0.067267543
0.21129,0.19765,0.17282,0.002236166,-0.19,0.75277,0.0234,0.014283746,-0.000320158,-0.13,0.24769,0.0568,-0.00361523,0.000320158,-0.23,0.03579,0.1069,0.042606995
0.21383,0.21129,0.19765,0.001272659,-0.17,0.19893,0.002,0.007743162,0.002236166,-0.19,0.75277,0.0234,0.014283746,-0.000320158,-0.13,0.24769,0.0568,-0.00361523
0.2091,0.21383,0.21129,0.006620952,-0.18,0.00814,0.0549,-0.001887216,0.001272659,-0.17,0.19893,0.002,0.007743162,0.002236166,-0.19,0.75277,0.0234,0.014283746
0.1909,0.2091,0.21383,0.00156165,-0.06,-0.02048,0.0783,-0.007338045,0.006620952,-0.18,0.00814,0.0549,-0.001887216,0.001272659,-0.17,0.19893,0.002,0.007743162
0.1598,0.1909,0.2091,0,-0.13,0.09257,-0.0872,0.029886621,0.00156165,-0.06,-0.02048,0.0783,-0.007338045,0.006620952,-0.18,0.00814,0.0549,-0.001887216
0.1566,0.1598,0.1909,-0.00156165,-0.12,-0.05185,-0.064,0.020564534,0,-0.13,0.09257,-0.0872,0.029886621,0.00156165,-0.06,-0.02048,0.0783,-0.007338045
0.1511,0.1566,0.1598,0.00031278,-0.07,0.08949,0.1101,0.041681049,-0.00156165,-0.12,-0.05185,-0.064,0.020564534,0,-0.13,0.09257,-0.0872,0.029886621
0.1045,0.1511,0.1566,0.001560528,-0.07,-0.04581,0.0216,-0.039723304,0.00031278,-0.07,0.08949,0.1101,0.041681049,-0.00156165,-0.12,-0.05185,-0.064,0.020564534
0.0461,0.1045,0.1511,0.001554941,-0.11,0.14625,-0.0591,0.03437864,0.001560528,-0.07,-0.04581,0.0216,-0.039723304,0.00031278,-0.07,0.08949,0.1101,0.041681049
-0.0107,0.0461,0.1045,-0.000621308,-0.15,0.20602,0.0567,0.008548791,0.001554941,-0.11,0.14625,-0.0591,0.03437864,0.001560528,-0.07,-0.04581,0.0216,-0.039723304
-0.0567,-0.0107,0.0461,-0.001557171,-0.15,0.22479,-0.0331,0.0583006,-0.000621308,-0.15,0.20602,0.0567,0.008548791,0.001554941,-0.11,0.14625,-0.0591,0.03437864
-0.0951,-0.0567,-0.0107,-0.004074969,-0.07,-0.06064,0.0359,0.045985544,-0.001557171,-0.15,0.22479,-0.0331,0.0583006,-0.000621308,-0.15,0.20602,0.0567,0.008548791
-0.1568,-0.0951,-0.0567,0.0028252,-0.13,0.18017,0.0337,-0.04224563,-0.004074969,-0.07,-0.06064,0.0359,0.045985544,-0.001557171,-0.15,0.22479,-0.0331,0.0583006
-0.191,-0.1568,-0.0951,0.00156165,-0.17,0.0357,-0.0277,-0.048711049,0.0028252,-0.13,0.18017,0.0337,-0.04224563,-0.004074969,-0.07,-0.06064,0.0359,0.045985544
-0.1688,-0.191,-0.1568,0.004034204,-0.18,-0.06223,-0.0445,0.027304034,0.00156165,-0.17,0.0357,-0.0277,-0.048711049,0.0028252,-0.13,0.18017,0.0337,-0.04224563
-0.1137,-0.1688,-0.191,0.001541693,-0.15,0.06254,0.058,-0.060419826,0.004034204,-0.18,-0.06223,-0.0445,0.027304034,0.00156165,-0.17,0.0357,-0.0277,-0.048711049
-0.0678,-0.1137,-0.1688,-0.000307901,-0.12,0.03941,0.0126,-0.032959565,0.001541693,-0.15,0.06254,0.058,-0.060419826,0.004034204,-0.18,-0.06223,-0.0445,0.027304034
-0.047,-0.0678,-0.1137,-0.000925015,-0.11,-0.07851,-0.0646,0.049674982,-0.000307901,-0.12,0.03941,0.0126,-0.032959565,0.001541693,-0.15,0.06254,0.058,-0.060419826
-0.0385,-0.047,-0.0678,0.001848064,-0.08,-0.31108,0.1501,0.060713837,-0.000925015,-0.11,-0.07851,-0.0646,0.049674982,-0.000307901,-0.12,0.03941,0.0126,-0.032959565
-0.063,-0.0385,-0.047,0.001840234,-0.09,-0.19066,-0.0588,-0.072938856,0.001848064,-0.08,-0.31108,0.1501,0.060713837,-0.000925015,-0.11,-0.07851,-0.0646,0.049674982
-0.09156,-0.063,-0.0385,-0.000306165,-0.11,-0.20659,-0.008,0.000765925,0.001840234,-0.09,-0.19066,-0.0588,-0.072938856,0.001848064,-0.08,-0.31108,0.1501,0.060713837
-0.10773,-0.09156,-0.063,-0.000612977,-0.08,-0.15066,0.0368,0.005697521,-0.000306165,-0.11,-0.20659,-0.008,0.000765925,0.001840234,-0.09,-0.19066,-0.0588,-0.072938856
-0.10915,-0.10773,-0.09156,0.000919142,-0.18,-0.30149,0.0568,-0.001860229,-0.000612977,-0.08,-0.15066,0.0368,0.005697521,-0.000306165,-0.11,-0.20659,-0.008,0.000765925
-0.06818,-0.10915,-0.10773,0.01237046,-0.09,-0.21093,-0.105,-0.042441442,0.000919142,-0.18,-0.30149,0.0568,-0.001860229,-0.000612977,-0.08,-0.15066,0.0368,0.005697521
-0.02563,-0.06818,-0.10915,0.00266894,-0.12,-0.16613,0.1142,0.012164374,0.01237046,-0.09,-0.21093,-0.105,-0.042441442,0.000919142,-0.18,-0.30149,0.0568,-0.001860229
0.00668,-0.02563,-0.06818,0.001770225,-0.14,0.07837,-0.0275,0.052093348,0.00266894,-0.12,-0.16613,0.1142,0.012164374,0.01237046,-0.09,-0.21093,-0.105,-0.042441442
0.04091,0.00668,-0.02563,0.004394248,-0.12,-0.01079,-0.1342,0.017155437,0.001770225,-0.14,0.07837,-0.0275,0.052093348,0.00266894,-0.12,-0.16613,0.1142,0.012164374
0.06936,0.04091,0.00668,0.001745325,-0.09,-0.03983,0.108,0.024094417,0.004394248,-0.12,-0.01079,-0.1342,0.017155437,0.001770225,-0.14,0.07837,-0.0275,0.052093348
0.08355,0.06936,0.04091,0.00058022,-0.1,0.06132,-0.0776,-0.010487698,0.001745325,-0.09,-0.03983,0.108,0.024094417,0.004394248,-0.12,-0.01079,-0.1342,0.017155437
0.06584,0.08355,0.06936,-0.00203417,-0.07,-0.16202,-0.0353,0.043805916,0.00058022,-0.1,0.06132,-0.0776,-0.010487698,0.001745325,-0.09,-0.03983,0.108,0.024094417
0.04067,0.06584,0.08355,0.002323989,-0.07,0.00118,0.0403,0.009536311,-0.00203417,-0.07,-0.16202,-0.0353,0.043805916,0.00058022,-0.1,0.06132,-0.0776,-0.010487698
0.01225,0.04067,0.06584,0.002023339,-0.08,0.08029,0.0008,-0.005086431,0.002323989,-0.07,0.00118,0.0403,0.009536311,-0.00203417,-0.07,-0.16202,-0.0353,0.043805916
-0.01154,0.01225,0.04067,-0.002313159,-0.08,-0.02244,-0.0672,-0.004612723,0.002023339,-0.08,0.08029,0.0008,-0.005086431,0.002323989,-0.07,0.00118,0.0403,0.009536311
-0.02402,-0.01154,0.01225,0,-0.1,0.09695,0.0071,0.029696853,-0.002313159,-0.08,-0.02244,-0.0672,-0.004612723,0.002023339,-0.08,0.08029,0.0008,-0.005086431
-0.01607,-0.02402,-0.01154,0.002601439,-0.11,0.17103,-0.0732,0.008888389,0,-0.1,0.09695,0.0071,0.029696853,-0.002313159,-0.08,-0.02244,-0.0672,-0.004612723
-0.00199,-0.01607,-0.02402,-0.00144332,-0.05,0.10267,0.1041,0.029106725,0.002601439,-0.11,0.17103,-0.0732,0.008888389,0,-0.1,0.09695,0.0071,0.029696853
0.02079,-0.00199,-0.01607,0.002019307,-0.09,0.20164,-0.0053,-0.004334634,-0.00144332,-0.05,0.10267,0.1041,0.029106725,0.002601439,-0.11,0.17103,-0.0732,0.008888389
0.0252,0.02079,-0.00199,0.001723393,-0.08,0.10566,0.0327,0.004208388,0.002019307,-0.09,0.20164,-0.0053,-0.004334634,-0.00144332,-0.05,0.10267,0.1041,0.029106725
0.01438,0.0252,0.02079,0.003141901,-0.08,0.05536,-0.084,0.02550578,0.001723393,-0.08,0.10566,0.0327,0.004208388,0.002019307,-0.09,0.20164,-0.0053,-0.004334634
-0.01533,0.01438,0.0252,0.000852952,-0.06,-0.03199,0.0081,-0.016487001,0.003141901,-0.08,0.05536,-0.084,0.02550578,0.001723393,-0.08,0.10566,0.0327,0.004208388
-0.02093,-0.01533,0.01438,0.000283945,-0.07,0.18174,-0.018,-0.022243714,0.000852952,-0.06,-0.03199,0.0081,-0.016487001,0.003141901,-0.08,0.05536,-0.084,0.02550578
-0.00426,-0.02093,-0.01533,-0.001706464,-0.04,0.1131,0.1239,-0.003993113,0.000283945,-0.07,0.18174,-0.018,-0.022243714,0.000852952,-0.06,-0.03199,0.0081,-0.016487001
0.02306,-0.00426,-0.02093,0.001990224,-0.03,-0.0148,-0.0192,0.028873032,-0.001706464,-0.04,0.1131,0.1239,-0.003993113,0.000283945,-0.07,0.18174,-0.018,-0.022243714
0.04189,0.02306,-0.00426,0.001981145,-0.01,-0.02718,-0.0097,0.013405784,0.001990224,-0.03,-0.0148,-0.0192,0.028873032,-0.001706464,-0.04,0.1131,0.1239,-0.003993113
0.05091,0.04189,0.02306,0,-0.02,-0.15588,0.0336,-0.00843093,0.001981145,-0.01,-0.02718,-0.0097,0.013405784,0.001990224,-0.03,-0.0148,-0.0192,0.028873032
0.0459,0.05091,0.04189,0.000282284,0.01,-0.36626,0.0274,0.005727703,0,-0.02,-0.15588,0.0336,-0.00843093,0.001981145,-0.01,-0.02718,-0.0097,0.013405784
0.0553,0.0459,0.05091,0.001408676,-0.04,-0.04585,-0.0833,-0.004740007,0.000282284,0.01,-0.36626,0.0274,0.005727703,0,-0.02,-0.15588,0.0336,-0.00843093
0.0817,0.0553,0.0459,0,0.02,0.01673,-0.0267,0.011906454,0.001408676,-0.04,-0.04585,-0.0833,-0.004740007,0.000282284,0.01,-0.36626,0.0274,0.005727703
0.1106,0.0817,0.0553,0.001684402,0.02,0.12643,-0.0247,0.000140494,0,0.02,0.01673,-0.0267,0.011906454,0.001408676,-0.04,-0.04585,-0.0833,-0.004740007
0.1208,0.1106,0.0817,0.001119316,0.01,-0.01565,0.0829,0.001369622,0.001684402,0.02,0.12643,-0.0247,0.000140494,0,0.02,0.01673,-0.0267,0.011906454
0.1224,0.1208,0.1106,0.002507964,-0.01,-0.15024,-0.004,0.016483131,0.001119316,0.01,-0.01565,0.0829,0.001369622,0.001684402,0.02,0.12643,-0.0247,0.000140494
0.1081,0.1224,0.1208,0.001663966,0.06,-0.07777,-0.0717,0.025220811,0.002507964,-0.01,-0.15024,-0.004,0.016483131,0.001119316,0.01,-0.01565,0.0829,0.001369622
0.088,0.1081,0.1224,0.001657615,0.08,-0.13248,-0.0185,0.004745078,0.001663966,0.06,-0.07777,-0.0717,0.025220811,0.002507964,-0.01,-0.15024,-0.004,0.016483131
0.0753,0.088,0.1081,0,0.08,-0.37682,0.1034,0.038853162,0.001657615,0.08,-0.13248,-0.0185,0.004745078,0.001663966,0.06,-0.07777,-0.0717,0.025220811
0.0769,0.0753,0.088,0.002748708,0.1,-0.20205,-0.0688,0.000128966,0,0.08,-0.37682,0.1034,0.038853162,0.001657615,0.08,-0.13248,-0.0185,0.004745078
0.06,0.0769,0.0753,0.002186509,0.08,-0.05338,0.0197,0.08655706,0.002748708,0.1,-0.20205,-0.0688,0.000128966,0,0.08,-0.37682,0.1034,0.038853162
0.0256,0.06,0.0769,0.000544912,0.07,-0.05928,0.0646,-0.073193888,0.002186509,0.08,-0.05338,0.0197,0.08655706,0.002748708,0.1,-0.20205,-0.0688,0.000128966
-0.0095,0.0256,0.06,0.0002722,0.02,-0.27002,-0.0924,0.003777451,0.000544912,0.07,-0.05928,0.0646,-0.073193888,0.002186509,0.08,-0.05338,0.0197,0.08655706
-0.0211,-0.0095,0.0256,0.001087096,0,-0.09173,0.0064,0.049017732,0.0002722,0.02,-0.27002,-0.0924,0.003777451,0.000544912,0.07,-0.05928,0.0646,-0.073193888
-0.0267,-0.0211,-0.0095,-0.001359295,0.04,0.1325,-0.0475,0.021068312,0.001087096,0,-0.09173,0.0064,0.049017732,0.0002722,0.02,-0.27002,-0.0924,0.003777451
-0.0325,-0.0267,-0.0211,0.002172835,0.04,0.04145,-0.0242,0.057404871,-0.001359295,0.04,0.1325,-0.0475,0.021068312,0.001087096,0,-0.09173,0.0064,0.049017732
-0.0701,-0.0325,-0.0267,0.001352522,0.02,-0.02281,0.0034,0.060455032,0.002172835,0.04,0.04145,-0.0242,0.057404871,-0.001359295,0.04,0.1325,-0.0475,0.021068312
-0.145,-0.0701,-0.0325,0.004834497,0.04,0.03143,-0.0742,0.015161573,0.001352522,0.02,-0.02281,0.0034,0.060455032,0.002172835,0.04,0.04145,-0.0242,0.057404871
-0.2366,-0.145,-0.0701,0.002397216,0.07,0.04723,-0.0616,-0.000392341,0.004834497,0.04,0.03143,-0.0742,0.015161573,0.001352522,0.02,-0.02281,0.0034,0.060455032
-0.3237,-0.2366,-0.145,-0.000265705,0.02,-0.22586,0.011,-0.008242405,0.002397216,0.07,0.04723,-0.0616,-0.000392341,0.004834497,0.04,0.03143,-0.0742,0.015161573
-0.36666,-0.3237,-0.2366,-0.001064448,-0.01,-0.09226,-0.0269,-0.022162419,-0.000265705,0.02,-0.22586,0.011,-0.008242405,0.002397216,0.07,0.04723,-0.0616,-0.000392341
-0.33028,-0.36666,-0.3237,0.001861075,-0.05,0.07798,-0.0885,-0.101640494,-0.001064448,-0.01,-0.09226,-0.0269,-0.022162419,-0.000265705,0.02,-0.22586,0.011,-0.008242405
-0.21625,-0.33028,-0.36666,0.001853134,-0.03,0.26056,0.0293,-0.085087851,0.001861075,-0.05,0.07798,-0.0885,-0.101640494,-0.001064448,-0.01,-0.09226,-0.0269,-0.022162419
-0.06314,-0.21625,-0.33028,0.000264089,-0.09,0.24707,-0.1245,0.090079443,0.001853134,-0.03,0.26056,0.0293,-0.085087851,0.001861075,-0.05,0.07798,-0.0885,-0.101640494
0.12116,-0.06314,-0.21625,-0.000264089,-0.07,0.24613,0.0379,0.038878516,0.000264089,-0.09,0.24707,-0.1245,0.090079443,0.001853134,-0.03,0.26056,0.0293,-0.085087851
0.27477,0.12116,-0.06314,0,-0.08,0.51414,0.1362,0.029451836,-0.000264089,-0.07,0.24613,0.0379,0.038878516,0.000264089,-0.09,0.24707,-0.1245,0.090079443
0.39366,0.27477,0.12116,-0.002649761,-0.03,0.53863,-0.0385,0.001182666,0,-0.08,0.51414,0.1362,0.029451836,-0.000264089,-0.07,0.24613,0.0379,0.038878516
0.47854,0.39366,0.27477,0.000796627,-0.01,0.38974,-0.0136,0.0576009,-0.002649761,-0.03,0.53863,-0.0385,0.001182666,0,-0.08,0.51414,0.1362,0.029451836
0.487,0.47854,0.39366,0.001059902,0.01,0.1091,0.0139,0.019865436,0.000796627,-0.01,0.38974,-0.0136,0.0576009,-0.002649761,-0.03,0.53863,-0.0385,0.001182666
0.4179,0.487,0.47854,0.002901462,0.01,0.10514,0.0856,0.056219035,0.001059902,0.01,0.1091,0.0139,0.019865436,0.000796627,-0.01,0.38974,-0.0136,0.0576009
0.322,0.4179,0.487,0.001050289,0.05,-0.03102,0.2485,-0.039278132,0.002901462,0.01,0.10514,0.0856,0.056219035,0.001059902,0.01,0.1091,0.0139,0.019865436
0.2172,0.322,0.4179,0,0.05,0.12761,-0.1296,0.031196197,0.001050289,0.05,-0.03102,0.2485,-0.039278132,0.002901462,0.01,0.10514,0.0856,0.056219035
0.0884,0.2172,0.322,-0.001313259,0.02,0.05426,-0.1172,-0.00338907,0,0.05,0.12761,-0.1296,0.031196197,0.001050289,0.05,-0.03102,0.2485,-0.039278132
-0.059,0.0884,0.2172,0.001050925,0.04,-0.08721,0.1917,0.007851374,-0.001313259,0.02,0.05426,-0.1172,-0.00338907,0,0.05,0.12761,-0.1296,0.031196197
-0.1758,-0.059,0.0884,0.001833021,0.02,-0.15661,0.009,-0.064008733,0.001050925,0.04,-0.08721,0.1917,0.007851374,-0.001313259,0.02,0.05426,-0.1172,-0.00338907
-0.247,-0.1758,-0.059,0.000783218,0.02,-0.61494,-0.0137,-0.008137408,0.001833021,0.02,-0.15661,0.009,-0.064008733,0.001050925,0.04,-0.08721,0.1917,0.007851374
-0.2407,-0.247,-0.1758,0.000521362,-0.02,0.15314,-0.042,0.043853554,0.000783218,0.02,-0.61494,-0.0137,-0.008137408,0.001833021,0.02,-0.15661,0.009,-0.064008733
-0.1966,-0.2407,-0.247,0.001560341,0.01,-0.18281,0.0763,0.064181665,0.000521362,-0.02,0.15314,-0.042,0.043853554,0.000783218,0.02,-0.61494,-0.0137,-0.008137408
-0.1514,-0.1966,-0.2407,-0.001820944,0.08,-0.08101,-0.0696,-0.10794361,0.001560341,0.01,-0.18281,0.0763,0.064181665,0.000521362,-0.02,0.15314,-0.042,0.043853554
-0.1107,-0.1514,-0.1966,0.002339814,0.02,-0.10149,-0.0531,-0.028882716,-0.001820944,0.08,-0.08101,-0.0696,-0.10794361,0.001560341,0.01,-0.18281,0.0763,0.064181665
-0.0736,-0.1107,-0.1514,0.002327276,-0.02,0.00943,0.0645,0.033685087,0.002339814,0.02,-0.10149,-0.0531,-0.028882716,-0.001820944,0.08,-0.08101,-0.0696,-0.10794361
-0.069,-0.0736,-0.1107,0.004362226,-0.04,-0.06809,-0.1446,-0.016763829,0.002327276,-0.02,0.00943,0.0645,0.033685087,0.002339814,0.02,-0.10149,-0.0531,-0.028882716
-0.0583,-0.069,-0.0736,0.001529208,0.02,-0.00709,-0.0811,-0.001010957,0.004362226,-0.04,-0.06809,-0.1446,-0.016763829,0.002327276,-0.02,0.00943,0.0645,0.033685087
-0.055,-0.0583,-0.069,0.001016488,0,0.07674,0.0097,0.004403479,0.001529208,0.02,-0.00709,-0.0811,-0.001010957,0.004362226,-0.04,-0.06809,-0.1446,-0.016763829
-0.0417,-0.055,-0.0583,-0.001525626,-0.03,0.03435,0.1223,-0.002341857,0.001016488,0,0.07674,0.0097,0.004403479,0.001529208,0.02,-0.00709,-0.0811,-0.001010957
-0.0137,-0.0417,-0.055,0,0.01,-0.02507,-0.0279,0.006250512,-0.001525626,-0.03,0.03435,0.1223,-0.002341857,0.001016488,0,0.07674,0.0097,0.004403479
0.0225,-0.0137,-0.0417,0.003045912,-0.05,0.01185,0.0387,-0.079395649,0,0.01,-0.02507,-0.0279,0.006250512,-0.001525626,-0.03,0.03435,0.1223,-0.002341857
0.0675,0.0225,-0.0137,-0.000253012,0,0.04295,0.017,0.036595068,0.003045912,-0.05,0.01185,0.0387,-0.079395649,0,0.01,-0.02507,-0.0279,0.006250512
0.0831,0.0675,0.0225,0.001263587,-0.02,0.07645,-0.0018,0.021289901,-0.000253012,0,0.04295,0.017,0.036595068,0.003045912,-0.05,0.01185,0.0387,-0.079395649
0.0584,0.0831,0.0675,0.000252277,-0.01,0.1309,0.1065,-0.005371556,0.001263587,-0.02,0.07645,-0.0018,0.021289901,-0.000253012,0,0.04295,0.017,0.036595068
0.0087,0.0584,0.0831,-0.002783138,0.05,0.10961,-0.0207,-0.00050368,0.000252277,-0.01,0.1309,0.1065,-0.005371556,0.001263587,-0.02,0.07645,-0.0018,0.021289901
-0.0315,0.0087,0.0584,0.002278437,0.02,0.08923,-0.0928,-0.046193902,-0.002783138,0.05,0.10961,-0.0207,-0.00050368,0.000252277,-0.01,0.1309,0.1065,-0.005371556
-0.0596,-0.0315,0.0087,0.0005047,0.03,0.20529,-0.0649,-0.072030291,0.002278437,0.02,0.08923,-0.0928,-0.046193902,-0.002783138,0.05,0.10961,-0.0207,-0.00050368
-0.0704,-0.0596,-0.0315,0.002263921,0.01,0.14677,-0.0349,0.037735252,0.0005047,0.03,0.20529,-0.0649,-0.072030291,0.002278437,0.02,0.08923,-0.0928,-0.046193902
-0.0735,-0.0704,-0.0596,0.002751083,0.02,0.15591,-0.0108,-0.007894416,0.002263921,0.01,0.14677,-0.0349,0.037735252,0.0005047,0.03,0.20529,-0.0649,-0.072030291
-0.093,-0.0735,-0.0704,0.00049833,0.06,-0.00996,0.059,-0.021905435,0.002751083,0.02,0.15591,-0.0108,-0.007894416,0.002263921,0.01,0.14677,-0.0349,0.037735252
-0.1205,-0.093,-0.0735,-0.002747918,0.04,0.00418,0.032,-0.054937806,0.00049833,0.06,-0.00996,0.059,-0.021905435,0.002751083,0.02,0.15591,-0.0108,-0.007894416
-0.1215,-0.1205,-0.093,0.001750686,0,0.25778,-0.1775,-0.042975371,-0.002747918,0.04,0.00418,0.032,-0.054937806,0.00049833,0.06,-0.00996,0.059,-0.021905435
-0.1057,-0.1215,-0.1205,0.001494991,-0.01,0.26712,0.0585,-0.191741335,0.001750686,0,0.25778,-0.1775,-0.042975371,-0.002747918,0.04,0.00418,0.032,-0.054937806
-0.07308,-0.1057,-0.1215,-0.000746852,-0.05,0.30125,-0.1124,0.06419456,0.001494991,-0.01,0.26712,0.0585,-0.191741335,0.001750686,0,0.25778,-0.1775,-0.042975371
-0.01485,-0.07308,-0.1057,-0.001747666,-0.03,0.43146,0.0384,0.0841846,-0.000746852,-0.05,0.30125,-0.1124,0.06419456,0.001494991,-0.01,0.26712,0.0585,-0.191741335
0.03654,-0.01485,-0.07308,-0.000500628,-0.01,-0.05385,-0.073,0.010762699,-0.001747666,-0.03,0.43146,0.0384,0.0841846,-0.000746852,-0.05,0.30125,-0.1124,0.06419456
0.08539,0.03654,-0.01485,-0.00025053,0.06,0.00383,0.1081,-0.031096865,-0.000500628,-0.01,-0.05385,-0.073,0.010762699,-0.001747666,-0.03,0.43146,0.0384,0.0841846
0.1167,0.08539,0.03654,0.001251209,0.05,-0.00591,0.0974,-0.046507206,-0.00025053,0.06,0.00383,0.1081,-0.031096865,-0.000500628,-0.01,-0.05385,-0.073,0.010762699
0.1293,0.1167,0.08539,0.001745659,0.03,-0.07787,0.0056,0.036292574,0.001251209,0.05,-0.00591,0.0974,-0.046507206,-0.00025053,0.06,0.00383,0.1081,-0.031096865
0.1,0.1293,0.1167,0.00297633,0.04,-0.04264,0.1347,-0.013200431,0.001745659,0.03,-0.07787,0.0056,0.036292574,0.001251209,0.05,-0.00591,0.0974,-0.046507206
0.0168,0.1,0.1293,0.001234143,0.06,0.01949,-0.1105,-0.045513046,0.00297633,0.04,-0.04264,0.1347,-0.013200431,0.001745659,0.03,-0.07787,0.0056,0.036292574
-0.0578,0.0168,0.1,0,0.06,-0.02388,0.0384,-0.091525701,0.001234143,0.06,0.01949,-0.1105,-0.045513046,0.00297633,0.04,-0.04264,0.1347,-0.013200431
-0.0922,-0.0578,0.0168,-0.000740065,0.02,0.11704,0.0518,-0.115498786,0,0.06,-0.02388,0.0384,-0.091525701,0.001234143,0.06,0.01949,-0.1105,-0.045513046
-0.1165,-0.0922,-0.0578,0.001232741,0.02,0.074,0.0526,-0.020136276,-0.000740065,0.02,0.11704,0.0518,-0.115498786,0,0.06,-0.02388,0.0384,-0.091525701
-0.1491,-0.1165,-0.0922,0.002944381,0.04,-0.00218,-0.0816,-0.155319149,0.001232741,0.02,0.074,0.0526,-0.020136276,-0.000740065,0.02,0.11704,0.0518,-0.115498786
-0.19864,-0.1491,-0.1165,0.000732987,0.01,0.02471,0.0482,0.074030841,0.002944381,0.04,-0.00218,-0.0816,-0.155319149,0.001232741,0.02,0.074,0.0526,-0.020136276
-0.25363,-0.19864,-0.1491,0.000731752,0.02,-0.00741,-0.0414,0.037295504,0.000732987,0.01,0.02471,0.0482,0.074030841,0.002944381,0.04,-0.00218,-0.0816,-0.155319149
-0.2934,-0.25363,-0.19864,0.000730521,-0.04,-0.04635,-0.0327,-0.078857395,0.000731752,0.02,-0.00741,-0.0414,0.037295504,0.000732987,0.01,0.02471,0.0482,0.074030841
-0.2815,-0.2934,-0.25363,-0.00024337,-0.03,0.03514,-0.0129,-0.106142241,0.000730521,-0.04,-0.04635,-0.0327,-0.078857395,0.000731752,0.02,-0.00741,-0.0414,0.037295504
-0.19147,-0.2815,-0.2934,0.00218544,-0.09,0.22838,-0.0723,-0.092827004,-0.00024337,-0.03,0.03514,-0.0129,-0.106142241,0.000730521,-0.04,-0.04635,-0.0327,-0.078857395
-0.06666,-0.19147,-0.2815,0.001450874,-0.1,0.09922,-0.0438,-0.03802141,0.00218544,-0.09,0.22838,-0.0723,-0.092827004,-0.00024337,-0.03,0.03514,-0.0129,-0.106142241
0.04954,-0.06666,-0.19147,0.00312703,-0.05,0.00905,-0.0356,0.131542594,0.001450874,-0.1,0.09922,-0.0438,-0.03802141,0.00218544,-0.09,0.22838,-0.0723,-0.092827004
0.1183,0.04954,-0.06666,0.000718436,-0.03,0.01346,0.0596,0.06266956,0.00312703,-0.05,0.00905,-0.0356,0.131542594,0.001450874,-0.1,0.09922,-0.0438,-0.03802141
0.15586,0.1183,0.04954,-0.000478825,-0.02,-0.00714,-0.0122,0.023168241,0.000718436,-0.03,0.01346,0.0596,0.06266956,0.00312703,-0.05,0.00905,-0.0356,0.131542594
0.16217,0.15586,0.1183,0,-0.01,0.14944,0.0418,0.071673632,-0.000478825,-0.02,-0.00714,-0.0122,0.023168241,0.000718436,-0.03,0.01346,0.0596,0.06266956
0.16009,0.16217,0.15586,0.00071804,-0.03,-0.03227,-0.0073,0.027357392,0,-0.01,0.14944,0.0418,0.071673632,-0.000478825,-0.02,-0.00714,-0.0122,0.023168241
0.16162,0.16009,0.16217,0.002147025,-0.03,-0.17421,0.0082,-0.041246459,0.00071804,-0.03,-0.03227,-0.0073,0.027357392,0,-0.01,0.14944,0.0418,0.071673632
0.16065,0.16162,0.16009,0.000237904,-0.03,-0.10668,0.0287,0.071327266,0.002147025,-0.03,-0.17421,0.0082,-0.041246459,0.00071804,-0.03,-0.03227,-0.0073,0.027357392
0.16094,0.16065,0.16162,0.000237774,-0.06,-0.17705,0.0388,-0.015003585,0.000237904,-0.03,-0.10668,0.0287,0.071327266,0.002147025,-0.03,-0.17421,0.0082,-0.041246459
0.15623,0.16094,0.16065,0.001897521,-0.05,-0.03821,0.0677,0.020720166,0.000237774,-0.06,-0.17705,0.0388,-0.015003585,0.000237904,-0.03,-0.10668,0.0287,0.071327266
0.1191,0.15623,0.16094,-0.000947724,0,-0.03667,0.116,0.031546607,0.001897521,-0.05,-0.03821,0.0677,0.020720166,0.000237774,-0.06,-0.17705,0.0388,-0.015003585
0.0641,0.1191,0.15623,0.001657163,-0.02,-0.11123,-0.1121,0.050101053,-0.000947724,0,-0.03667,0.116,0.031546607,0.001897521,-0.05,-0.03821,0.0677,0.020720166
0.0076,0.0641,0.1191,0.00188619,-0.03,-0.13019,0.0066,-0.044367909,0.001657163,-0.02,-0.11123,-0.1121,0.050101053,-0.000947724,0,-0.03667,0.116,0.031546607
-0.0379,0.0076,0.0641,0.002580207,-0.02,-0.09799,-0.0158,-0.000106,0.00188619,-0.03,-0.13019,0.0066,-0.044367909,0.001657163,-0.02,-0.11123,-0.1121,0.050101053
-0.0581,-0.0379,0.0076,0.001866932,-0.02,-0.134,0.0899,-0.016325665,0.002580207,-0.02,-0.09799,-0.0158,-0.000106,0.00188619,-0.03,-0.13019,0.0066,-0.044367909
-0.0542,-0.0581,-0.0379,0.000698036,-0.04,-0.26102,-0.0528,0.03211553,0.001866932,-0.02,-0.134,0.0899,-0.016325665,0.002580207,-0.02,-0.09799,-0.0158,-0.000106
-0.0294,-0.0542,-0.0581,0,-0.03,-0.06728,-0.0683,-0.044533779,0.000698036,-0.04,-0.26102,-0.0528,0.03211553,0.001866932,-0.02,-0.134,0.0899,-0.016325665
0.016,-0.0294,-0.0542,0.001392715,-0.05,-0.10582,0.113,-0.009398394,0,-0.03,-0.06728,-0.0683,-0.044533779,0.000698036,-0.04,-0.26102,-0.0528,0.03211553
0.0612,0.016,-0.0294,0.001619209,-0.07,0.01594,-0.0622,-0.00231673,0.001392715,-0.05,-0.10582,0.113,-0.009398394,0,-0.03,-0.06728,-0.0683,-0.044533779
0.092,0.0612,0.016,0.001152893,-0.06,0.04619,0.0594,0.030795599,0.001619209,-0.07,0.01594,-0.0622,-0.00231673,0.001392715,-0.05,-0.10582,0.113,-0.009398394
0.0883,0.092,0.0612,0.000920116,-0.04,0.01712,-0.0711,0.033415576,0.001152893,-0.06,0.04619,0.0594,0.030795599,0.001619209,-0.07,0.01594,-0.0622,-0.00231673
0.0588,0.0883,0.092,0.002063161,-0.03,0.01256,-0.112,0.025328282,0.000920116,-0.04,0.01712,-0.0711,0.033415576,0.001152893,-0.06,0.04619,0.0594,0.030795599
0.0223,0.0588,0.0883,-0.002293007,0.01,-0.00213,0.1154,0.019944318,0.002063161,-0.03,0.01256,-0.112,0.025328282,0.000920116,-0.04,0.01712,-0.0711,0.033415576
-0.0155,0.0223,0.0588,0.001606375,0,-0.01753,0.0478,0.022532136,-0.002293007,0.01,-0.00213,0.1154,0.019944318,0.002063161,-0.03,0.01256,-0.112,0.025328282
-0.0428,-0.0155,0.0223,0.002056647,0.01,-0.09667,-0.103,-0.008057079,0.001606375,0,-0.01753,0.0478,0.022532136,-0.002293007,0.01,-0.00213,0.1154,0.019944318
-0.0615,-0.0428,-0.0155,0.002500525,0,0.044,-0.0262,-0.031413613,0.002056647,0.01,-0.09667,-0.103,-0.008057079,0.001606375,0,-0.01753,0.0478,0.022532136
-0.0669,-0.0615,-0.0428,0.000905724,-0.01,0.04961,-0.0698,0.028593079,0.002500525,0,0.044,-0.0262,-0.031413613,0.002056647,0.01,-0.09667,-0.103,-0.008057079
-0.0477,-0.0669,-0.0615,0.000452155,-0.03,0.05231,-0.0234,0.02720888,0.000905724,-0.01,0.04961,-0.0698,0.028593079,0.002500525,0,0.044,-0.0262,-0.031413613
-0.0198,-0.0477,-0.0669,0,-0.01,0.1835,0.1317,0.030982548,0.000452155,-0.03,0.05231,-0.0234,0.02720888,0.000905724,-0.01,0.04961,-0.0698,0.028593079
0.0002,-0.0198,-0.0477,0.000902899,-0.04,0.06329,-0.0468,0.007049112,0,-0.01,0.1835,0.1317,0.030982548,0.000452155,-0.03,0.05231,-0.0234,0.02720888
0.0216,0.0002,-0.0198,0.001125991,-0.05,-0.00221,0.0375,0.018696753,0.000902899,-0.04,0.06329,-0.0468,0.007049112,0,-0.01,0.1835,0.1317,0.030982548
0.0536,0.0216,0.0002,0.00044958,-0.08,0.00985,0.0002,-0.019483748,0.001125991,-0.05,-0.00221,0.0375,0.018696753,0.000902899,-0.04,0.06329,-0.0468,0.007049112
0.1017,0.0536,0.0216,0.000673499,-0.08,-0.03146,-0.0411,0.050806823,0.00044958,-0.08,0.00985,0.0002,-0.019483748,0.001125991,-0.05,-0.00221,0.0375,0.018696753
0.1353,0.1017,0.0536,0.001120182,-0.09,-0.01885,-0.0017,0.048438048,0.000673499,-0.08,-0.03146,-0.0411,0.050806823,0.00044958,-0.08,0.00985,0.0002,-0.019483748
0.1364,0.1353,0.1017,-0.001569066,-0.03,0.03364,0.0048,0.029712086,0.001120182,-0.09,-0.01885,-0.0017,0.048438048,0.000673499,-0.08,-0.03146,-0.0411,0.050806823
0.1541,0.1364,0.1353,0.001792756,-0.04,0.02169,0.0478,0.016906446,-0.001569066,-0.03,0.03364,0.0048,0.029712086,0.001120182,-0.09,-0.01885,-0.0017,0.048438048
0.1518,0.1541,0.1364,0.001785386,-0.07,-0.00542,0.0272,0.036168172,0.001792756,-0.04,0.02169,0.0478,0.016906446,-0.001569066,-0.03,0.03364,0.0048,0.029712086
0.1435,0.1518,0.1541,0.003327943,-0.04,-0.04219,0.0035,-0.006672581,0.001785386,-0.07,-0.00542,0.0272,0.036168172,0.001792756,-0.04,0.02169,0.0478,0.016906446
0.1248,0.1435,0.1518,0.002644115,-0.05,-0.0719,-0.0295,-0.035062515,0.003327943,-0.04,-0.04219,0.0035,-0.006672581,0.001785386,-0.07,-0.00542,0.0272,0.036168172
0.1126,0.1248,0.1435,0.001753842,-0.04,-0.03348,0.0558,0.023942698,0.002644115,-0.05,-0.0719,-0.0295,-0.035062515,0.003327943,-0.04,-0.04219,0.0035,-0.006672581
0.1229,0.1126,0.1248,0,-0.04,0.00176,0.0218,0.001257565,0.001753842,-0.04,-0.03348,0.0558,0.023942698,0.002644115,-0.05,-0.0719,-0.0295,-0.035062515
0.1634,0.1229,0.1126,0.001528823,-0.08,-0.21103,-0.0464,0.01738755,0,-0.04,0.00176,0.0218,0.001257565,0.001753842,-0.04,-0.03348,0.0558,0.023942698
0.232,0.1634,0.1229,0.001957755,-0.07,-0.08076,0.0372,0.018980749,0.001528823,-0.08,-0.21103,-0.0464,0.01738755,0,-0.04,0.00176,0.0218,0.001257565
0.2644,0.232,0.1634,0.000650629,-0.05,-0.10675,-0.0091,0.03918525,0.001957755,-0.07,-0.08076,0.0372,0.018980749,0.001528823,-0.08,-0.21103,-0.0464,0.01738755
0.2681,0.2644,0.232,0.001514353,-0.07,-0.09368,-0.0211,0.013662198,0.000650629,-0.05,-0.10675,-0.0091,0.03918525,0.001957755,-0.07,-0.08076,0.0372,0.018980749
0.259,0.2681,0.2644,0.003441678,-0.08,-0.06623,0.0584,0.026776408,0.001514353,-0.07,-0.09368,-0.0211,0.013662198,0.000650629,-0.05,-0.10675,-0.0091,0.03918525
0.2353,0.259,0.2681,-0.002363221,-0.07,-0.19456,-0.0356,-0.00108513,0.003441678,-0.08,-0.06623,0.0584,0.026776408,0.001514353,-0.07,-0.09368,-0.0211,0.013662198
0.2157,0.2353,0.259,0.003219396,-0.08,-0.07947,0.118,-0.008199881,-0.002363221,-0.07,-0.19456,-0.0356,-0.00108513,0.003441678,-0.08,-0.06623,0.0584,0.026776408
0.1774,0.2157,0.2353,0.002770968,-0.08,0.01624,-0.0726,0.035367276,0.003219396,-0.08,-0.07947,0.118,-0.008199881,-0.002363221,-0.07,-0.19456,-0.0356,-0.00108513
0.122,0.1774,0.2157,0.002119548,-0.06,-0.09953,-0.017,0.034193284,0.002770968,-0.08,0.01624,-0.0726,0.035367276,0.003219396,-0.08,-0.07947,0.118,-0.008199881
0.0451,0.122,0.1774,0.001688222,-0.02,-0.11843,-0.0093,0.019930047,0.002119548,-0.06,-0.09953,-0.017,0.034193284,0.002770968,-0.08,0.01624,-0.0726,0.035367276
-0.0515,0.0451,0.122,0.002310641,-0.03,-0.11276,0.0852,-0.027660951,0.001688222,-0.02,-0.11843,-0.0093,0.019930047,0.002119548,-0.06,-0.09953,-0.017,0.034193284
-0.1398,-0.0515,0.0451,-0.00252131,-0.06,-0.14378,-0.128,-0.038196639,0.002310641,-0.03,-0.11276,0.0852,-0.027660951,0.001688222,-0.02,-0.11843,-0.0093,0.019930047
-0.1872,-0.1398,-0.0515,0.00252131,-0.04,-0.3955,0.0138,0.009962985,-0.00252131,-0.06,-0.14378,-0.128,-0.038196639,0.002310641,-0.03,-0.11276,0.0852,-0.027660951
-0.2013,-0.1872,-0.1398,0.001464033,-0.07,-0.22748,0.0469,-0.01853057,0.00252131,-0.04,-0.3955,0.0138,0.009962985,-0.00252131,-0.06,-0.14378,-0.128,-0.038196639
-0.2309,-0.2013,-0.1872,0.001875105,-0.08,0.3768,-0.0283,0.039889719,0.001464033,-0.07,-0.22748,0.0469,-0.01853057,0.00252131,-0.04,-0.3955,0.0138,0.009962985
-0.2853,-0.2309,-0.2013,0.00165999,-0.1,-0.13844,0.0087,-0.080276538,0.001875105,-0.08,0.3768,-0.0283,0.039889719,0.001464033,-0.07,-0.22748,0.0469,-0.01853057
-0.3337,-0.2853,-0.2309,0.002478149,-0.14,0.04915,-0.0614,0.000401387,0.00165999,-0.1,-0.13844,0.0087,-0.080276538,0.001875105,-0.08,0.3768,-0.0283,0.039889719
-0.3941,-0.3337,-0.2853,-0.002271096,-0.13,0.69978,0.0139,-0.066202218,0.002478149,-0.14,0.04915,-0.0614,0.000401387,0.00165999,-0.1,-0.13844,0.0087,-0.080276538
-0.4656,-0.3941,-0.3337,0.003299499,-0.17,0.01763,-0.0216,-0.026522401,-0.002271096,-0.13,0.69978,0.0139,-0.066202218,0.002478149,-0.14,0.04915,-0.0614,0.000401387
-0.5506,-0.4656,-0.3941,0.001435686,-0.19,-0.25727,0.0675,-0.023031859,0.003299499,-0.17,0.01763,-0.0216,-0.026522401,-0.002271096,-0.13,0.69978,0.0139,-0.066202218
-0.66775,-0.5506,-0.4656,0.003873105,-0.24,-0.01952,-0.1675,0.03363726,0.001435686,-0.19,-0.25727,0.0675,-0.023031859,0.003299499,-0.17,0.01763,-0.0216,-0.026522401
-0.79308,-0.66775,-0.5506,0.002226637,-0.29,0.09242,-0.0092,-0.009417094,0.003873105,-0.24,-0.01952,-0.1675,0.03363726,0.001435686,-0.19,-0.25727,0.0675,-0.023031859
-0.8949,-0.79308,-0.66775,0.003418867,-0.34,-0.10305,0.0348,-0.115964701,0.002226637,-0.29,0.09242,-0.0092,-0.009417094,0.003873105,-0.24,-0.01952,-0.1675,0.03363726
-0.93337,-0.8949,-0.79308,-0.000601377,-0.39,0.09724,-0.068,-0.018739507,0.003418867,-0.34,-0.10305,0.0348,-0.115964701,0.002226637,-0.29,0.09242,-0.0092,-0.009417094
-0.89293,-0.93337,-0.8949,0.00140192,-0.36,0.06601,-0.0761,0.061592528,-0.000601377,-0.39,0.09724,-0.068,-0.018739507,0.003418867,-0.34,-0.10305,0.0348,-0.115964701
-0.8208,-0.89293,-0.93337,0.002392813,-0.32,-0.14441,-0.0232,-0.148270755,0.00140192,-0.36,0.06601,-0.0761,0.061592528,-0.000601377,-0.39,0.09724,-0.068,-0.018739507
-0.70812,-0.8208,-0.89293,-0.001394205,-0.36,-0.22244,-0.1076,-0.168149739,0.002392813,-0.32,-0.14441,-0.0232,-0.148270755,0.00140192,-0.36,0.06601,-0.0761,0.061592528
-0.52798,-0.70812,-0.8208,-0.003404678,-0.35,1.6862,-0.0915,-0.022931268,-0.001394205,-0.36,-0.22244,-0.1076,-0.168149739,0.002392813,-0.32,-0.14441,-0.0232,-0.148270755
-0.30533,-0.52798,-0.70812,-0.00627809,-0.33,1.27437,-0.0011,0.028880639,-0.003404678,-0.35,1.6862,-0.0915,-0.022931268,-0.001394205,-0.36,-0.22244,-0.1076,-0.168149739
-0.08457,-0.30533,-0.52798,-0.005749609,-0.37,0.82971,-0.0566,-0.138820939,-0.00627809,-0.33,1.27437,-0.0011,0.028880639,-0.003404678,-0.35,1.6862,-0.0915,-0.022931268
0.1755,-0.08457,-0.30533,0.002678931,-0.35,0.25238,-0.0512,-0.068456185,-0.005749609,-0.37,0.82971,-0.0566,-0.138820939,-0.00627809,-0.33,1.27437,-0.0011,0.028880639
0.44332,0.1755,-0.08457,-0.000205486,-0.3,0.25899,-0.0423,0.019438939,0.002678931,-0.35,0.25238,-0.0512,-0.068456185,-0.005749609,-0.37,0.82971,-0.0566,-0.138820939
0.69678,0.44332,0.1755,0.000410875,-0.27,0.29726,0.1719,0.165258356,-0.000205486,-0.3,0.25899,-0.0423,0.019438939,0.002678931,-0.35,0.25238,-0.0512,-0.068456185
0.88401,0.69678,0.44332,0.002661252,-0.27,0.17618,0.141,-0.004492075,0.000410875,-0.27,0.29726,0.1719,0.165258356,-0.000205486,-0.3,0.25899,-0.0423,0.019438939
1.00955,0.88401,0.69678,0.001222791,-0.25,0.11678,0.0145,-0.010120544,0.002661252,-0.27,0.17618,0.141,-0.004492075,0.000410875,-0.27,0.29726,0.1719,0.165258356
1.06413,1.00955,0.88401,0,-0.25,0.24004,0.0519,0.096704871,0.001222791,-0.25,0.11678,0.0145,-0.010120544,0.002661252,-0.27,0.17618,0.141,-0.004492075
1.02735,1.06413,1.00955,0.002030366,-0.25,0.22744,0.074,0.086693189,0,-0.25,0.24004,0.0519,0.096704871,0.001222791,-0.25,0.11678,0.0145,-0.010120544
0.91369,1.02735,1.06413,0.001819249,-0.16,0.16809,0.0367,0.049013715,0.002030366,-0.25,0.22744,0.074,0.086693189,0,-0.25,0.24004,0.0519,0.096704871
0.7301,0.91369,1.02735,0.001409721,-0.13,0.03473,0.103,-0.053443067,0.001819249,-0.16,0.16809,0.0367,0.049013715,0.002030366,-0.25,0.22744,0.074,0.086693189
0.5064,0.7301,0.91369,0.001204701,-0.17,-0.03849,0.0183,0.022562184,0.001409721,-0.13,0.03473,0.103,-0.053443067,0.001819249,-0.16,0.16809,0.0367,0.049013715
0.3054,0.5064,0.7301,0.002798041,-0.19,0.00395,-0.1111,0.024593693,0.001204701,-0.17,-0.03849,0.0183,0.022562184,0.001409721,-0.13,0.03473,0.103,-0.053443067
0.1433,0.3054,0.5064,-0.000199263,-0.17,-0.00724,0.063,-0.01255318,0.002798041,-0.19,0.00395,-0.1111,0.024593693,0.001204701,-0.17,-0.03849,0.0183,0.022562184
0.0261,0.1433,0.3054,0.00258332,-0.14,-0.02045,-0.011,0.014893617,-0.000199263,-0.17,-0.00724,0.063,-0.01255318,0.002798041,-0.19,0.00395,-0.1111,0.024593693
-0.0612,0.0261,0.1433,0.002961783,-0.15,-0.01239,-0.0221,0.070597484,0.00258332,-0.14,-0.02045,-0.011,0.014893617,-0.000199263,-0.17,-0.00724,0.063,-0.01255318
-0.1349,-0.0612,0.0261,0.004112853,-0.16,-0.01043,0.1015,-0.005874578,0.002961783,-0.15,-0.01239,-0.0221,0.070597484,0.00258332,-0.14,-0.02045,-0.011,0.014893617
-0.1939,-0.1349,-0.0612,0.001556613,-0.18,-0.04121,0.0215,-0.070763776,0.004112853,-0.16,-0.01043,0.1015,-0.005874578,0.002961783,-0.15,-0.01239,-0.0221,0.070597484
-0.212,-0.1939,-0.1349,0.000970057,-0.19,-0.03126,-0.0057,-0.058929518,0.001556613,-0.18,-0.04121,0.0215,-0.070763776,0.004112853,-0.16,-0.01043,0.1015,-0.005874578
-0.1986,-0.212,-0.1939,-0.000970057,-0.22,-0.00764,-0.0684,0.066336299,0.000970057,-0.19,-0.03126,-0.0057,-0.058929518,0.001556613,-0.18,-0.04121,0.0215,-0.070763776
-0.1446,-0.1986,-0.212,0.001744546,-0.18,0.00307,0.0243,-0.014997888,-0.000970057,-0.22,-0.00764,-0.0684,0.066336299,0.000970057,-0.19,-0.03126,-0.0057,-0.058929518
-0.0858,-0.1446,-0.1986,0.001544846,-0.2,0.00437,0.0267,0.087819001,0.001744546,-0.18,0.00307,0.0243,-0.014997888,-0.000970057,-0.22,-0.00764,-0.0684,0.066336299
-0.0386,-0.0858,-0.1446,0.000962746,-0.19,-0.00981,0.1036,0.032134056,0.001544846,-0.2,0.00437,0.0267,0.087819001,0.001744546,-0.18,0.00307,0.0243,-0.014997888
-0.0047,-0.0386,-0.0858,0.001919113,-0.21,-0.00061,-0.1221,-0.028984815,0.000962746,-0.19,-0.00981,0.1036,0.032134056,0.001544846,-0.2,0.00437,0.0267,0.087819001
0.0106,-0.0047,-0.0386,0.003053049,-0.21,-0.01061,0.0889,0.067125645,0.001919113,-0.21,-0.00061,-0.1221,-0.028984815,0.000962746,-0.19,-0.00981,0.1036,0.032134056
0.0029,0.0106,-0.0047,0.001139383,-0.29,-0.01904,-0.0076,0.003456221,0.003053049,-0.21,-0.01061,0.0889,0.067125645,0.001919113,-0.21,-0.00061,-0.1221,-0.028984815
-0.0201,0.0029,0.0106,0.00434015,-0.28,-0.03096,0.0193,0.046613088,0.001139383,-0.29,-0.01904,-0.0076,0.003456221,0.003053049,-0.21,-0.01061,0.0889,0.067125645
-0.0748,-0.0201,0.0029,0.002247324,-0.28,-0.00951,0.0379,-0.054585344,0.00434015,-0.28,-0.03096,0.0193,0.046613088,0.001139383,-0.29,-0.01904,-0.0076,0.003456221
-0.1399,-0.0748,-0.0201,0.00353465,-0.31,-0.01183,-0.0386,0.037222686,0.002247324,-0.28,-0.00951,0.0379,-0.054585344,0.00434015,-0.28,-0.03096,0.0193,0.046613088
-0.2143,-0.1399,-0.0748,0.00147971,-0.21,-0.00248,-0.0281,-0.005101128,0.00353465,-0.31,-0.01183,-0.0386,0.037222686,0.002247324,-0.28,-0.00951,0.0379,-0.054585344
-0.30987,-0.2143,-0.1399,0,-0.25,-0.00168,-0.056,-0.011783755,0.00147971,-0.21,-0.00248,-0.0281,-0.005101128,0.00353465,-0.31,-0.01183,-0.0386,0.037222686
-0.37696,-0.30987,-0.2143,-0.000924228,-0.3,-0.00378,-0.0486,-0.036273439,0,-0.25,-0.00168,-0.056,-0.011783755,0.00147971,-0.21,-0.00248,-0.0281,-0.005101128
-0.39518,-0.37696,-0.30987,0.002582897,-0.31,-0.02892,0.0545,-0.109988194,-0.000924228,-0.3,-0.00378,-0.0486,-0.036273439,0,-0.25,-0.00168,-0.056,-0.011783755
-0.3684,-0.39518,-0.37696,0.003298455,-0.3,-0.06028,-0.0334,-0.047861615,0.002582897,-0.31,-0.02892,0.0545,-0.109988194,-0.000924228,-0.3,-0.00378,-0.0486,-0.036273439
-0.3075,-0.3684,-0.39518,0.000182515,-0.32,-0.05181,-0.1556,0.053444048,0.003298455,-0.3,-0.06028,-0.0334,-0.047861615,0.002582897,-0.31,-0.02892,0.0545,-0.109988194
-0.22201,-0.3075,-0.3684,0.000911426,-0.31,-0.04191,0.0475,-0.02459927,0.000182515,-0.32,-0.05181,-0.1556,0.053444048,0.003298455,-0.3,-0.06028,-0.0334,-0.047861615
-0.12798,-0.22201,-0.3075,0.001635763,-0.33,-0.04966,-0.0012,-0.005477818,0.000911426,-0.31,-0.04191,0.0475,-0.02459927,0.000182515,-0.32,-0.05181,-0.1556,0.053444048
-0.04138,-0.12798,-0.22201,-0.002547189,-0.29,-0.02561,0.1821,0.041773463,0.001635763,-0.33,-0.04966,-0.0012,-0.005477818,0.000911426,-0.31,-0.04191,0.0475,-0.02459927
0.01123,-0.04138,-0.12798,0.003453291,-0.29,0.0146,-0.0405,0.053604146,-0.002547189,-0.29,-0.02561,0.1821,0.041773463,0.001635763,-0.33,-0.04966,-0.0012,-0.005477818
0.03212,0.01123,-0.04138,0.001626235,-0.31,0.03492,0.0881,0.015153774,0.003453291,-0.29,0.0146,-0.0405,0.053604146,-0.002547189,-0.29,-0.02561,0.1821,0.041773463
0.04332,0.03212,0.01123,0.00305526,-0.31,0.01965,0.0111,-0.027603759,0.001626235,-0.31,0.03492,0.0881,0.015153774,0.003453291,-0.29,0.0146,-0.0405,0.053604146
0.06726,0.04332,0.03212,-0.000179127,-0.29,0.01292,-0.2777,-0.067898128,0.00305526,-0.31,0.01965,0.0111,-0.027603759,0.001626235,-0.31,0.03492,0.0881,0.015153774
0.1201,0.06726,0.04332,-0.001076319,-0.29,0.05522,0.1136,0.040876937,-0.000179127,-0.29,0.01292,-0.2777,-0.067898128,0.00305526,-0.31,0.01965,0.0111,-0.027603759
0.18024,0.1201,0.06726,0.000538493,-0.29,0.13243,0.061,0.02469392,-0.001076319,-0.29,0.05522,0.1136,0.040876937,-0.000179127,-0.29,0.01292,-0.2777,-0.067898128
0.21271,0.18024,0.1201,0.001611484,-0.29,0.11254,-0.1251,0.017213447,0.000538493,-0.29,0.13243,0.061,0.02469392,-0.001076319,-0.29,0.05522,0.1136,0.040876937
0.22276,0.21271,0.18024,0.002139386,-0.28,0.05678,0.0765,0.019560024,0.001611484,-0.29,0.11254,-0.1251,0.017213447,0.000538493,-0.29,0.13243,0.061,0.02469392
0.21099,0.22276,0.21271,0.002482703,-0.3,0.10406,0.0951,0.004442275,0.002139386,-0.28,0.05678,0.0765,0.019560024,0.001611484,-0.29,0.11254,-0.1251,0.017213447
0.18716,0.21099,0.22276,0,-0.22,0.01945,-0.1932,0.042622473,0.002482703,-0.3,0.10406,0.0951,0.004442275,0.002139386,-0.28,0.05678,0.0765,0.019560024
0.17423,0.18716,0.21099,0.002116793,-0.29,0.00604,0.089,0.01440358,0,-0.22,0.01945,-0.1932,0.042622473,0.002482703,-0.3,0.10406,0.0951,0.004442275
0.19586,0.17423,0.18716,-0.001763277,-0.26,0.0062,0.032,0.067089422,0.002116793,-0.29,0.00604,0.089,0.01440358,0,-0.22,0.01945,-0.1932,0.042622473
0.2229,0.19586,0.17423,0.003168762,-0.26,0.0024,-0.0704,0.042890363,-0.001763277,-0.26,0.0062,0.032,0.067089422,0.002116793,-0.29,0.00604,0.089,0.01440358
0.2544,0.2229,0.19586,0.001925145,-0.26,0.003,0.1685,0.013502354,0.003168762,-0.26,0.0024,-0.0704,0.042890363,-0.001763277,-0.26,0.0062,0.032,0.067089422
0.2742,0.2544,0.2229,0.001394765,-0.27,0.00131,0.0209,0.016052149,0.001925145,-0.26,0.003,0.1685,0.013502354,0.003168762,-0.26,0.0024,-0.0704,0.042890363
0.2768,0.2742,0.2544,0.000869459,-0.22,-0.00006,-0.0578,0.050162396,0.001394765,-0.27,0.00131,0.0209,0.016052149,0.001925145,-0.26,0.003,0.1685,0.013502354
0.2719,0.2768,0.2742,-0.000521466,-0.21,-0.00231,-0.0666,-0.045704467,0.000869459,-0.22,-6.00E-05,-0.0578,0.050162396,0.001394765,-0.27,0.00131,0.0209,0.016052149
0.2676,0.2719,0.2768,0,-0.16,-0.0015,0.0707,0.079382227,-0.000521466,-0.21,-0.00231,-0.0666,-0.045704467,0.000869459,-0.22,-6.00E-05,-0.0578,0.050162396
0.2321,0.2676,0.2719,0.002255179,-0.13,-0.00318,0.085,-0.030136783,0,-0.16,-0.0015,0.0707,0.079382227,-0.000521466,-0.21,-0.00231,-0.0666,-0.045704467
0.1811,0.2321,0.2676,0.001554446,-0.1,-0.00426,0.0867,0.020256841,0.002255179,-0.13,-0.00318,0.085,-0.030136783,0,-0.16,-0.0015,0.0707,0.079382227
0.1261,0.1811,0.2321,0,-0.11,0.00025,-0.1943,0.056679404,0.001554446,-0.1,-0.00426,0.0867,0.020256841,0.002255179,-0.13,-0.00318,0.085,-0.030136783
0.1025,0.1261,0.1811,0.000344678,-0.12,-0.00681,0.166,-0.024639274,0,-0.11,0.00025,-0.1943,0.056679404,0.001554446,-0.1,-0.00426,0.0867,0.020256841
0.0991,0.1025,0.1261,0.002233765,-0.13,-0.0013,-0.0808,0.008796162,0.000344678,-0.12,-0.00681,0.166,-0.024639274,0,-0.11,0.00025,-0.1943,0.056679404
0.0979,0.0991,0.1025,-0.001373264,-0.07,0.00381,0.022,-0.032716005,0.002233765,-0.13,-0.0013,-0.0808,0.008796162,0.000344678,-0.12,-0.00681,0.166,-0.024639274
0.087,0.0979,0.0991,0.0027422,-0.07,-0.0006,0.0097,0.04741861,-0.001373264,-0.07,0.00381,0.022,-0.032716005,0.002233765,-0.13,-0.0013,-0.0808,0.008796162
0.0715,0.087,0.0979,0.001023877,-0.05,-0.00004,-0.0909,-0.042818023,0.0027422,-0.07,-0.0006,0.0097,0.04741861,-0.001373264,-0.07,0.00381,0.022,-0.032716005
0.0279,0.0715,0.087,0.001531304,-0.03,-0.00508,0.1408,0.009920119,0.001023877,-0.05,-4.00E-05,-0.0909,-0.042818023,0.0027422,-0.07,-0.0006,0.0097,0.04741861
-0.0319,0.0279,0.0715,0.000339558,0,-0.00079,-0.0083,0.021264072,0.001531304,-0.03,-0.00508,0.1408,0.009920119,0.001023877,-0.05,-4.00E-05,-0.0909,-0.042818023
-0.0924,-0.0319,0.0279,0.00067832,0.01,-0.0165,0.0131,-0.029502882,0.000339558,0,-0.00079,-0.0083,0.021264072,0.001531304,-0.03,-0.00508,0.1408,0.009920119
-0.1354,-0.0924,-0.0319,-0.000508641,-0.02,-0.01247,-0.0394,-0.016257748,0.00067832,0.01,-0.0165,0.0131,-0.029502882,0.000339558,0,-0.00079,-0.0083,0.021264072
-0.156,-0.1354,-0.0924,0.001693158,0.01,-0.00478,0.0353,0.026525299,-0.000508641,-0.02,-0.01247,-0.0394,-0.016257748,0.00067832,0.01,-0.0165,0.0131,-0.029502882
-0.1674,-0.156,-0.1354,0.001012735,-0.01,-0.00172,-0.0331,-0.028890686,0.001693158,0.01,-0.00478,0.0353,0.026525299,-0.000508641,-0.02,-0.01247,-0.0394,-0.016257748
-0.1588,-0.1674,-0.156,0.00016856,-0.02,0.00455,-0.044,-0.001097653,0.001012735,-0.01,-0.00172,-0.0331,-0.028890686,0.001693158,0.01,-0.00478,0.0353,0.026525299
-0.1425,-0.1588,-0.1674,-0.001012342,-0.02,0.00208,-0.0448,0.051153802,0.00016856,-0.02,0.00455,-0.044,-0.001097653,0.001012735,-0.01,-0.00172,-0.0331,-0.028890686
-0.1071,-0.1425,-0.1588,0.000675157,-0.04,-0.0019,0.0394,-0.008543311,-0.001012342,-0.02,0.00208,-0.0448,0.051153802,0.00016856,-0.02,0.00455,-0.044,-0.001097653
-0.0621,-0.1071,-0.1425,-0.00355634,0.01,-0.00442,-0.0779,0.059554974,0.000675157,-0.04,-0.0019,0.0394,-0.008543311,-0.001012342,-0.02,0.00208,-0.0448,0.051153802
-0.0169,-0.0621,-0.1071,0.002204976,0.01,-0.00103,0.0796,0.026834123,-0.00355634,0.01,-0.00442,-0.0779,0.059554974,0.000675157,-0.04,-0.0019,0.0394,-0.008543311
0.0029,-0.0169,-0.0621,0.000676208,0.04,-0.00073,-0.0302,-0.017076594,0.002204976,0.01,-0.00103,0.0796,0.026834123,-0.00355634,0.01,-0.00442,-0.0779,0.059554974
-0.009,0.0029,-0.0169,0.001517629,0.04,-0.00514,-0.0491,0.010403563,0.000676208,0.04,-0.00073,-0.0302,-0.017076594,0.002204976,0.01,-0.00103,0.0796,0.026834123
-0.0389,-0.009,0.0029,0.000840841,0.01,0.00152,-0.0188,0.028500286,0.001517629,0.04,-0.00514,-0.0491,0.010403563,0.000676208,0.04,-0.00073,-0.0302,-0.017076594
-0.0707,-0.0389,-0.009,0.000671503,0.07,-0.0039,0.0228,-0.061898842,0.000840841,0.01,0.00152,-0.0188,0.028500286,0.001517629,0.04,-0.00514,-0.0491,0.010403563
-0.1194,-0.0707,-0.0389,-0.00050353,0.04,-0.00896,0.0104,0.027620841,0.000671503,0.07,-0.0039,0.0228,-0.061898842,0.000840841,0.01,0.00152,-0.0188,0.028500286
-0.157,-0.1194,-0.0707,0.002010626,0.07,-0.00586,-0.0244,-0.046833639,-0.00050353,0.04,-0.00896,0.0104,0.027620841,0.000671503,0.07,-0.0039,0.0228,-0.061898842
-0.18,-0.157,-0.1194,-0.000334459,0.03,0.00094,-0.0428,-0.028234708,0.002010626,0.07,-0.00586,-0.0244,-0.046833639,-0.00050353,0.04,-0.00896,0.0104,0.027620841
-0.1799,-0.18,-0.157,-0.000167326,0.02,0.0057,0.0062,0.046861833,-0.000334459,0.03,0.00094,-0.0428,-0.028234708,0.002010626,0.07,-0.00586,-0.0244,-0.046833639
-0.1728,-0.1799,-0.18,0.000501785,0.01,0.00635,-0.0956,0.018759625,-0.000167326,0.02,0.0057,0.0062,0.046861833,-0.000334459,0.03,0.00094,-0.0428,-0.028234708
-0.1607,-0.1728,-0.1799,0.001335265,0.02,-0.00906,0.0095,-0.004775319,0.000501785,0.01,0.00635,-0.0956,0.018759625,-0.000167326,0.02,0.0057,0.0062,0.046861833
-0.1575,-0.1607,-0.1728,-0.003010139,0.04,-0.00699,0.1422,-0.024543478,0.001335265,0.02,-0.00906,0.0095,-0.004775319,0.000501785,0.01,0.00635,-0.0956,0.018759625
-0.1309,-0.1575,-0.1607,0.002009076,0,-0.00097,-0.0703,-0.002618727,-0.003010139,0.04,-0.00699,0.1422,-0.024543478,0.001335265,0.02,-0.00906,0.0095,-0.004775319
-0.09093,-0.1309,-0.1575,0.001833524,0,0.00248,0.1204,0.007131706,0.002009076,0,-0.00097,-0.0703,-0.002618727,-0.003010139,0.04,-0.00699,0.1422,-0.024543478
-0.05947,-0.09093,-0.1309,0.000498711,-0.03,-0.00065,-0.0491,-0.006728906,0.001833524,0,0.00248,0.1204,0.007131706,0.002009076,0,-0.00097,-0.0703,-0.002618727
-0.02357,-0.05947,-0.09093,0.001161438,-0.01,-0.00039,0.0208,0.010959779,0.000498711,-0.03,-0.00065,-0.0491,-0.006728906,0.001833524,0,0.00248,0.1204,0.007131706
0.01961,-0.02357,-0.05947,0.001653827,-0.01,0.01461,0.0425,-0.024067642,0.001161438,-0.01,-0.00039,0.0208,0.010959779,0.000498711,-0.03,-0.00065,-0.0491,-0.006728906
0.07707,0.01961,-0.02357,0.000494923,-0.12,0.06108,-0.1498,0.056799799,0.001653827,-0.01,0.01461,0.0425,-0.024067642,0.001161438,-0.01,-0.00039,0.0208,0.010959779
0.15819,0.07707,0.01961,0,-0.07,0.10747,0.036,0.013538796,0.000494923,-0.12,0.06108,-0.1498,0.056799799,0.001653827,-0.01,0.01461,0.0425,-0.024067642
0.2033,0.15819,0.07707,0.002466188,-0.01,0.02706,0.1173,0.00087263,0,-0.07,0.10747,0.036,0.013538796,0.000494923,-0.12,0.06108,-0.1498,0.056799799
0.1818,0.2033,0.15819,-0.000163978,-0.03,-0.01843,-0.0436,0.018175111,0.002466188,-0.01,0.02706,0.1173,0.00087263,0,-0.07,0.10747,0.036,0.013538796
0.142,0.1818,0.2033,0.001146545,-0.08,-0.00023,0.1236,-0.030201232,-0.000163978,-0.03,-0.01843,-0.0436,0.018175111,0.002466188,-0.01,0.02706,0.1173,0.00087263
0.1016,0.142,0.1818,0.002609363,-0.07,0.02547,-0.0303,0.053521701,0.001146545,-0.08,-0.00023,0.1236,-0.030201232,-0.000163978,-0.03,-0.01843,-0.0436,0.018175111
0.0544,0.1016,0.142,-0.002609363,-0.05,0.01016,0.0023,-0.013216427,0.002609363,-0.07,0.02547,-0.0303,0.053521701,0.001146545,-0.08,-0.00023,0.1236,-0.030201232
0.028,0.0544,0.1016,0.004717986,-0.06,0.00536,0.0298,0.044655691,-0.002609363,-0.05,0.01016,0.0023,-0.013216427,0.002609363,-0.07,0.02547,-0.0303,0.053521701
0.0148,0.028,0.0544,0.001453842,-0.06,0.01107,0.0311,0.013446324,0.004717986,-0.06,0.00536,0.0298,0.044655691,-0.002609363,-0.05,0.01016,0.0023,-0.013216427
0.0189,0.0148,0.028,0.002091439,-0.07,0.01054,-0.1892,0.003270696,0.001453842,-0.06,0.01107,0.0311,0.013446324,0.004717986,-0.06,0.00536,0.0298,0.044655691
0.0402,0.0189,0.0148,0.001761846,-0.05,0.02432,0.1104,0.035122251,0.002091439,-0.07,0.01054,-0.1892,0.003270696,0.001453842,-0.06,0.01107,0.0311,0.013446324
0.0263,0.0402,0.0189,0.000958003,-0.1,0.01639,0.0024,-0.048934843,0.001761846,-0.05,0.02432,0.1104,0.035122251,0.002091439,-0.07,0.01054,-0.1892,0.003270696
-0.0029,0.0263,0.0402,0.000955894,-0.12,0.00132,0.0297,-0.003092784,0.000958003,-0.1,0.01639,0.0024,-0.048934843,0.001761846,-0.05,0.02432,0.1104,0.035122251
-0.0379,-0.0029,0.0263,0.002855124,-0.1,0.01191,0.0063,0.007426906,0.000955894,-0.12,0.00132,0.0297,-0.003092784,0.000958003,-0.1,0.01639,0.0024,-0.048934843
-0.0684,-0.0379,-0.0029,0.000631931,-0.09,-0.02792,-0.0123,-0.003483887,0.002855124,-0.1,0.01191,0.0063,0.007426906,0.000955894,-0.12,0.00132,0.0297,-0.003092784
-0.1154,-0.0684,-0.0379,0.000315621,-0.1,-0.07276,-0.0436,0.012111375,0.000631931,-0.09,-0.02792,-0.0123,-0.003483887,0.002855124,-0.1,0.01191,0.0063,0.007426906
-0.1424,-0.1154,-0.0684,0.00078805,-0.12,-0.1367,-0.0471,-0.027479645,0.000315621,-0.1,-0.07276,-0.0436,0.012111375,0.000631931,-0.09,-0.02792,-0.0123,-0.003483887
-0.1413,-0.1424,-0.1154,0.003606727,-0.13,-0.00014,-0.0002,0.04595186,0.00078805,-0.12,-0.1367,-0.0471,-0.027479645,0.000315621,-0.1,-0.07276,-0.0436,0.012111375
-0.1316,-0.1413,-0.1424,-0.003291907,-0.09,-0.00379,0.0627,-0.012036869,0.003606727,-0.13,-0.00014,-0.0002,0.04595186,0.00078805,-0.12,-0.1367,-0.0471,-0.027479645
-0.1144,-0.1316,-0.1413,0.003291907,-0.1,-0.02433,-0.1202,-0.042749731,-0.003291907,-0.09,-0.00379,0.0627,-0.012036869,0.003606727,-0.13,-0.00014,-0.0002,0.04595186
-0.09622,-0.1144,-0.1316,0.000312217,-0.07,-0.08159,-0.0281,-0.01481149,0.003291907,-0.1,-0.02433,-0.1202,-0.042749731,-0.003291907,-0.09,-0.00379,0.0627,-0.012036869
-0.08506,-0.09622,-0.1144,0.00217926,-0.09,-0.12787,0.0904,0.051252847,0.000312217,-0.07,-0.08159,-0.0281,-0.01481149,0.003291907,-0.1,-0.02433,-0.1202,-0.042749731
-0.09813,-0.08506,-0.09622,0.001549946,-0.07,0.11274,0.0501,0.020368364,0.00217926,-0.09,-0.12787,0.0904,0.051252847,0.000312217,-0.07,-0.08159,-0.0281,-0.01481149
-0.16155,-0.09813,-0.08506,0.001235987,-0.09,0.00487,-0.0777,-0.001789886,0.001549946,-0.07,0.11274,0.0501,0.020368364,0.00217926,-0.09,-0.12787,0.0904,0.051252847
-0.24004,-0.16155,-0.09813,0.000308448,-0.1,-0.10751,-0.0209,0.001549964,0.001235987,-0.09,0.00487,-0.0777,-0.001789886,0.001549946,-0.07,0.11274,0.0501,0.020368364
-0.31533,-0.24004,-0.16155,0.003837227,-0.07,-0.059,0.0468,-0.025458959,0.000308448,-0.1,-0.10751,-0.0209,0.001549964,0.001235987,-0.09,0.00487,-0.0777,-0.001789886
-0.37149,-0.31533,-0.24004,-0.00015284,-0.09,0.00426,-0.0019,-0.011769834,0.003837227,-0.07,-0.059,0.0468,-0.025458959,0.000308448,-0.1,-0.10751,-0.0209,0.001549964
-0.36725,-0.37149,-0.31533,0.000611037,-0.1,-0.00525,-0.1737,-0.062511815,-0.00015284,-0.09,0.00426,-0.0019,-0.011769834,0.003837227,-0.07,-0.059,0.0468,-0.025458959
-0.33296,-0.36725,-0.37149,0.000152625,-0.13,-0.06865,0.1222,-0.009881024,0.000611037,-0.1,-0.00525,-0.1737,-0.062511815,-0.00015284,-0.09,0.00426,-0.0019,-0.011769834
-0.26686,-0.33296,-0.36725,0.001523307,-0.14,-0.02961,0.0599,-0.066530889,0.000152625,-0.13,-0.06865,0.1222,-0.009881024,0.000611037,-0.1,-0.00525,-0.1737,-0.062511815
-0.17322,-0.26686,-0.33296,-0.003971768,-0.14,-0.01378,-0.0469,0.057018182,0.001523307,-0.14,-0.02961,0.0599,-0.066530889,0.000152625,-0.13,-0.06865,0.1222,-0.009881024
-0.07404,-0.17322,-0.26686,0.003058424,-0.13,0.04224,-0.1004,0.006536397,-0.003971768,-0.14,-0.01378,-0.0469,0.057018182,0.001523307,-0.14,-0.02961,0.0599,-0.066530889
-0.00862,-0.07404,-0.17322,0.000152357,-0.13,0.03598,-0.0072,0.027753093,0.003058424,-0.13,0.04224,-0.1004,0.006536397,-0.003971768,-0.14,-0.01378,-0.0469,0.057018182
0.02113,-0.00862,-0.07404,0.006201071,-0.13,0.02,-0.0801,0.036082474,0.000152357,-0.13,0.03598,-0.0072,0.027753093,0.003058424,-0.13,0.04224,-0.1004,0.006536397
0.02548,0.02113,-0.00862,0.000600269,-0.1,0.02,0.0401,-0.069491253,0.006201071,-0.13,0.02,-0.0801,0.036082474,0.000152357,-0.13,0.03598,-0.0072,0.027753093
0.00528,0.02548,0.02113,-0.000149989,-0.13,0.02,0.012,0.029665402,0.000600269,-0.1,0.02,0.0401,-0.069491253,0.006201071,-0.13,0.02,-0.0801,0.036082474
-0.0159,0.00528,0.02548,0.003287861,-0.11,0.01,0.0487,0.025494137,-0.000149989,-0.13,0.02,0.012,0.029665402,0.000600269,-0.1,0.02,0.0401,-0.069491253
-0.03033,-0.0159,0.00528,-0.00104344,-0.14,0.01,-0.0827,-0.036163471,0.003287861,-0.11,0.01,0.0487,0.025494137,-0.000149989,-0.13,0.02,0.012,0.029665402
-0.00293,-0.03033,-0.0159,0,-0.12,-0.01,-0.1716,0.046569957,-0.00104344,-0.14,0.01,-0.0827,-0.036163471,0.003287861,-0.11,0.01,0.0487,0.025494137
0.07868,-0.00293,-0.03033,-0.000896377,-0.14,-0.01,0.0759,-0.004501587,0,-0.12,-0.01,-0.1716,0.046569957,-0.00104344,-0.14,0.01,-0.0827,-0.036163471
0.20229,0.07868,-0.00293,0.000896377,-0.14,-0.01,0.1618,0.029929406,-0.000896377,-0.14,-0.01,0.0759,-0.004501587,0,-0.12,-0.01,-0.1716,0.046569957
0.3254,0.20229,0.07868,0.001341106,-0.11,0,-0.0598,0.034113522,0.000896377,-0.14,-0.01,0.1618,0.029929406,-0.000896377,-0.14,-0.01,0.0759,-0.004501587
0.43916,0.3254,0.20229,-0.001938485,-0.09,0.05,0.0635,-0.033476893,0.001341106,-0.11,0,-0.0598,0.034113522,0.000896377,-0.14,-0.01,0.1618,0.029929406
0.54238,0.43916,0.3254,0.002087241,-0.07,-0.01,-0.0008,-0.105742186,-0.001938485,-0.09,0.05,0.0635,-0.033476893,0.001341106,-0.11,0,-0.0598,0.034113522
-3.09236,0.54238,0.43916,0.00089147,-0.34,0.22,-0.2766,-0.240838251,0.002087241,-0.07,-0.01,-0.0008,-0.105742186,-0.001938485,-0.09,0.05,0.0635,-0.033476893
-9.17074,-3.09236,0.54238,0,-0.33,-0.12,-0.4603,0.032213016,0.00089147,-0.34,0.22,-0.2766,-0.240838251,0.002087241,-0.07,-0.01,-0.0008,-0.105742186
2.10071,-9.17074,-3.09236,-0.00059411,-0.36,0.32,0.1701,0.02615676,0,-0.33,-0.12,-0.4603,0.032213016,0.00089147,-0.34,0.22,-0.2766,-0.240838251
5.51221,2.10071,-9.17074,0.000742511,-0.27,0.14,0.2018,0.005405643,-0.00059411,-0.36,0.32,0.1701,0.02615676,0,-0.33,-0.12,-0.4603,0.032213016
4.88815,5.51221,2.10071,0.002219946,-0.27,0.09,0.4683,-0.0759715,0.000742511,-0.27,0.14,0.2018,0.005405643,-0.00059411,-0.36,0.32,0.1701,0.02615676
-0.04321,4.88815,5.51221,-0.001330605,-0.27,0.03,-0.2622,0.050380813,0.002219946,-0.27,0.09,0.4683,-0.0759715,0.000742511,-0.27,0.14,0.2018,0.005405643
-0.46976,-0.04321,4.88815,0.001478199,-0.25,0.01,0.0485,-0.048504774,-0.001330605,-0.27,0.03,-0.2622,0.050380813,0.002219946,-0.27,0.09,0.4683,-0.0759715
-0.43366,-0.46976,-0.04321,0,-0.31,0.01,0.2555,-0.039144223,0.001478199,-0.25,0.01,0.0485,-0.048504774,-0.001330605,-0.27,0.03,-0.2622,0.050380813
-0.15083,-0.43366,-0.46976,-0.001182157,-0.33,0.01,-0.2383,0.184137931,0,-0.31,0.01,0.2555,-0.039144223,0.001478199,-0.25,0.01,0.0485,-0.048504774
0.84907,-0.15083,-0.43366,0.002802385,-0.26,0.01,0.0405,0.049338547,-0.001182157,-0.33,0.01,-0.2383,0.184137931,0,-0.31,0.01,0.2555,-0.039144223
-0.15925,0.84907,-0.15083,-0.001177748,-0.28,0,-0.2262,-0.023549001,0.002802385,-0.26,0.01,0.0405,0.049338547,-0.001182157,-0.33,0.01,-0.2383,0.184137931
0.84165,-0.15925,0.84907,0.002058969,-0.23,-0.02,0.1789,0.030694275,-0.001177748,-0.28,0,-0.2262,-0.023549001,0.002802385,-0.26,0.01,0.0405,0.049338547
1.06695,0.84165,-0.15925,0.001318487,-0.16,-0.03,0.3236,0.057078705,0.002058969,-0.23,-0.02,0.1789,0.030694275,-0.001177748,-0.28,0,-0.2262,-0.023549001