39.6,1387.1,189271,54185,38.6,1381.6,186020,54040,36.3,1366.1,181001,53509
39.2,1379.9,188409,54414,39.6,1387.1,189271,54185,38.6,1381.6,186020,54040
38.9,1378,187454,54287,39.2,1379.9,188409,54414,39.6,1387.1,189271,54185
38.6,1380.7,187916,54634,38.9,1378,187454,54287,39.2,1379.9,188409,54414
38.5,1390.9,185445,54362,38.6,1380.7,187916,54634,38.9,1378,187454,54287
38.1,1390.5,185299,54276,38.5,1390.9,185445,54362,38.6,1380.7,187916,54634
37.9,1388,184402,54214,38.1,1390.5,185299,54276,38.5,1390.9,185445,54362
37.9,1388.4,183416,54198,37.9,1388,184402,54214,38.1,1390.5,185299,54276
37.5,1385.1,185475,54063,37.9,1388.4,183416,54198,37.9,1388,184402,54214
37.4,1385.6,184494,53982,37.5,1385.1,185475,54063,37.9,1388.4,183416,54198
36.9,1383,182100,53845,37.4,1385.6,184494,53982,37.5,1385.1,185475,54063
36.2,1377.9,182475,53577,36.9,1383,182100,53845,37.4,1385.6,184494,53982
36.3,1389.5,178627,53534,36.2,1377.9,182475,53577,36.9,1383,182100,53845
36.2,1390.9,179133,53380,36.3,1389.5,178627,53534,36.2,1377.9,182475,53577
36.4,1391.3,182209,53510,36.2,1390.9,179133,53380,36.3,1389.5,178627,53534
37.2,1400.4,181214,53462,36.4,1391.3,182209,53510,36.2,1390.9,179133,53380
37.7,1408.7,183946,53677,37.2,1400.4,181214,53462,36.4,1391.3,182209,53510
38.3,1415.9,187282,53916,37.7,1408.7,183946,53677,37.2,1400.4,181214,53462
38.7,1417.6,185026,54027,38.3,1415.9,187282,53916,37.7,1408.7,183946,53677
39.1,1425.5,189399,54222,38.7,1417.6,185026,54027,38.3,1415.9,187282,53916
39,1425.8,190051,54285,39.1,1425.5,189399,54222,38.7,1417.6,185026,54027
39.8,1439.8,192566,54376,39,1425.8,190051,54285,39.1,1425.5,189399,54222
40.4,1454.8,194393,54622,39.8,1439.8,192566,54376,39,1425.8,190051,54285
40.7,1462.4,195194,54744,40.4,1454.8,194393,54622,39.8,1439.8,192566,54376
40.4,1459.1,195352,54709,40.7,1462.4,195194,54744,40.4,1454.8,194393,54622
41.1,1464.3,195537,55018,40.4,1459.1,195352,54709,40.7,1462.4,195194,54744
41.3,1475.7,198194,55107,41.1,1464.3,195537,55018,40.4,1459.1,195352,54709
41.4,1481.9,198356,55459,41.3,1475.7,198194,55107,41.1,1464.3,195537,55018
41.3,1480.9,198124,55514,41.4,1481.9,198356,55459,41.3,1475.7,198194,55107
41.2,1491.1,197286,55561,41.3,1480.9,198124,55514,41.4,1481.9,198356,55459
41.6,1497.5,198071,55643,41.2,1491.1,197286,55561,41.3,1480.9,198124,55514
41.7,1495.7,199471,55778,41.6,1497.5,198071,55643,41.2,1491.1,197286,55561
41.9,1494.4,198952,55849,41.7,1495.7,199471,55778,41.6,1497.5,198071,55643
42,1500.7,200913,55912,41.9,1494.4,198952,55849,41.7,1495.7,199471,55778
42.2,1505.3,203713,55936,42,1500.7,200913,55912,41.9,1494.4,198952,55849
42.2,1512.3,200284,55918,42.2,1505.3,203713,55936,42,1500.7,200913,55912
42.5,1505.6,201169,55935,42.2,1512.3,200284,55918,42.2,1505.3,203713,55936
42.9,1515.5,204347,56055,42.5,1505.6,201169,55935,42.2,1512.3,200284,55918
43.2,1515.1,204465,56153,42.9,1515.5,204347,56055,42.5,1505.6,201169,55935
43.6,1520.7,206370,56454,43.2,1515.1,204465,56153,42.9,1515.5,204347,56055
44.1,1529.1,204950,56513,43.6,1520.7,206370,56454,43.2,1515.1,204465,56153
44.3,1530.7,206727,56563,44.1,1529.1,204950,56513,43.6,1520.7,206370,56454
44.1,1533.4,209795,56688,44.3,1530.7,206727,56563,44.1,1529.1,204950,56513
44.2,1541.5,208574,56823,44.1,1533.4,209795,56688,44.3,1530.7,206727,56563
44.6,1552.3,208791,56962,44.2,1541.5,208574,56823,44.1,1533.4,209795,56688
44.9,1564.1,211015,57152,44.6,1552.3,208791,56962,44.2,1541.5,208574,56823
45.1,1564.9,208723,57126,44.9,1564.1,211015,57152,44.6,1552.3,208791,56962
45.1,1573.7,213334,57252,45.1,1564.9,208723,57126,44.9,1564.1,211015,57152
45.5,1576.5,214560,57269,45.1,1573.7,213334,57252,45.1,1564.9,208723,57126
45.8,1586.2,214575,57603,45.5,1576.5,214560,57269,45.1,1573.7,213334,57252
45.8,1593.8,214008,57732,45.8,1586.2,214575,57603,45.5,1576.5,214560,57269
46.5,1604.5,217537,57784,45.8,1593.8,214008,57732,45.8,1586.2,214575,57603
46.8,1609.6,219879,57975,46.5,1604.5,217537,57784,45.8,1593.8,214008,57732
46.9,1618.2,219279,58121,46.8,1609.6,219879,57975,46.5,1604.5,217537,57784
47.2,1628.2,222959,58311,46.9,1618.2,219279,58121,46.8,1609.6,219879,57975
47.5,1636.3,222257,58510,47.2,1628.2,222959,58311,46.9,1618.2,219279,58121
47.7,1646.2,224339,58798,47.5,1636.3,222257,58510,47.2,1628.2,222959,58311
47,1649.7,220983,58691,47.7,1646.2,224339,58798,47.5,1636.3,222257,58510
48.5,1663.7,223310,59114,47,1649.7,220983,58691,47.7,1646.2,224339,58798
49.1,1677.1,230443,59335,48.5,1663.7,223310,59114,47,1649.7,220983,58691
49.6,1676.5,229885,59398,49.1,1677.1,230443,59335,48.5,1663.7,223310,59114
49.9,1678.3,230640,59683,49.6,1676.5,229885,59398,49.1,1677.1,230443,59335
50.6,1686.4,235579,59864,49.9,1678.3,230640,59683,49.6,1676.5,229885,59398
50.8,1691.9,236142,60124,50.6,1686.4,235579,59864,49.9,1678.3,230640,59683
51.2,1708.8,233649,60363,50.8,1691.9,236142,60124,50.6,1686.4,235579,59864
51.6,1722,234691,60595,51.2,1708.8,233649,60363,50.8,1691.9,236142,60124
52.1,1726.3,238911,60860,51.6,1722,234691,60595,51.2,1708.8,233649,60363
52.3,1735,237557,61085,52.1,1726.3,238911,60860,51.6,1722,234691,60595
52.4,1738.8,237547,61367,52.3,1735,237557,61085,52.1,1726.3,238911,60860
52.9,1759.5,239786,61578,52.4,1738.8,237547,61367,52.3,1735,237557,61085
53.2,1775.6,243138,61882,52.9,1759.5,239786,61578,52.4,1738.8,237547,61367
53.8,1784.3,243988,62230,53.2,1775.6,243138,61882,52.9,1759.5,239786,61578
54.4,1783.1,246684,62386,53.8,1784.3,243988,62230,53.2,1775.6,243138,61882
54.7,1786.1,246953,62720,54.4,1783.1,246684,62386,53.8,1784.3,243988,62230
55.5,1791.1,250964,63087,54.7,1786.1,246953,62720,54.4,1783.1,246684,62386
55.5,1798.7,249027,63317,55.5,1791.1,250964,63087,54.7,1786.1,246953,62720
56.1,1806.6,248149,63560,55.5,1798.7,249027,63317,55.5,1791.1,250964,63087
56.3,1817.4,250815,63978,56.1,1806.6,248149,63560,55.5,1798.7,249027,63317
56.6,1822.9,249321,64185,56.3,1817.4,250815,63978,56.1,1806.6,248149,63560
56.7,1830,250896,64344,56.6,1822.9,249321,64185,56.3,1817.4,250815,63978
57.2,1829.1,250438,64433,56.7,1830,250896,64344,56.6,1822.9,249321,64185
57.6,1841.4,251112,64655,57.2,1829.1,250438,64433,56.7,1830,250896,64344
57.2,1846.5,250109,64854,57.6,1841.4,251112,64655,57.2,1829.1,250438,64433
57.3,1848.4,251214,65076,57.2,1846.5,250109,64854,57.6,1841.4,251112,64655
57.6,1863.9,252621,65215,57.3,1848.4,251214,65076,57.2,1846.5,250109,64854
57,1863.2,252020,65208,57.6,1863.9,252621,65215,57.3,1848.4,251214,65076
56.6,1865.3,253265,65338,57,1863.2,252020,65208,57.6,1863.9,252621,65215
57.2,1864.4,253761,65323,56.6,1865.3,253265,65338,57,1863.2,252020,65208
56.7,1872.1,253796,65478,57.2,1864.4,253761,65323,56.6,1865.3,253265,65338
56.7,1880.5,254250,65654,56.7,1872.1,253796,65478,57.2,1864.4,253761,65323
56.5,1889.2,254249,65831,56.7,1880.5,254250,65654,56.7,1872.1,253796,65478
57.6,1897.1,257298,65964,56.5,1889.2,254249,65831,56.7,1880.5,254250,65654
57.5,1893.7,256699,66089,57.6,1897.1,257298,65964,56.5,1889.2,254249,65831
58,1897.8,254730,66111,57.5,1893.7,256699,66089,57.6,1897.1,257298,65964
58.8,1909.1,261763,66591,58,1897.8,254730,66111,57.5,1893.7,256699,66089
59.5,1923.2,267141,66776,58.8,1909.1,261763,66591,58,1897.8,254730,66111
59.4,1922.1,265864,66606,59.5,1923.2,267141,66776,58.8,1909.1,261763,66591
59.6,1937.9,264932,67029,59.4,1922.1,265864,66606,59.5,1923.2,267141,66776
59.8,1941,267361,67132,59.6,1937.9,264932,67029,59.4,1922.1,265864,66606
59.9,1948.3,267119,67417,59.8,1941,267361,67132,59.6,1937.9,264932,67029
60.6,1961.7,268528,67495,59.9,1948.3,267119,67417,59.8,1941,267361,67132
60.8,1971.6,271129,67783,60.6,1961.7,268528,67495,59.9,1948.3,267119,67417
60.7,1982.3,274384,68003,60.8,1971.6,271129,67783,60.6,1961.7,268528,67495
60.9,1984.5,270066,68219,60.7,1982.3,274384,68003,60.8,1971.6,271129,67783
61.1,2000.3,271294,68365,60.9,1984.5,270066,68219,60.7,1982.3,274384,68003
61.2,2002.1,275450,68603,61.1,2000.3,271294,68365,60.9,1984.5,270066,68219
62,2011.4,277670,68855,61.2,2002.1,275450,68603,61.1,2000.3,271294,68365
62.2,2022.2,275368,69161,62,2011.4,277670,68855,61.2,2002.1,275450,68603
62.6,2020.1,275855,69272,62.2,2022.2,275368,69161,62,2011.4,277670,68855
63,2025.1,276373,69542,62.6,2020.1,275855,69272,62.2,2022.2,275368,69161
63.5,2037.2,277968,69791,63,2025.1,276373,69542,62.6,2020.1,275855,69272
63.2,2040.2,279301,69948,63.5,2037.2,277968,69791,63,2025.1,276373,69542
63,2051,278781,70180,63.2,2040.2,279301,69948,63.5,2037.2,277968,69791
63.6,2056,278746,70498,63,2051,278781,70180,63.2,2040.2,279301,69948
63.9,2074.2,280072,70668,63.6,2056,278746,70498,63,2051,278781,70180
64.1,2079.9,281564,70799,63.9,2074.2,280072,70668,63.6,2056,278746,70498
64.1,2086.9,283152,70833,64.1,2079.9,281564,70799,63.9,2074.2,280072,70668
64.1,2093,285865,70993,64.1,2086.9,283152,70833,64.1,2079.9,281564,70799
63.5,2098.3,282135,70941,64.1,2093,285865,70993,64.1,2086.9,283152,70833
63.3,2097.4,281792,71127,63.5,2098.3,282135,70941,64.1,2093,285865,70993
62.1,2092,279400,71018,63.3,2097.4,281792,71127,63.5,2098.3,282135,70941
62.1,2087.2,279282,71165,62.1,2092,279400,71018,63.3,2097.4,281792,71127
62,2090.6,276126,71347,62.1,2087.2,279282,71165,62.1,2092,279400,71018
61.9,2098.3,274134,71251,62,2090.6,276126,71347,62.1,2087.2,279282,71165
61.8,2093,277364,70993,61.9,2098.3,274134,71251,62,2090.6,276126,71347
61.6,2087.6,278207,70905,61.8,2093,277364,70993,61.9,2098.3,274134,71251
61.7,2096.6,278441,70969,61.6,2087.6,278207,70905,61.8,2093,277364,70993
61.6,2101.7,277112,70789,61.7,2096.6,278441,70969,61.6,2087.6,278207,70905
61.2,2101.1,276793,70857,61.6,2101.7,277112,70789,61.7,2096.6,278441,70969
60,2091.7,272273,70416,61.2,2101.1,276793,70857,61.6,2101.7,277112,70789
59.6,2091.7,267731,70296,60,2091.7,272273,70416,61.2,2101.1,276793,70857
61,2093.1,276499,70666,59.6,2091.7,267731,70296,60,2091.7,272273,70416
61.5,2104.6,279715,70718,61,2093.1,276499,70666,59.6,2091.7,267731,70296
61.3,2103.8,281661,70657,61.5,2104.6,279715,70718,61,2093.1,276499,70666
61.3,2105.4,282908,70746,61.3,2103.8,281661,70657,61.5,2104.6,279715,70718
61.6,2107,284258,70936,61.3,2105.4,282908,70746,61.3,2103.8,281661,70657
61.9,2116.7,286259,71129,61.6,2107,284258,70936,61.3,2105.4,282908,70746
62.2,2114.4,289727,71163,61.9,2116.7,286259,71129,61.6,2107,284258,70936
62,2117.3,288174,71219,62.2,2114.4,289727,71163,61.9,2116.7,286259,71129
61.7,2130.3,286277,71220,62,2117.3,288174,71219,62.2,2114.4,289727,71163
62.7,2130.2,289563,71527,61.7,2130.3,286277,71220,62,2117.3,288174,71219
63.1,2134.9,290422,71532,62.7,2130.2,289563,71527,61.7,2130.3,286277,71220
63.4,2147.2,295093,71734,63.1,2134.9,290422,71532,62.7,2130.2,289563,71527
64.1,2166.6,297156,71996,63.4,2147.2,295093,71734,63.1,2134.9,290422,71532
65.6,2177.2,300201,72303,64.1,2166.6,297156,71996,63.4,2147.2,295093,71734
66,2188.3,297396,72525,65.6,2177.2,300201,72303,64.1,2166.6,297156,71996
66.5,2195.1,302716,72808,66,2188.3,297396,72525,65.6,2177.2,300201,72303
67.6,2208.1,305077,73061,66.5,2195.1,302716,72808,66,2188.3,297396,72525
67.5,2215.8,306605,73341,67.6,2208.1,305077,73061,66.5,2195.1,302716,72808
67.7,2199.2,307938,73643,67.5,2215.8,306605,73341,67.6,2208.1,305077,73061
67.6,2232.7,308992,73636,67.7,2199.2,307938,73643,67.5,2215.8,306605,73341
68.5,2256.6,314304,73929,67.6,2232.7,308992,73636,67.7,2199.2,307938,73643
69.2,2267.8,317743,74115,68.5,2256.6,314304,73929,67.6,2232.7,308992,73636
70.2,2289.8,321720,74527,69.2,2267.8,317743,74115,68.5,2256.6,314304,73929
71.1,2314,326386,74881,70.2,2289.8,321720,74527,69.2,2267.8,317743,74115
71.7,2327.8,331125,75235,71.1,2314,326386,74881,70.2,2289.8,321720,74527
71.8,2331.1,335572,75474,71.7,2327.8,331125,75235,71.1,2314,326386,74881
72.8,2331.6,336568,75908,71.8,2331.1,335572,75474,71.7,2327.8,331125,75235
72.8,2330.8,334362,76137,72.8,2331.6,336568,75908,71.8,2331.1,335572,75474
73,2324,332728,76312,72.8,2330.8,334362,76137,72.8,2331.6,336568,75908
73.4,2346.6,331496,76516,73,2324,332728,76312,72.8,2330.8,334362,76137
73.9,2355.5,330711,76738,73.4,2346.6,331496,76516,73,2324,332728,76312
74.4,2355,335267,76758,73.9,2355.5,330711,76738,73.4,2346.6,331496,76516
74.3,2368.6,330662,77018,74.4,2355,335267,76758,73.9,2355.5,330711,76738
74.9,2379.6,330325,77164,74.3,2368.6,330662,77018,74.4,2355,335267,76758
75.2,2409.3,337743,77502,74.9,2379.6,330325,77164,74.3,2368.6,330662,77018
75.2,2428.2,342034,77833,75.2,2409.3,337743,77502,74.9,2379.6,330325,77164
74,2421.8,337065,77992,75.2,2428.2,342034,77833,75.2,2409.3,337743,77502
73,2390.7,338234,77953,74,2421.8,337065,77992,75.2,2428.2,342034,77833
72.7,2364.1,337134,78177,73,2390.7,338234,77953,74,2421.8,337065,77992
73,2334.9,340708,78177,72.7,2364.1,337134,78177,73,2390.7,338234,77953
72.9,2322.9,339270,78261,73,2334.9,340708,78177,72.7,2364.1,337134,78177
73.8,2324.4,340309,78407,72.9,2322.9,339270,78261,73,2334.9,340708,78177
74,2330.2,338974,78434,73.8,2324.4,340309,78407,72.9,2322.9,339270,78261
73.6,2334.8,340112,78517,74,2330.2,338974,78434,73.8,2324.4,340309,78407
73.4,2327.5,335795,78478,73.6,2334.8,340112,78517,74,2330.2,338974,78434
73.7,2330.3,332271,78498,73.4,2327.5,335795,78478,73.6,2334.8,340112,78517
73.2,2337.2,327459,78569,73.7,2330.3,332271,78498,73.4,2327.5,335795,78478
71.1,2314.7,323059,78238,73.2,2337.2,327459,78569,73.7,2330.3,332271,78498
68.1,2305.3,312343,77565,71.1,2314.7,323059,78238,73.2,2337.2,327459,78569
66.3,2276.6,314166,77145,68.1,2305.3,312343,77565,71.1,2314.7,323059,78238
65.3,2255.9,312571,76742,66.3,2276.6,314166,77145,68.1,2305.3,312343,77565
64.1,2259,303419,76419,65.3,2255.9,312571,76742,66.3,2276.6,314166,77145
64.7,2256.5,308306,76298,64.1,2259,303419,76419,65.3,2255.9,312571,76742
64.5,2264,307936,76459,64.7,2256.5,308306,76298,64.1,2259,303419,76419
65.3,2271.2,310588,76388,64.5,2264,307936,76459,64.7,2256.5,308306,76298
65.7,2273.5,313554,76626,65.3,2271.2,310588,76388,64.5,2264,307936,76459
66.9,2294.9,315628,76980,65.7,2273.5,313554,76626,65.3,2271.2,310588,76388
67.6,2309.9,316972,77188,66.9,2294.9,315628,76980,65.7,2273.5,313554,76626
67.9,2326.6,317251,77499,67.6,2309.9,316972,77188,66.9,2294.9,315628,76980
68.6,2328.9,315777,77619,67.9,2326.6,317251,77499,67.6,2309.9,316972,77188
69.1,2328,319167,77915,68.6,2328.9,315777,77619,67.9,2326.6,317251,77499
69.9,2349,327307,78326,69.1,2328,319167,77915,68.6,2328.9,315777,77619
71.1,2362.5,329157,78606,69.9,2349,327307,78326,69.1,2328,319167,77915
70.9,2370.7,331645,78819,71.1,2362.5,329157,78606,69.9,2349,327307,78326
71.2,2380.6,334615,79134,70.9,2370.7,331645,78819,71.1,2362.5,329157,78606
72,2391,333800,79192,71.2,2380.6,334615,79134,70.9,2370.7,331645,78819
72.1,2388.2,337423,79258,72,2391,333800,79192,71.2,2380.6,334615,79134
72.5,2392.3,338535,79485,72.1,2388.2,337423,79258,72,2391,333800,79192
72.9,2398.1,337677,79581,72.5,2392.3,338535,79485,72.1,2388.2,337423,79258
73.1,2402.1,338062,79842,72.9,2398.1,337677,79581,72.5,2392.3,338535,79485
73.4,2401.9,334574,79842,73.1,2402.1,338062,79842,72.9,2398.1,337677,79581
74.6,2424.9,340175,80141,73.4,2401.9,334574,79842,73.1,2402.1,338062,79842
75.2,2432.3,350306,80338,74.6,2424.9,340175,80141,73.4,2401.9,334574,79842
75.5,2432.8,348170,80517,75.2,2432.3,350306,80338,74.6,2424.9,340175,80141
75.9,2439.8,352455,80794,75.5,2432.8,348170,80517,75.2,2432.3,350306,80338
76.6,2447.1,356339,81221,75.9,2439.8,352455,80794,75.5,2432.8,348170,80517
77.7,2452.7,357357,81610,76.6,2447.1,356339,81221,75.9,2439.8,352455,80794
78.3,2469.9,356424,81977,77.7,2452.7,357357,81610,76.6,2447.1,356339,81221
78.9,2473.8,359677,82381,78.3,2469.9,356424,81977,77.7,2452.7,357357,81610
78.9,2496.8,360474,82760,78.9,2473.8,359677,82381,78.3,2469.9,356424,81977
79,2510.8,360774,82974,78.9,2496.8,360474,82760,78.9,2473.8,359677,82381
79.4,2524.5,361351,83431,79,2510.8,360774,82974,78.9,2496.8,360474,82760
79.4,2527.7,362999,83661,79.4,2524.5,361351,83431,79,2510.8,360774,82974
79.5,2534.5,365148,84031,79.4,2527.7,362999,83661,79.4,2524.5,361351,83431
79.1,2546.8,369826,84271,79.5,2534.5,365148,84031,79.4,2527.7,362999,83661
78.8,2550,361385,84464,79.1,2546.8,369826,84271,79.5,2534.5,365148,84031
79,2562.3,368449,84808,78.8,2550,361385,84464,79.1,2546.8,369826,84271
80,2590.8,371288,85338,79,2562.3,368449,84808,78.8,2550,361385,84464
82,2620.4,381447,86083,80,2590.8,371288,85338,79,2562.3,368449,84808
82.3,2623.4,380766,86404,82,2620.4,381447,86083,80,2590.8,371288,85338
83.1,2640,381737,86811,82.3,2623.4,380766,86404,82,2620.4,381447,86083
83.3,2642,379394,87037,83.1,2640,381737,86811,82.3,2623.4,380766,86404
83.6,2654.8,385200,87324,83.3,2642,379394,87037,83.1,2640,381737,86811
84.1,2668.7,383969,87434,83.6,2654.8,385200,87324,83.3,2642,379394,87037
84.5,2685.4,388325,87797,84.1,2668.7,383969,87434,83.6,2654.8,385200,87324
85.2,2692.5,390207,88249,84.5,2685.4,388325,87797,84.1,2668.7,383969,87434
85.4,2702.8,391501,88559,85.2,2692.5,390207,88249,84.5,2685.4,388325,87797
85.1,2701.6,390311,88728,85.4,2702.8,391501,88559,85.2,2692.5,390207,88249
85.8,2714.6,386651,88985,85.1,2701.6,390311,88728,85.4,2702.8,391501,88559
86.1,2726.6,397051,89426,85.8,2714.6,386651,88985,85.1,2701.6,390311,88728
85.2,2712.6,384979,89363,86.1,2726.6,397051,89426,85.8,2714.6,386651,88985
86.2,2711.3,395454,89681,85.2,2712.6,384979,89363,86.1,2726.6,397051,89426
86.1,2717.9,389307,89955,86.2,2711.3,395454,89681,85.2,2712.6,384979,89363
85.6,2725.7,389666,90019,86.1,2717.9,389307,89955,86.2,2711.3,395454,89681
85.3,2727,389991,90159,85.6,2725.7,389666,90019,86.1,2717.9,389307,89955
85.5,2728.8,388185,90149,85.3,2727,389991,90159,85.6,2725.7,389666,90019
86,2737,388053,90360,85.5,2728.8,388185,90149,85.3,2727,389991,90159
85.7,2744.2,387094,90466,86,2737,388053,90360,85.5,2728.8,388185,90149
85.6,2749.7,385697,90617,85.7,2744.2,387094,90466,86,2737,388053,90360
85.9,2753.7,392835,90729,85.6,2749.7,385697,90617,85.7,2744.2,387094,90466
86.2,2744.1,387465,90876,85.9,2753.7,392835,90729,85.6,2749.7,385697,90617
86.2,2731.4,378012,90995,86.2,2744.1,387465,90876,85.9,2753.7,392835,90729
84.5,2706.4,370276,90780,86.2,2731.4,378012,90995,86.2,2744.1,387465,90876
82.5,2686.5,363974,90316,84.5,2706.4,370276,90780,86.2,2731.4,378012,90995
81.5,2684,362525,89974,82.5,2686.5,363974,90316,84.5,2706.4,370276,90780
81.2,2676.4,368215,89676,81.5,2684,362525,89974,82.5,2686.5,363974,90316
82.4,2692.2,369349,89964,81.2,2676.4,368215,89676,81.5,2684,362525,89974
83.5,2706.6,377120,90046,82.4,2692.2,369349,89964,81.2,2676.4,368215,89676
84,2741.9,384277,90334,83.5,2706.6,377120,90046,82.4,2692.2,369349,89964
85.5,2760.9,383965,90550,84,2741.9,384277,90334,83.5,2706.6,377120,90046
85.9,2781.2,384437,90774,85.5,2760.9,383965,90550,84,2741.9,384277,90334
85.2,2776.2,386997,91003,85.9,2781.2,384437,90774,85.5,2760.9,383965,90550
85.4,2772.6,385511,91095,85.2,2776.2,386997,91003,85.9,2781.2,384437,90774
85.7,2775.7,383406,91206,85.4,2772.6,385511,91095,85.2,2776.2,386997,91003
85,2775.9,384070,91219,85.7,2775.7,383406,91206,85.4,2772.6,385511,91095
85.6,2772.4,380834,91142,85,2775.9,384070,91219,85.7,2775.7,383406,91206
86.1,2781.5,380509,91285,85.6,2772.4,380834,91142,85,2775.9,384070,91219
87.1,2799.9,380508,91410,86.1,2781.5,380509,91285,85.6,2772.4,380834,91142
86.9,2814.3,378832,91320,87.1,2799.9,380508,91410,86.1,2781.5,380509,91285
86.5,2813.5,376090,91191,86.9,2814.3,378832,91320,87.1,2799.9,380508,91410
85.8,2805.3,370117,91216,86.5,2813.5,376090,91191,86.9,2814.3,378832,91320
84.8,2793.9,367217,91014,85.8,2805.3,370117,91216,86.5,2813.5,376090,91191
84.1,2781.9,362912,90831,84.8,2793.9,367217,91014,85.8,2805.3,370117,91216
82.4,2768.6,360956,90448,84.1,2781.9,362912,90831,84.8,2793.9,367217,91014
84.2,2776.1,367357,90474,82.4,2768.6,360956,90448,84.1,2781.9,362912,90831
83.7,2781.7,366724,90337,84.2,2776.1,367357,90474,82.4,2768.6,360956,90448
83.2,2800.5,366034,90031,83.7,2781.7,366724,90337,84.2,2776.1,367357,90474
82.7,2806.1,368412,89965,83.2,2800.5,366034,90031,83.7,2781.7,366724,90337
82.4,2788.1,363473,89703,82.7,2806.1,368412,89965,83.2,2800.5,366034,90031
82,2776.4,363756,89380,82.4,2788.1,363473,89703,82.7,2806.1,368412,89965
81.6,2771.7,360466,89177,82,2776.4,363756,89380,82.4,2788.1,363473,89703
81,2762,360457,88995,81.6,2771.7,360466,89177,82,2776.4,363756,89380
80.3,2758.7,357085,88787,81,2762,360457,88995,81.6,2771.7,360466,89177
80,2756.5,358425,88649,80.3,2758.7,357085,88787,81,2762,360457,88995
79.3,2767.6,355895,88675,80,2756.5,358425,88649,80.3,2758.7,357085,88787
80.8,2767.8,364244,88826,79.3,2767.6,355895,88675,80,2756.5,358425,88649
80.7,2760.2,362022,88758,80.8,2767.8,364244,88826,79.3,2767.6,355895,88675
81.3,2764.4,367358,88946,80.7,2760.2,362022,88758,80.8,2767.8,364244,88826
82.3,2778,367559,89211,81.3,2764.4,367358,88946,80.7,2760.2,362022,88758
83.2,2791.7,373644,89497,82.3,2778,367559,89211,81.3,2764.4,367358,88946
83.7,2800.3,383026,89886,83.2,2791.7,373644,89497,82.3,2778,367559,89211
85.3,2814.1,383113,90313,83.7,2800.3,383026,89886,83.2,2791.7,373644,89497
86.5,2804.3,382368,89973,85.3,2814.1,383113,90313,83.7,2800.3,383026,89886
87.9,2826.3,388192,91088,86.5,2804.3,382368,89973,85.3,2814.1,383113,90313
88.6,2862.2,392992,91408,87.9,2826.3,388192,91088,86.5,2804.3,382368,89973
88.8,2879.3,397711,91727,88.6,2862.2,392992,91408,87.9,2826.3,388192,91088
89.2,2900.7,404330,92110,88.8,2879.3,397711,91727,88.6,2862.2,392992,91408
91,2922.4,406597,92524,89.2,2900.7,404330,92110,88.8,2879.3,397711,91727
90.9,2963.6,406454,93043,91,2922.4,406597,92524,89.2,2900.7,404330,92110
91.9,2982.9,406443,93312,90.9,2963.6,406454,93043,91,2922.4,406597,92524
92.4,2987.2,409273,93650,91.9,2982.9,406443,93312,90.9,2963.6,406454,93043
93,2986.8,412897,93952,92.4,2987.2,409273,93650,91.9,2982.9,406443,93312
93.5,3007.7,416925,94325,93,2986.8,412897,93952,92.4,2987.2,409273,93650
93.9,3023.7,414612,94647,93.5,3007.7,416925,94325,93,2986.8,412897,93952
94,3038.6,413394,94885,93.9,3023.7,414612,94647,93.5,3007.7,416925,94325
93.9,3064.3,413473,95186,94,3038.6,413394,94885,93.9,3023.7,414612,94647
93.2,3046,415489,95499,93.9,3064.3,413473,95186,94,3038.6,413394,94885
93.3,3060.1,419077,95829,93.2,3046,415489,95499,93.9,3064.3,413473,95186
92.8,3098.8,419995,95997,93.3,3060.1,419077,95829,93.2,3046,415489,95499
93.1,3081.3,419796,96249,92.8,3098.8,419995,95997,93.3,3060.1,419077,95829
93.8,3092.9,420338,96397,93.1,3081.3,419796,96249,92.8,3098.8,419995,95997
94.1,3103.6,423347,96734,93.8,3092.9,420338,96397,93.1,3081.3,419796,96249
94.5,3118.7,423752,96896,94.1,3103.6,423347,96734,93.8,3092.9,420338,96397
94.7,3098.2,428318,97163,94.5,3118.7,423752,96896,94.1,3103.6,423347,96734
94.4,3109.9,422405,97280,94.7,3098.2,428318,97163,94.5,3118.7,423752,96896
94.1,3104.1,423369,97465,94.4,3109.9,422405,97280,94.7,3098.2,428318,97163
94.5,3104.5,430477,97696,94.1,3104.1,423369,97465,94.4,3109.9,422405,97280
95,3105.1,431734,97878,94.5,3104.5,430477,97696,94.1,3104.1,423369,97465
94.2,3123.6,426741,98098,95,3105.1,431734,97878,94.5,3104.5,430477,97696
94.6,3118.7,430444,98286,94.2,3123.6,426741,98098,95,3105.1,431734,97878
95.6,3154.3,428476,98500,94.6,3118.7,430444,98286,94.2,3123.6,426741,98098
96.1,3139.7,434221,98599,95.6,3154.3,428476,98500,94.6,3118.7,430444,98286
95.5,3158.7,432399,98718,96.1,3139.7,434221,98599,95.6,3154.3,428476,98500
94.6,3187.4,432011,98796,95.5,3158.7,432399,98718,96.1,3139.7,434221,98599
94.8,3227.7,440859,98974,94.6,3187.4,432011,98796,95.5,3158.7,432399,98718
94.7,3212.3,436751,99096,94.8,3227.7,440859,98974,94.6,3187.4,432011,98796
94.3,3199.5,440049,98973,94.7,3212.3,436751,99096,94.8,3227.7,440859,98974
94.8,3198.3,443290,99276,94.3,3199.5,440049,98973,94.7,3212.3,436751,99096
94.9,3211,442924,99435,94.8,3198.3,443290,99276,94.3,3199.5,440049,98973
95,3216.3,453686,99747,94.9,3211,442924,99435,94.8,3198.3,443290,99276
95.6,3206.7,447725,99980,95,3216.3,453686,99747,94.9,3211,442924,99435
96.3,3209.9,447543,100145,95.6,3206.7,447725,99980,95,3216.3,453686,99747
96.8,3233.1,455846,100394,96.3,3209.9,447543,100145,95.6,3206.7,447725,99980
96.507,3220.2,442515,100543,96.8,3233.1,455846,100394,96.3,3209.9,447543,100145
97.885,3240.1,457546,100772,96.507,3220.2,442515,100543,96.8,3233.1,455846,100394
98.249,3240.6,457077,101005,97.885,3240.1,457546,100772,96.507,3220.2,442515,100543
98.774,3242.8,455965,101367,98.249,3240.6,457077,101005,97.885,3240.1,457546,100772
99.396,3233.5,456567,101564,98.774,3242.8,455965,101367,98.249,3240.6,457077,101005
100.251,3232.3,457796,101713,99.396,3233.5,456567,101564,98.774,3242.8,455965,101367
100.616,3242.1,461888,102047,100.251,3232.3,457796,101713,99.396,3233.5,456567,101564
100.92,3255.8,459794,102266,100.616,3242.1,461888,102047,100.251,3232.3,457796,101713
100.716,3258.5,464413,102430,100.92,3255.8,459794,102266,100.616,3242.1,461888,102047
102.052,3309.4,463428,102980,100.716,3258.5,464413,102430,100.92,3255.8,459794,102266
102.158,3292.7,462360,103200,102.052,3309.4,463428,102980,100.716,3258.5,464413,102430
102.825,3345.5,465492,103544,102.158,3292.7,462360,103200,102.052,3309.4,463428,102980
103.157,3307.9,464547,103593,102.825,3345.5,465492,103544,102.158,3292.7,462360,103200
103.389,3322.3,470126,104063,103.157,3307.9,464547,103593,102.825,3345.5,465492,103544
103.401,3335.3,476501,104349,103.389,3322.3,470126,104063,103.157,3307.9,464547,103593
104.254,3342.1,474210,104611,103.401,3335.3,476501,104349,103.389,3322.3,470126,104063
103.982,3341.6,475560,104794,104.254,3342.1,474210,104611,103.401,3335.3,476501,104349
104.012,3350.7,479893,105156,103.982,3341.6,475560,104794,104.254,3342.1,474210,104611
104.61,3355.2,476922,105397,104.012,3350.7,479893,105156,103.982,3341.6,475560,104794
105.206,3357.6,478295,105549,104.61,3355.2,476922,105397,104.012,3350.7,479893,105156
104.684,3362.6,479596,105789,105.206,3357.6,478295,105549,104.61,3355.2,476922,105397
104.994,3410.6,483231,106070,104.684,3362.6,479596,105789,105.206,3357.6,478295,105549
105.599,3386.5,484494,106400,104.994,3410.6,483231,106070,104.684,3362.6,479596,105789
106.271,3411.5,491754,106703,105.599,3386.5,484494,106400,104.994,3410.6,483231,106070
106.641,3427.6,491361,107046,106.271,3411.5,491754,106703,105.599,3386.5,484494,106400
106.157,3445.5,484434,107276,106.641,3427.6,491361,107046,106.271,3411.5,491754,106703
107.072,3455.2,481752,107466,106.157,3445.5,484434,107276,106.641,3427.6,491361,107046
107.071,3448.3,486518,107636,107.072,3455.2,481752,107466,106.157,3445.5,484434,107276
106.702,3429,484551,107725,107.071,3448.3,486518,107636,107.072,3455.2,481752,107466
106.36,3422.5,482811,107871,106.702,3429,484551,107725,107.071,3448.3,486518,107636
105.306,3429,478270,107939,106.36,3422.5,482811,107871,106.702,3429,484551,107725
105.845,3424.8,491174,108026,105.306,3429,478270,107939,106.36,3422.5,482811,107871
105.376,3414.2,487014,108200,105.845,3424.8,491174,108026,105.306,3429,478270,107939
104.988,3432.1,481808,108266,105.376,3414.2,487014,108200,105.845,3424.8,491174,108026
105.357,3447.5,485802,108588,104.988,3432.1,481808,108266,105.376,3414.2,487014,108200
106.06,3457.2,486619,108695,105.357,3447.5,485802,108588,104.988,3432.1,481808,108266
105.519,3457.4,482128,108994,106.06,3457.2,486619,108695,105.357,3447.5,485802,108588
106.091,3476.7,489452,109294,105.519,3457.4,482128,108994,106.06,3457.2,486619,108695
106.423,3487.8,493604,109486,106.091,3476.7,489452,109294,105.519,3457.4,482128,108994
105.722,3495,488049,109491,106.423,3487.8,493604,109486,106.091,3476.7,489452,109294
106.479,3481.5,490649,109770,105.722,3495,488049,109491,106.423,3487.8,493604,109486
106.669,3482.6,492459,109911,106.479,3481.5,490649,109770,105.722,3495,488049,109491
106.492,3485.1,488061,109698,106.669,3482.6,492459,109911,106.479,3481.5,490649,109770
106.798,3464.3,493015,109561,106.492,3485.1,488061,109698,106.669,3482.6,492459,109911
106.815,3461.2,484521,109487,106.798,3464.3,493015,109561,106.492,3485.1,488061,109698
106.322,3429,482954,109284,106.815,3461.2,484521,109487,106.798,3464.3,493015,109561
104.967,3439.3,476887,109115,106.322,3429,482954,109284,106.815,3461.2,484521,109487
104.538,3467.5,472486,108983,104.967,3439.3,476887,109115,106.322,3429,482954,109284
104.005,3419.2,467502,108806,104.538,3467.5,472486,108983,104.967,3439.3,476887,109115
103.105,3414.3,470922,108529,104.005,3419.2,467502,108806,104.538,3467.5,472486,108983
102.098,3426.2,469071,108351,103.105,3414.3,470922,108529,104.005,3419.2,467502,108806
102.614,3418.3,478060,108126,102.098,3426.2,469071,108351,103.105,3414.3,470922,108529
103.466,3415.8,480621,108156,102.614,3418.3,478060,108126,102.098,3426.2,469071,108351
104.419,3425.4,479321,108179,103.466,3415.8,480621,108156,102.614,3418.3,478060,108126
104.703,3410.4,484246,108106,104.419,3425.4,479321,108179,103.466,3415.8,480621,108156
104.813,3404.6,484883,108209,104.703,3410.4,484246,108106,104.419,3425.4,479321,108179
105.748,3410.5,485639,108237,104.813,3404.6,484883,108209,104.703,3410.4,484246,108106
105.634,3412.8,486130,108211,105.748,3410.5,485639,108237,104.813,3404.6,484883,108209
105.583,3401.1,484716,108129,105.634,3412.8,486130,108211,105.748,3410.5,485639,108237
105.19,3431.7,477881,108123,105.583,3401.1,484716,108129,105.634,3412.8,486130,108211
104.881,3412.1,484727,108074,105.19,3431.7,477881,108123,105.583,3401.1,484716,108129
105.783,3440.8,486571,108067,104.881,3412.1,484727,108074,105.19,3431.7,477881,108123
106.449,3445.8,488381,108148,105.783,3440.8,486571,108067,104.881,3412.1,484727,108074
106.929,3447.5,489532,108350,106.449,3445.8,488381,108148,105.783,3440.8,486571,108067
107.502,3446.9,486602,108478,106.929,3447.5,489532,108350,106.449,3445.8,488381,108148
107.153,3446.3,491755,108510,107.502,3446.9,486602,108478,106.929,3447.5,489532,108350
108.07,3449.4,495231,108651,107.153,3446.3,491755,108510,107.502,3446.9,486602,108478
108.011,3455.9,491825,108708,108.07,3449.4,495231,108651,107.153,3446.3,491755,108510
108.2,3473.1,496145,108802,108.011,3455.9,491825,108708,108.07,3449.4,495231,108651
108.845,3496.7,498844,108994,108.2,3473.1,496145,108802,108.011,3455.9,491825,108708
109.915,3501.1,501508,109109,108.845,3496.7,498844,108994,108.2,3473.1,496145,108802
110.447,3706.5,510863,109280,109.915,3501.1,501508,109109,108.845,3496.7,498844,108994
110.65,3461,512323,109490,110.447,3706.5,510863,109280,109.915,3501.1,501508,109109
111.305,3465.2,512635,109856,110.65,3461,512323,109490,110.447,3706.5,510863,109280
111.395,3475.1,511548,109804,111.305,3465.2,512635,109856,110.65,3461,512323,109490
111.379,3523.8,511941,110096,111.395,3475.1,511548,109804,111.305,3465.2,512635,109856
111.125,3533,513911,110285,111.379,3523.8,511941,110096,111.395,3475.1,511548,109804
111.462,3514.8,519971,110372,111.125,3533,513911,110285,111.379,3523.8,511941,110096
111.952,3506,515918,110628,111.462,3514.8,519971,110372,111.125,3533,513911,110285
112.193,3543.1,524224,110714,111.952,3506,515918,110628,111.462,3514.8,519971,110372
112.542,3539.6,527070,110923,112.193,3543.1,524224,110714,111.952,3506,515918,110628
112.653,3556.1,529760,111112,112.542,3539.6,527070,110923,112.193,3543.1,524224,110714
113.699,3571.8,534944,111366,112.653,3556.1,529760,111112,112.542,3539.6,527070,110923
114.711,3589.3,541026,111610,113.699,3571.8,534944,111366,112.653,3556.1,529760,111112
114.744,3566.9,539396,111711,114.711,3589.3,541026,111610,113.699,3571.8,534944,111366
115.626,3618.9,545071,111919,114.744,3566.9,539396,111711,114.711,3589.3,541026,111610
116.618,3629,552520,112298,115.626,3618.9,545071,111919,114.744,3566.9,539396,111711
116.714,3641.9,549492,112699,116.618,3629,552520,112298,115.626,3618.9,545071,111919
117.351,3652.7,550033,112951,116.714,3641.9,549492,112699,116.618,3629,552520,112298
118.023,3649.3,553990,113334,117.351,3652.7,550033,112951,116.714,3641.9,549492,112699
118.231,3654.2,549988,113624,118.023,3649.3,553990,113334,117.351,3652.7,550033,112951
119.128,3665,565578,113914,118.231,3654.2,549988,113624,118.023,3649.3,553990,113334
119,3683.6,564681,114186,119.128,3665,565578,113914,118.231,3654.2,549988,113624
119.5,3735.7,566945,114348,119,3683.6,564681,114186,119.128,3665,565578,113914
120.3,3727.3,572659,114882,119.5,3735.7,566945,114348,119,3683.6,564681,114186
121.7,3751.4,578177,115113,120.3,3727.3,572659,114882,119.5,3735.7,566945,114348
122.2,3760.8,576156,115282,121.7,3751.4,578177,115113,120.3,3727.3,572659,114882