x,x_t-1,x_t-2,Y_1t Retail prices index,Y_2t Consumer survey - confidence indicator,Y_3t IBA GBP IBK. LIBOR 3M DELAYED  Inverted,Y_4t Manufacturing survey - production: future tendency,Y_5t FSTE uk stock,Y_1t-1,Y_2t-1,Y_3t-1,Y_4t-1,Y_5t-1,Y_1t-2,Y_2t-2,Y_3t-2,Y_4t-2,Y_5t-2
0.0337,-0.00683,0,0.001344851,3,1.25,-10.9,0.084476985,0.001344851,3,0.5,-10.9,0.084476985,0,0,0,0,0
0.06693,0.0337,-0.00683,0.009670857,3,1.25,2.46,0.003518981,0.009670857,3,1.25,2.46,0.003518981,0.001344851,3,0.5,-10.9,0.084476985
0.04967,0.06693,0.0337,0.001841244,0,-0.3125,-0.83,-0.057010828,0.001841244,0,1.25,-0.83,-0.057010828,0.009670857,3,1.25,2.46,0.003518981
0.0438,0.04967,0.06693,-0.000613372,2,0.4375,-1.7,0.036879808,-0.000613372,2,-0.3125,-1.7,0.036879808,0.001841244,0,1.25,-0.83,-0.057010828
0.03424,0.0438,0.04967,-0.002764837,3,-0.0625,-2.21,-0.072101243,-0.002764837,3,0.4375,-2.21,-0.072101243,-0.000613372,2,-0.3125,-1.7,0.036879808
0.04169,0.03424,0.0438,0.00307157,-2,0.20312,0.08,0.030886003,0.00307157,-2,-0.0625,0.08,0.030886003,-0.002764837,3,0.4375,-2.21,-0.072101243
0.07104,0.04169,0.03424,0.004894972,-1,-0.54687,5.32,-0.066904302,0.004894972,-1,0.20312,5.32,-0.066904302,0.00307157,-2,-0.0625,0.08,0.030886003
0.1477,0.07104,0.04169,0.001524778,3,-1.29688,4.5,0.046497788,0.001524778,3,-0.54687,4.5,0.046497788,0.004894972,-1,0.20312,5.32,-0.066904302
0.2478,0.1477,0.07104,0.008496056,0,0.26563,1.49,0.005276238,0.008496056,0,-1.29688,1.49,0.005276238,0.001524778,3,-0.54687,4.5,0.046497788
0.3535,0.2478,0.1477,0.003318087,-3,-0.04688,-3.32,0.016653622,0.003318087,-3,0.26563,-3.32,0.016653622,0.008496056,0,-1.29688,1.49,0.005276238
0.4739,0.3535,0.2478,0.003807238,2,0.42188,2.09,0.092337503,0.003807238,2,-0.04688,2.09,0.092337503,0.003318087,-3,0.26563,-3.32,0.016653622
0.4052,0.4739,0.3535,0.003992021,4,0.32812,9.05,0.104541304,0.003992021,4,0.42188,9.05,0.104541304,0.003807238,2,-0.04688,2.09,0.092337503
0.4186,0.4052,0.4739,0.00199005,0,0.98438,4.11,-0.014290904,0.00199005,0,0.32812,4.11,-0.014290904,0.003992021,4,0.42188,9.05,0.104541304
0.4058,0.4186,0.4052,0.011857846,4,-0.1875,-7.52,0.021887927,0.011857846,4,0.98438,-7.52,0.021887927,0.00199005,0,0.32812,4.11,-0.014290904
0.3362,0.4058,0.4186,0.000981836,2,1.17187,5.1,0.060245043,0.000981836,2,-0.1875,5.1,0.060245043,0.011857846,4,0.98438,-7.52,0.021887927
0.1959,0.3362,0.4058,0,4,-0.29687,8.29,0.040352285,0,4,1.17187,8.29,0.040352285,0.000981836,2,-0.1875,5.1,0.060245043
0.0163,0.1959,0.3362,-0.000981836,-1,-0.125,-11.23,0.038463105,-0.000981836,-1,-0.29687,-11.23,0.038463105,0,4,1.17187,8.29,0.040352285
-0.1399,0.0163,0.1959,0.002942621,-1,-1.125,13.05,-0.051335912,0.002942621,-1,-0.125,13.05,-0.051335912,-0.000981836,-1,-0.29687,-11.23,0.038463105
-0.253,-0.1399,0.0163,0.002933987,-3,0.1875,-6.68,0.051983476,0.002933987,-3,-1.125,-6.68,0.051983476,0.002942621,-1,-0.125,13.05,-0.051335912
-0.3358,-0.253,-0.1399,0.00487093,3,-0.25,-2.42,-0.309037396,0.00487093,3,0.1875,-2.42,-0.309037396,0.002933987,-3,-1.125,-6.68,0.051983476
-0.3548,-0.3358,-0.253,0.004847319,-3,1.3125,12.5,-0.084282953,0.004847319,-3,-0.25,12.5,-0.084282953,0.00487093,3,0.1875,-2.42,-0.309037396
-0.3213,-0.3548,-0.3358,-0.000967586,-2,0.875,-5.31,0.09335331,-0.000967586,-2,1.3125,-5.31,0.09335331,0.004847319,-3,-0.25,12.5,-0.084282953
-0.2496,-0.3213,-0.3548,0,4,-0.8125,-7.95,0.044435933,0,4,0.875,-7.95,0.044435933,-0.000967586,-2,1.3125,-5.31,0.09335331
-0.1643,-0.2496,-0.3213,0.003864739,-4,-0.4375,5.1,-0.004327802,0.003864739,-4,-0.8125,5.1,-0.004327802,0,4,0.875,-7.95,0.044435933
-0.0731,-0.1643,-0.2496,0.00384986,2,0.6875,0.12,-0.030397909,0.00384986,2,-0.4375,0.12,-0.030397909,0.003864739,-4,-0.8125,5.1,-0.004327802
0.0087,-0.0731,-0.1643,0.016198544,0,0.5625,-6.52,0.039728154,0.016198544,0,0.6875,-6.52,0.039728154,0.00384986,2,-0.4375,0.12,-0.030397909
0.0406,0.0087,-0.0731,0.003773589,3,0.375,4.04,-0.010730315,0.003773589,3,0.5625,4.04,-0.010730315,0.016198544,0,0.6875,-6.52,0.039728154
0.005,0.0406,0.0087,0.003759403,1,-1.5,-1.72,0.038277253,0.003759403,1,0.375,-1.72,0.038277253,0.003773589,3,0.5625,4.04,-0.010730315
-0.0489,0.005,0.0406,0.000937647,-2,-1.67188,-0.26,0.00370134,0.000937647,-2,-1.5,-0.26,0.00370134,0.003759403,1,0.375,-1.72,0.038277253
-0.1042,-0.0489,0.005,0.011183714,-5,-0.51562,4.03,-0.054739174,0.011183714,-5,-1.67188,4.03,-0.054739174,0.000937647,-2,-1.5,-0.26,0.00370134
-0.1554,-0.1042,-0.0489,0.004623217,-4,-0.8125,-0.68,0.04651034,0.004623217,-4,-0.51562,-0.68,0.04651034,0.011183714,-5,-1.67188,4.03,-0.054739174
-0.1702,-0.1554,-0.1042,0.01009646,-3,0.25,-4.34,0.016923378,0.01009646,-3,-0.8125,-4.34,0.016923378,0.004623217,-4,-0.51562,-0.68,0.04651034
-0.1318,-0.1702,-0.1554,0.004555817,2,-0.25,2.52,-0.029532166,0.004555817,2,0.25,2.52,-0.029532166,0.01009646,-3,-0.8125,-4.34,0.016923378
-0.0829,-0.1318,-0.1702,0.00272356,-9,-0.75,1.69,-0.001853569,0.00272356,-9,-0.25,1.69,-0.001853569,0.004555817,2,0.25,2.52,-0.029532166
-0.0249,-0.0829,-0.1318,0.006326275,-1,-0.125,-11.99,0.140242827,0.006326275,-1,-0.75,-11.99,0.140242827,0.00272356,-9,-0.25,1.69,-0.001853569
0.0132,-0.0249,-0.0829,0.007181359,2,0.125,3.16,-0.014679604,0.007181359,2,-0.125,3.16,-0.014679604,0.006326275,-1,-0.75,-11.99,0.140242827
0.0234,0.0132,-0.0249,0.004462301,-5,-0.14063,-4.87,0.034489258,0.004462301,-5,0.125,-4.87,0.034489258,0.007181359,2,-0.125,3.16,-0.014679604
0.0422,0.0234,0.0132,0.017652709,-1,0.14063,-8.55,0.024579788,0.017652709,-1,-0.14063,-8.55,0.024579788,0.004462301,-5,0.125,-4.87,0.034489258
0.0137,0.0422,0.0234,0.006105558,5,0.10937,4.99,0.003023305,0.006105558,5,0.14063,4.99,0.003023305,0.017652709,-1,-0.14063,-8.55,0.024579788
-0.0478,0.0137,0.0422,0.003472226,-5,-1.17187,-2.71,0.016270626,0.003472226,-5,0.10937,-2.71,0.016270626,0.006105558,5,0.14063,4.99,0.003023305
-0.0987,-0.0478,0.0137,0.000866176,-1,0.0625,3.71,0.069063851,0.000866176,-1,-1.17187,3.71,0.069063851,0.003472226,-5,0.10937,-2.71,0.016270626
-0.1503,-0.0987,-0.0478,0.002594035,3,0.1875,-2.98,0.033681874,0.002594035,3,0.0625,-2.98,0.033681874,0.000866176,-1,-1.17187,3.71,0.069063851
-0.2012,-0.1503,-0.0987,0.006884709,0,-0.15625,-12.69,-0.047850072,0.006884709,0,0.1875,-12.69,-0.047850072,0.002594035,3,0.0625,-2.98,0.033681874
-0.21123,-0.2012,-0.1503,0.00768906,-14,-1.15625,6.72,-0.090896003,0.00768906,-14,-0.15625,6.72,-0.090896003,0.006884709,0,0.1875,-12.69,-0.047850072
-0.16742,-0.21123,-0.2012,0.008474627,3,-0.0625,-0.44,0.047755033,0.008474627,3,-1.15625,-0.44,0.047755033,0.00768906,-14,-0.15625,6.72,-0.090896003
-0.12117,-0.16742,-0.21123,0.002528446,1,0.0625,1.7,0.059659836,0.002528446,1,-0.0625,1.7,0.059659836,0.008474627,3,-1.15625,-0.44,0.047755033
-0.10038,-0.12117,-0.16742,0.005874964,6,-0.1875,-5.06,-0.027828067,0.005874964,6,0.0625,-5.06,-0.027828067,0.002528446,1,-0.0625,1.7,0.059659836
-0.07914,-0.10038,-0.12117,0.005840651,-5,0.125,-4.78,-0.045325144,0.005840651,-5,-0.1875,-4.78,-0.045325144,0.005874964,6,0.0625,-5.06,-0.027828067
-0.02061,-0.07914,-0.10038,0.009933857,-11,-0.125,-0.86,-0.007154759,0.009933857,-11,0.125,-0.86,-0.007154759,0.005840651,-5,-0.1875,-4.78,-0.045325144
0.05031,-0.02061,-0.07914,0.030022539,4,0.10937,5.43,-0.067290084,0.030022539,4,-0.125,5.43,-0.067290084,0.009933857,-11,0.125,-0.86,-0.007154759
0.06173,0.05031,-0.02061,0.008754533,1,0.07813,-2.05,0.114929967,0.008754533,1,0.10937,-2.05,0.114929967,0.030022539,4,-0.125,5.43,-0.067290084
0.01241,0.06173,0.05031,0.003954137,3,0.125,-1.72,0.022863316,0.003954137,3,0.07813,-1.72,0.022863316,0.008754533,1,0.10937,-2.05,0.114929967
-0.06292,0.01241,0.06173,0.000788955,3,0,-2.32,-0.028539774,0.000788955,3,0.125,-2.32,-0.028539774,0.003954137,3,0.07813,-1.72,0.022863316
-0.1363,-0.06292,0.01241,0.010200167,-2,-0.0625,0.03,-0.085351797,0.010200167,-2,0,0.03,-0.085351797,0.000788955,3,0.125,-2.32,-0.028539774
-0.19277,-0.1363,-0.06292,0.009324077,-3,0.125,-5.73,-0.097870138,0.009324077,-3,-0.0625,-5.73,-0.097870138,0.010200167,-2,0,0.03,-0.085351797
-0.22,-0.19277,-0.1363,0.007704198,2,1,-4.19,0.036569951,0.007704198,2,0.125,-4.19,0.036569951,0.009324077,-3,-0.0625,-5.73,-0.097870138
-0.21541,-0.22,-0.19277,-0.002305034,-2,0.26562,-4.4,0.054902818,-0.002305034,-2,1,-4.4,0.054902818,0.007704198,2,0.125,-4.19,0.036569951
-0.1415,-0.21541,-0.22,-0.000769527,10,-0.32812,-7.3,-0.005422328,-0.000769527,10,0.26562,-7.3,-0.005422328,-0.002305034,-2,1,-4.4,0.054902818
-0.0121,-0.1415,-0.21541,-0.083448552,-5,-0.0625,-3.14,0.010815413,-0.083448552,-5,-0.32812,-3.14,0.010815413,-0.000769527,10,0.26562,-7.3,-0.005422328
0.14222,-0.0121,-0.1415,0.005840651,-3,1.0625,-10.71,0.121617509,0.005840651,-3,-0.0625,-10.71,0.121617509,-0.083448552,-5,-0.32812,-3.14,0.010815413
0.26927,0.14222,-0.0121,0.009933857,6,0.6094,11.14,0.022357708,0.009933857,6,1.0625,11.14,0.022357708,0.005840651,-3,-0.0625,-10.71,0.121617509
0.29968,0.26927,0.14222,0.030022539,1,0.5781,17.42,-0.000102365,0.030022539,1,0.6094,17.42,-0.000102365,0.009933857,6,1.0625,11.14,0.022357708
0.29369,0.29968,0.26927,0.008754533,1,0.20312,-11.09,0.00178987,0.008754533,1,0.5781,-11.09,0.00178987,0.030022539,1,0.6094,17.42,-0.000102365
0.28271,0.29369,0.29968,0.003954137,0,0.35938,9.28,-0.041360749,0.003954137,0,0.20312,9.28,-0.041360749,0.008754533,1,0.5781,-11.09,0.00178987
0.26953,0.28271,0.29369,0.000788955,0,0.1875,4.66,0.064941151,0.000788955,0,0.35938,4.66,0.064941151,0.003954137,0,0.20312,9.28,-0.041360749
0.2392,0.26953,0.28271,0.010200167,4,0.25,1.03,0.036936017,0.010200167,4,0.1875,1.03,0.036936017,0.000788955,0,0.35938,4.66,0.064941151
0.1555,0.2392,0.26953,0.009324077,4,0.5,8.22,-0.028142022,0.009324077,4,0.25,8.22,-0.028142022,0.010200167,4,0.1875,1.03,0.036936017
0.0491,0.1555,0.2392,0.007704198,1,-0.125,3.9,-0.029772022,0.007704198,1,0.5,3.9,-0.029772022,0.009324077,4,0.25,8.22,-0.028142022
-0.0289,0.0491,0.1555,-0.002305034,-3,-0.125,0.63,-0.064297337,-0.002305034,-3,-0.125,0.63,-0.064297337,0.007704198,1,0.5,3.9,-0.029772022
-0.0583,-0.0289,0.0491,-0.000769527,-2,-0.4766,-6.29,0.027603114,-0.000769527,-2,-0.125,-6.29,0.027603114,-0.002305034,-3,-0.125,0.63,-0.064297337
-0.0275,-0.0583,-0.0289,0.002306806,-2,0.3516,-2.23,0.054022702,0.002306806,-2,-0.4766,-2.23,0.054022702,-0.000769527,-2,-0.125,-6.29,0.027603114
0.0241,-0.0275,-0.0583,0.005361943,0,0.4375,-3.68,-0.006834884,0.005361943,0,0.3516,-3.68,-0.006834884,0.002306806,-2,-0.4766,-2.23,0.054022702
0.0469,0.0241,-0.0275,0.003812433,2,-0.5,0.17,-0.040916553,0.003812433,2,0.4375,0.17,-0.040916553,0.005361943,0,0.3516,-3.68,-0.006834884
0.0043,0.0469,0.0241,0.012854619,6,0.375,8.44,0.085447244,0.012854619,6,-0.5,8.44,0.085447244,0.003812433,2,0.4375,0.17,-0.040916553
-0.1338,0.0043,0.0469,0.003000752,7,0.3125,9.86,0.019487649,0.003000752,7,0.375,9.86,0.019487649,0.012854619,6,-0.5,8.44,0.085447244
-0.2873,-0.1338,0.0043,0.004484312,-5,0.0625,-5.71,-0.084756352,0.004484312,-5,0.3125,-5.71,-0.084756352,0.003000752,7,0.375,9.86,0.019487649
-0.36797,-0.2873,-0.1338,-0.002239643,-5,-0.375,-8.36,-0.073977287,-0.002239643,-5,0.0625,-8.36,-0.073977287,0.004484312,-5,0.3125,-5.71,-0.084756352
-0.33088,-0.36797,-0.2873,0.002239643,-7,0.125,-10.98,-0.070744678,0.002239643,-7,-0.375,-10.98,-0.070744678,-0.002239643,-5,0.0625,-8.36,-0.073977287
-0.20751,-0.33088,-0.36797,0.003721627,-2,0.41406,-0.81,0.101748144,0.003721627,-2,0.125,-0.81,0.101748144,0.002239643,-7,-0.375,-10.98,-0.070744678
-0.04996,-0.20751,-0.33088,0.003707828,-7,2.08594,10,0.053982355,0.003707828,-7,0.41406,10,0.053982355,0.003721627,-2,0.125,-0.81,0.101748144
0.08323,-0.04996,-0.20751,0.003694131,0,0.5625,-9.35,0.065101684,0.003694131,0,2.08594,-9.35,0.065101684,0.003707828,-7,0.41406,10,0.053982355
0.17282,0.08323,-0.04996,0.000737191,5,-0.11719,10.69,0.041724302,0.000737191,5,0.5625,10.69,0.041724302,0.003694131,0,2.08594,-9.35,0.065101684
0.19765,0.17282,0.08323,-0.000737191,10,0.17969,5.68,-0.00362178,-0.000737191,10,-0.11719,5.68,-0.00362178,0.000737191,5,0.5625,10.69,0.041724302
0.21129,0.19765,0.17282,0.005148963,-6,0.875,2.34,0.014182694,0.005148963,-6,0.17969,2.34,0.014182694,-0.000737191,10,-0.11719,5.68,-0.00362178
0.21383,0.21129,0.19765,0.002930405,2,0.1875,0.2,0.007713338,0.002930405,2,0.875,0.2,0.007713338,0.005148963,-6,0.17969,2.34,0.014182694
0.2091,0.21383,0.21129,0.015245304,-1,0,5.49,-0.001888999,0.015245304,-1,0.1875,5.49,-0.001888999,0.002930405,2,0.875,0.2,0.007713338
0.1909,0.2091,0.21383,0.003595833,12,-0.0625,7.83,-0.007365101,0.003595833,12,0,7.83,-0.007365101,0.015245304,-1,0.1875,5.49,-0.001888999
0.1598,0.1909,0.2091,0,-7,0.21094,-8.72,0.02944872,0,-7,-0.0625,-8.72,0.02944872,0.003595833,12,0,7.83,-0.007365101
0.1566,0.1598,0.1909,-0.003595833,1,-0.14844,-6.4,0.020355939,-0.003595833,1,0.21094,-6.4,0.020355939,0,-7,-0.0625,-8.72,0.02944872
0.1511,0.1566,0.1598,0.000720202,5,0.125,11.01,0.040835802,0.000720202,5,-0.14844,11.01,0.040835802,-0.003595833,1,0.21094,-6.4,0.020355939
0.1045,0.1511,0.1566,0.003593249,0,0,2.16,-0.040533811,0.003593249,0,0.125,2.16,-0.040533811,0.000720202,5,-0.14844,11.01,0.040835802
0.0461,0.1045,0.1511,0.003580383,-4,0.1875,-5.91,0.033800898,0.003580383,-4,0,-5.91,0.033800898,0.003593249,0,0.125,2.16,-0.040533811
-0.0107,0.0461,0.1045,-0.001430615,-4,0.1875,5.67,0.008512457,-0.001430615,-4,0.1875,5.67,0.008512457,0.003580383,-4,0,-5.91,0.033800898
-0.0567,-0.0107,0.0461,-0.003585518,0,0.125,-3.31,0.056664414,-0.003585518,0,0.1875,-3.31,0.056664414,-0.001430615,-4,0.1875,5.67,0.008512457
-0.0951,-0.0567,-0.0107,-0.009382963,8,0.125,3.59,0.044959545,-0.009382963,8,0.125,3.59,0.044959545,-0.003585518,0,0.1875,-3.31,0.056664414
-0.1568,-0.0951,-0.0567,0.006505263,-6,0.1875,3.37,-0.043163932,0.006505263,-6,0.125,3.37,-0.043163932,-0.009382963,8,0.125,3.59,0.044959545
-0.191,-0.1568,-0.0951,0.003595833,-4,-0.0625,-2.77,-0.049937423,0.003595833,-4,0.1875,-2.77,-0.049937423,0.006505263,-6,0.125,3.37,-0.043163932
-0.1688,-0.191,-0.1568,0.009289099,-1,-0.0625,-4.45,0.026937928,0.009289099,-1,-0.0625,-4.45,0.026937928,0.003595833,-4,0.1875,-2.77,-0.049937423
-0.1137,-0.1688,-0.191,0.003549879,3,0.0625,5.8,-0.062322127,0.003549879,3,-0.0625,5.8,-0.062322127,0.009289099,-1,-0.0625,-4.45,0.026937928
-0.0678,-0.1137,-0.1688,-0.000708968,3,0,1.26,-0.03351497,-0.000708968,3,0.0625,1.26,-0.03351497,0.003549879,3,-0.0625,5.8,-0.062322127
-0.047,-0.0678,-0.1137,-0.002129926,1,-0.0625,-6.46,0.048480576,-0.002129926,1,0,-6.46,0.048480576,-0.000708968,3,0.0625,1.26,-0.03351497
-0.0385,-0.047,-0.0678,0.004255326,3,-0.25,15.01,0.058942113,0.004255326,3,-0.0625,15.01,0.058942113,-0.002129926,1,0,-6.46,0.048480576
-0.063,-0.0385,-0.047,0.004237294,-1,-0.4375,-5.88,-0.075735757,0.004237294,-1,-0.25,-5.88,-0.075735757,0.004255326,3,-0.0625,15.01,0.058942113
-0.09156,-0.063,-0.0385,-0.00070497,-2,-0.04688,-0.8,0.000765632,-0.00070497,-2,-0.4375,-0.8,0.000765632,0.004237294,-1,-0.25,-5.88,-0.075735757
-0.10773,-0.09156,-0.063,-0.001411433,3,-0.01562,3.68,0.005681352,-0.001411433,3,-0.04688,3.68,0.005681352,-0.00070497,-2,-0.4375,-0.8,0.000765632
-0.10915,-0.10773,-0.09156,0.002116403,-10,-0.4375,5.68,-0.001861962,0.002116403,-10,-0.01562,5.68,-0.001861962,-0.001411433,3,-0.04688,3.68,0.005681352
-0.06818,-0.10915,-0.10773,0.028484038,9,-0.25,-10.5,-0.043368402,0.028484038,9,-0.4375,-10.5,-0.043368402,0.002116403,-10,-0.01562,5.68,-0.001861962
-0.02563,-0.06818,-0.10915,0.006145461,-3,-0.125,11.42,0.012090982,0.006145461,-3,-0.25,11.42,0.012090982,0.028484038,9,-0.4375,-10.5,-0.043368402
0.00668,-0.02563,-0.06818,0.004076093,-2,0.125,-2.75,0.050781845,0.004076093,-2,-0.125,-2.75,0.050781845,0.006145461,-3,-0.25,11.42,0.012090982
0.04091,0.00668,-0.02563,0.01011813,2,-0.05469,-13.42,0.017009945,0.01011813,2,0.125,-13.42,0.017009945,0.004076093,-2,-0.125,-2.75,0.050781845
0.06936,0.04091,0.00668,0.00401876,3,0.05469,10.8,0.023808727,0.00401876,3,-0.05469,10.8,0.023808727,0.01011813,2,0.125,-13.42,0.017009945
0.08355,0.06936,0.04091,0.001336006,-1,0,-7.76,-0.010543081,0.001336006,-1,0.05469,-7.76,-0.010543081,0.00401876,3,-0.05469,10.8,0.023808727
0.06584,0.08355,0.06936,-0.004683849,3,-0.1875,-3.53,0.042873568,-0.004683849,3,0,-3.53,0.042873568,0.001336006,-1,0.05469,-7.76,-0.010543081
0.04067,0.06584,0.08355,0.005351183,0,0.0625,4.03,0.009491128,0.005351183,0,-0.1875,4.03,0.009491128,-0.004683849,3,0,-3.53,0.042873568
0.01225,0.04067,0.06584,0.00465891,-1,0,0.08,-0.005099411,0.00465891,-1,0.0625,0.08,-0.005099411,0.005351183,0,-0.1875,4.03,0.009491128
-0.01154,0.01225,0.04067,-0.005326244,0,0,-6.72,-0.004623395,-0.005326244,0,0,-6.72,-0.004623395,0.00465891,-1,0.0625,0.08,-0.005099411
-0.02402,-0.01154,0.01225,0,-2,0.07812,0.71,0.029264441,0,-2,0,0.71,0.029264441,-0.005326244,0,0,-6.72,-0.004623395
-0.01607,-0.02402,-0.01154,0.005990035,-1,0.17969,-7.32,0.00884912,0.005990035,-1,0.07812,-7.32,0.00884912,0,-2,0,0.71,0.029264441
-0.00199,-0.01607,-0.02402,-0.003323366,6,0.24219,10.41,0.028691168,-0.003323366,6,0.17969,10.41,0.028691168,0.005990035,-1,0.07812,-7.32,0.00884912
0.02079,-0.00199,-0.01607,0.004649626,-4,0.08984,-0.53,-0.004344055,0.004649626,-4,0.24219,-0.53,-0.004344055,-0.003323366,6,0.17969,10.41,0.028691168
0.0252,0.02079,-0.00199,0.003968259,1,0.09766,3.27,0.004199557,0.003968259,1,0.08984,3.27,0.004199557,0.004649626,-4,0.24219,-0.53,-0.004344055
0.01438,0.0252,0.02079,0.007234494,0,0.0625,-8.4,0.025185935,0.007234494,0,0.09766,-8.4,0.025185935,0.003968259,1,0.08984,3.27,0.004199557
-0.01533,0.01438,0.0252,0.001963994,2,-0.0625,0.81,-0.016624424,0.001963994,2,0.0625,0.81,-0.016624424,0.007234494,0,0.09766,-8.4,0.025185935
-0.02093,-0.01533,0.01438,0.000653808,-1,0.25,-1.8,-0.022494836,0.000653808,-1,-0.0625,-1.8,-0.022494836,0.001963994,2,0.0625,0.81,-0.016624424
-0.00426,-0.02093,-0.01533,-0.003929278,3,0.0625,12.39,-0.004001107,-0.003929278,3,0.25,12.39,-0.004001107,0.000653808,-1,-0.0625,-1.8,-0.022494836
0.02306,-0.00426,-0.02093,0.004582659,1,-0.0625,-1.92,0.02846406,0.004582659,1,0.0625,-1.92,0.02846406,-0.003929278,3,0.25,12.39,-0.004001107
0.04189,0.02306,-0.00426,0.004561754,2,0,-0.97,0.013316722,0.004561754,2,-0.0625,-0.97,0.013316722,0.004582659,1,0.0625,-1.92,0.02846406
0.05091,0.04189,0.02306,0,-1,-0.1875,3.36,-0.008466671,0,-1,0,3.36,-0.008466671,0.004561754,2,-0.0625,-0.97,0.013316722
0.0459,0.05091,0.04189,0.000649984,3,-0.35156,2.74,0.005711362,0.000649984,3,-0.1875,2.74,0.005711362,0,-1,0,3.36,-0.008466671
0.0553,0.0459,0.05091,0.003243597,-5,-0.02735,-8.33,-0.004751277,0.003243597,-5,-0.35156,-8.33,-0.004751277,0.000649984,3,-0.1875,2.74,0.005711362
0.0817,0.0553,0.0459,0,6,0.09766,-2.67,0.01183613,0,6,-0.02735,-2.67,0.01183613,0.003243597,-5,-0.35156,-8.33,-0.004751277
0.1106,0.0817,0.0553,0.003878479,0,0.08203,-2.47,0.000140484,0.003878479,0,0.09766,-2.47,0.000140484,0,6,-0.02735,-2.67,0.01183613
0.1208,0.1106,0.0817,0.002577321,-1,-0.09766,8.29,0.001368685,0.002577321,-1,0.08203,8.29,0.001368685,0.003878479,0,0.09766,-2.47,0.000140484
0.1224,0.1208,0.1106,0.005774799,-2,-0.04296,-0.4,0.016348759,0.005774799,-2,-0.09766,-0.4,0.016348759,0.002577321,-1,0.08203,8.29,0.001368685
0.1081,0.1224,0.1208,0.003831422,7,-0.09766,-7.17,0.024908015,0.003831422,7,-0.04296,-7.17,0.024908015,0.005774799,-2,-0.09766,-0.4,0.016348759
0.088,0.1081,0.1224,0.003816799,2,0,-1.85,0.004733856,0.003816799,2,-0.09766,-1.85,0.004733856,0.003831422,7,-0.04296,-7.17,0.024908015
0.0753,0.088,0.1081,0,0,-0.54688,10.34,0.038117376,0,0,0,10.34,0.038117376,0.003816799,2,-0.09766,-1.85,0.004733856
0.0769,0.0753,0.088,0.006329135,2,-0.20703,-6.88,0.000128957,0.006329135,2,-0.54688,-6.88,0.000128957,0,0,0,10.34,0.038117376
0.06,0.0769,0.0753,0.005034624,-2,-0.03906,1.97,0.083014037,0.005034624,-2,-0.20703,1.97,0.083014037,0.006329135,2,-0.54688,-6.88,0.000128957
0.0256,0.06,0.0769,0.001254705,-1,-0.07031,6.46,-0.076010892,0.001254705,-1,-0.03906,6.46,-0.076010892,0.005034624,-2,-0.20703,1.97,0.083014037
-0.0095,0.0256,0.06,0.000626763,-5,-0.32422,-9.24,0.003770334,0.000626763,-5,-0.07031,-9.24,0.003770334,0.001254705,-1,-0.03906,6.46,-0.076010892
-0.0211,-0.0095,0.0256,0.00250313,-2,-0.01563,0.64,0.047854233,0.00250313,-2,-0.32422,0.64,0.047854233,0.000626763,-5,-0.07031,-9.24,0.003770334
-0.0267,-0.0211,-0.0095,-0.003129893,4,0.08985,-4.75,0.020849444,-0.003129893,4,-0.01563,-4.75,0.020849444,0.00250313,-2,-0.32422,0.64,0.047854233
-0.0325,-0.0267,-0.0211,0.005003137,0,0.05078,-2.42,0.055817671,0.005003137,0,0.08985,-2.42,0.055817671,-0.003129893,4,-0.01563,-4.75,0.020849444
-0.0701,-0.0325,-0.0267,0.003114297,-2,0,0.34,0.058698091,0.003114297,-2,0.05078,0.34,0.058698091,0.005003137,0,0.08985,-2.42,0.055817671
-0.145,-0.0701,-0.0325,0.01113184,2,0.0625,-7.42,0.015047785,0.01113184,2,0,-7.42,0.015047785,0.003114297,-2,0.05078,0.34,0.058698091
-0.2366,-0.145,-0.0701,0.005519793,3,-0.02734,-6.16,-0.000392418,0.005519793,3,0.0625,-6.16,-0.000392418,0.01113184,2,0,-7.42,0.015047785
-0.3237,-0.2366,-0.145,-0.000611808,-5,-0.28516,1.1,-0.008276562,-0.000611808,-5,-0.02734,1.1,-0.008276562,0.005519793,3,0.0625,-6.16,-0.000392418
-0.36666,-0.3237,-0.2366,-0.002450982,-3,0.0625,-2.69,-0.022411695,-0.002450982,-3,-0.28516,-2.69,-0.022411695,-0.000611808,-5,-0.02734,1.1,-0.008276562
-0.33028,-0.36666,-0.3237,0.004285284,-4,0,-8.85,-0.10718495,0.004285284,-4,0.0625,-8.85,-0.10718495,-0.002450982,-3,-0.28516,-2.69,-0.022411695
-0.21625,-0.33028,-0.36666,0.004266998,2,0.3125,2.93,-0.08892723,0.004266998,2,0,2.93,-0.08892723,0.004285284,-4,0.0625,-8.85,-0.10718495
-0.06314,-0.21625,-0.33028,0.000608088,-6,0.31312,-12.45,0.086250577,0.000608088,-6,0.3125,-12.45,0.086250577,0.004266998,2,0,2.93,-0.08892723
0.12116,-0.06314,-0.21625,-0.000608088,2,0.17407,3.79,0.038141781,-0.000608088,2,0.31312,3.79,0.038141781,0.000608088,-6,0.3125,-12.45,0.086250577
0.27477,0.12116,-0.06314,0,-1,0.57281,13.62,0.029026463,0,-1,0.17407,13.62,0.029026463,-0.000608088,2,0.31312,3.79,0.038141781
0.39366,0.27477,0.12116,-0.0061013,5,0.56187,-3.85,0.001181967,-0.0061013,5,0.57281,-3.85,0.001181967,0,-1,0.17407,13.62,0.029026463
0.47854,0.39366,0.27477,0.001834302,2,0.37875,-1.36,0.056003041,0.001834302,2,0.56187,-1.36,0.056003041,-0.0061013,5,0.57281,-3.85,0.001181967
0.487,0.47854,0.39366,0.002440514,2,0.07797,1.39,0.019670693,0.002440514,2,0.37875,1.39,0.019670693,0.001834302,2,0.56187,-1.36,0.056003041
0.4179,0.487,0.47854,0.006680863,0,0.04578,8.56,0.054695583,0.006680863,0,0.07797,8.56,0.054695583,0.002440514,2,0.37875,1.39,0.019670693
0.322,0.4179,0.487,0.002418381,4,-0.04968,24.85,-0.040070331,0.002418381,4,0.04578,24.85,-0.040070331,0.006680863,0,0.07797,8.56,0.054695583
0.2172,0.322,0.4179,0,0,0.23906,-12.96,0.030719485,0,0,-0.04968,-12.96,0.030719485,0.002418381,4,0.04578,24.85,-0.040070331
0.0884,0.2172,0.322,-0.003023891,-3,-0.02688,-11.72,-0.003394826,-0.003023891,-3,0.23906,-11.72,-0.003394826,0,0,-0.04968,-12.96,0.030719485
-0.059,0.0884,0.2172,0.002419844,2,-0.04593,19.17,0.007820712,0.002419844,2,-0.02688,19.17,0.007820712,-0.003023891,-3,0.23906,-11.72,-0.003394826
-0.1758,-0.059,0.0884,0.004220688,-2,-0.26282,0.9,-0.066149133,0.004220688,-2,-0.04593,0.9,-0.066149133,0.002419844,2,-0.02688,19.17,0.007820712
-0.247,-0.1758,-0.059,0.001803427,0,-0.56718,-1.37,-0.008170698,0.001803427,0,-0.26282,-1.37,-0.008170698,0.004220688,-2,-0.04593,0.9,-0.066149133
-0.2407,-0.247,-0.1758,0.00120048,-4,0.21843,-4.2,0.042919206,0.00120048,-4,-0.56718,-4.2,0.042919206,0.001803427,0,-0.26282,-1.37,-0.008170698
-0.1966,-0.2407,-0.247,0.003592818,3,-0.26093,7.63,0.062206114,0.003592818,3,0.21843,7.63,0.062206114,0.00120048,-4,-0.56718,-4.2,0.042919206
-0.1514,-0.1966,-0.2407,-0.004192878,7,-0.07282,-6.96,-0.114225931,-0.004192878,7,-0.26093,-6.96,-0.114225931,0.003592818,3,0.21843,7.63,0.062206114
-0.1107,-0.1514,-0.1966,0.005387622,-6,-0.10312,-5.31,-0.029308031,0.005387622,-6,-0.07282,-5.31,-0.029308031,-0.004192878,7,-0.26093,-6.96,-0.114225931
-0.0736,-0.1107,-0.1514,0.005358751,-4,0.02562,6.45,0.033130172,0.005358751,-4,-0.10312,6.45,0.033130172,0.005387622,-6,-0.07282,-5.31,-0.029308031
-0.069,-0.0736,-0.1107,0.010044398,-2,-0.08937,-14.46,-0.016905932,0.010044398,-2,0.02562,-14.46,-0.016905932,0.005358751,-4,-0.10312,6.45,0.033130172
-0.0583,-0.069,-0.0736,0.00352113,6,0.05875,-8.11,-0.001011468,0.00352113,6,-0.08937,-8.11,-0.001011468,0.010044398,-2,0.02562,-14.46,-0.016905932
-0.055,-0.0583,-0.069,0.002340551,-2,0.06219,0.97,0.004393812,0.002340551,-2,0.05875,0.97,0.004393812,0.00352113,6,-0.08937,-8.11,-0.001011468
-0.0417,-0.055,-0.0583,-0.003512884,-3,-0.00469,12.23,-0.002344603,-0.003512884,-3,0.06219,12.23,-0.002344603,0.002340551,-2,0.05875,0.97,0.004393812
-0.0137,-0.0417,-0.055,0,4,-0.02203,-2.79,0.006231058,0,4,-0.00469,-2.79,0.006231058,-0.003512884,-3,0.06219,12.23,-0.002344603
0.0225,-0.0137,-0.0417,0.007013471,-6,0.02734,3.87,-0.082724921,0.007013471,-6,-0.02203,3.87,-0.082724921,0,4,-0.00469,-2.79,0.006231058
0.0675,0.0225,-0.0137,-0.000582581,5,0.03703,1.7,0.035941369,-0.000582581,5,0.02734,1.7,0.035941369,0.007013471,-6,-0.02203,3.87,-0.082724921
0.0831,0.0675,0.0225,0.002909516,-2,0.08953,-0.18,0.021066437,0.002909516,-2,0.03703,-0.18,0.021066437,-0.000582581,5,0.02734,1.7,0.035941369
0.0584,0.0831,0.0675,0.000580889,1,0.10313,10.65,-0.005386034,0.000580889,1,0.08953,10.65,-0.005386034,0.002909516,-2,0.03703,-0.18,0.021066437
0.0087,0.0584,0.0831,-0.006408411,6,0.09562,-2.07,-0.000503807,-0.006408411,6,0.10313,-2.07,-0.000503807,0.000580889,1,0.08953,10.65,-0.005386034
-0.0315,0.0087,0.0584,0.005246296,-3,0.10313,-9.28,-0.04729488,0.005246296,-3,0.09562,-9.28,-0.04729488,-0.006408411,6,0.10313,-2.07,-0.000503807
-0.0596,-0.0315,0.0087,0.001162115,1,0.26,-6.49,-0.074756188,0.001162115,1,0.10313,-6.49,-0.074756188,0.005246296,-3,0.09562,-9.28,-0.04729488
-0.0704,-0.0596,-0.0315,0.00521287,-2,0.14609,-3.49,0.037040697,0.00521287,-2,0.26,-3.49,0.037040697,0.001162115,1,0.10313,-6.49,-0.074756188
-0.0735,-0.0704,-0.0596,0.006334602,1,0.13688,-1.08,-0.007925742,0.006334602,1,0.14609,-1.08,-0.007925742,0.00521287,-2,0.26,-3.49,0.037040697
-0.093,-0.0735,-0.0704,0.001147447,4,-0.03547,5.9,-0.022148921,0.001147447,4,0.13688,5.9,-0.022148921,0.006334602,1,0.14609,-1.08,-0.007925742
-0.1205,-0.093,-0.0735,-0.006327315,-2,0.02125,3.2,-0.05650454,-0.006327315,-2,-0.03547,3.2,-0.05650454,0.001147447,4,0.13688,5.9,-0.022148921
-0.1215,-0.1205,-0.093,0.004031102,-4,0.275,-17.75,-0.043926153,0.004031102,-4,0.02125,-17.75,-0.043926153,-0.006327315,-2,-0.03547,3.2,-0.05650454
-0.1057,-0.1215,-0.1205,0.003442344,-1,0.38875,5.85,-0.212873142,0.003442344,-1,0.275,5.85,-0.212873142,0.004031102,-4,0.02125,-17.75,-0.043926153
-0.07308,-0.1057,-0.1215,-0.001719691,-4,0.14125,-11.24,0.062218232,-0.001719691,-4,0.38875,-11.24,0.062218232,0.003442344,-1,0.275,5.85,-0.212873142
-0.01485,-0.07308,-0.1057,-0.00402415,2,0.48781,3.84,0.080828184,-0.00402415,2,0.14125,3.84,0.080828184,-0.001719691,-4,0.38875,-11.24,0.062218232
0.03654,-0.01485,-0.07308,-0.001152738,2,-0.12281,-7.3,0.010705194,-0.001152738,2,0.48781,-7.3,0.010705194,-0.00402415,2,0.14125,3.84,0.080828184
0.08539,0.03654,-0.01485,-0.000576868,7,0.02734,10.81,-0.031590635,-0.000576868,7,-0.12281,10.81,-0.031590635,-0.001152738,2,0.48781,-7.3,0.010705194
0.1167,0.08539,0.03654,0.002881016,-1,-0.01484,9.74,-0.047623412,0.002881016,-1,0.02734,9.74,-0.047623412,-0.000576868,7,-0.12281,10.81,-0.031590635
0.1293,0.1167,0.08539,0.004019529,-2,-0.10656,0.56,0.035649511,0.004019529,-2,-0.01484,0.56,0.035649511,0.002881016,-1,0.02734,9.74,-0.047623412
0.1,0.1293,0.1167,0.006853254,1,-0.01313,13.47,-0.013288331,0.006853254,1,-0.10656,13.47,-0.013288331,0.004019529,-2,-0.01484,0.56,0.035649511
0.0168,0.1,0.1293,0.002841718,2,-0.00281,-11.05,-0.046581303,0.002841718,2,-0.01313,-11.05,-0.046581303,0.006853254,1,-0.10656,13.47,-0.013288331
-0.0578,0.0168,0.1,0,0,-0.01219,3.84,-0.095988681,0,0,-0.00281,3.84,-0.095988681,0.002841718,2,-0.01313,-11.05,-0.046581303
-0.0922,-0.0578,0.0168,-0.001704062,-4,0.15594,5.18,-0.122731392,-0.001704062,-4,-0.01219,5.18,-0.122731392,0,0,-0.00281,3.84,-0.095988681
-0.1165,-0.0922,-0.0578,0.002838492,0,0.02375,5.26,-0.020341774,0.002838492,0,0.15594,5.26,-0.020341774,-0.001704062,-4,-0.01219,5.18,-0.122731392
-0.1491,-0.1165,-0.0922,0.006779687,2,0.0225,-8.16,-0.168796414,0.006779687,2,0.02375,-8.16,-0.168796414,0.002838492,0,0.15594,5.26,-0.020341774
-0.19864,-0.1491,-0.1165,0.001687764,-3,-0.01563,4.82,0.071418712,0.001687764,-3,0.0225,4.82,0.071418712,0.006779687,2,0.02375,-8.16,-0.168796414
-0.25363,-0.19864,-0.1491,0.00168492,1,0.01938,-4.14,0.036616849,0.00168492,1,-0.01563,-4.14,0.036616849,0.001687764,-3,0.0225,4.82,0.071418712
-0.2934,-0.25363,-0.19864,0.001682086,-6,-0.0382,-3.27,-0.082140418,0.001682086,-6,0.01938,-3.27,-0.082140418,0.00168492,1,-0.01563,-4.14,0.036616849
-0.2815,-0.2934,-0.25363,-0.000560381,1,0.0407,-1.29,-0.112208623,-0.000560381,1,-0.0382,-1.29,-0.112208623,0.001682086,-6,0.01938,-3.27,-0.082140418
-0.19147,-0.2815,-0.2934,0.00503216,-6,0.28781,-7.23,-0.097422113,0.00503216,-6,0.0407,-7.23,-0.097422113,-0.000560381,1,-0.0382,-1.29,-0.112208623
-0.06666,-0.19147,-0.2815,0.00334076,-1,0.03391,-4.38,-0.038763084,0.00334076,-1,0.28781,-4.38,-0.038763084,0.00503216,-6,0.0407,-7.23,-0.097422113
0.04954,-0.06666,-0.19147,0.007200253,5,-0.0075,-3.56,0.123581829,0.007200253,5,0.03391,-3.56,0.123581829,0.00334076,-1,0.28781,-4.38,-0.038763084
0.1183,0.04954,-0.06666,0.00165426,2,-0.00297,5.96,0.060784195,0.00165426,2,-0.0075,5.96,0.060784195,0.007200253,5,0.03391,-3.56,0.123581829
0.15586,0.1183,0.04954,-0.001102536,1,0.04,-1.22,0.022903932,-0.001102536,1,-0.00297,-1.22,0.022903932,0.00165426,2,-0.0075,5.96,0.060784195
0.16217,0.15586,0.1183,0,1,0.21672,4.18,0.069221569,0,1,0.04,4.18,0.069221569,-0.001102536,1,-0.00297,-1.22,0.022903932
0.16009,0.16217,0.15586,0.001653348,-2,-0.08797,-0.73,0.026989867,0.001653348,-2,0.21672,-0.73,0.026989867,0,1,0.04,4.18,0.069221569
0.16162,0.16009,0.16217,0.004943707,0,-0.21984,0.82,-0.042121233,0.004943707,0,-0.08797,0.82,-0.042121233,0.001653348,-2,0.21672,-0.73,0.026989867
0.16065,0.16162,0.16009,0.000547795,0,-0.05891,2.87,0.068898316,0.000547795,0,-0.21984,2.87,0.068898316,0.004943707,0,-0.08797,0.82,-0.042121233
0.16094,0.16065,0.16162,0.000547495,-3,-0.21,3.88,-0.015117278,0.000547495,-3,-0.05891,3.88,-0.015117278,0.000547795,0,-0.21984,2.87,0.068898316
0.15623,0.16094,0.16065,0.004369204,1,-0.03938,6.77,0.020508423,0.004369204,1,-0.21,6.77,0.020508423,0.000547495,-3,-0.05891,3.88,-0.015117278
0.1191,0.15623,0.16094,-0.002182216,5,-0.00578,11.6,0.031059236,-0.002182216,5,-0.03938,11.6,0.031059236,0.004369204,1,-0.21,6.77,0.020508423
0.0641,0.1191,0.15623,0.003815758,-2,-0.14234,-11.21,0.048886401,0.003815758,-2,-0.00578,-11.21,0.048886401,-0.002182216,5,-0.03938,11.6,0.031059236
0.0076,0.0641,0.1191,0.004343112,-1,-0.125,0.66,-0.045382282,0.004343112,-1,-0.14234,0.66,-0.045382282,0.003815758,-2,-0.00578,-11.21,0.048886401
-0.0379,0.0076,0.0641,0.005941146,1,-0.08438,-1.58,-0.000106005,0.005941146,1,-0.125,-1.58,-0.000106005,0.004343112,-1,-0.14234,0.66,-0.045382282
-0.0581,-0.0379,0.0076,0.004298771,0,-0.18812,8.99,-0.016460397,0.004298771,0,-0.08438,8.99,-0.016460397,0.005941146,1,-0.125,-1.58,-0.000106005
-0.0542,-0.0581,-0.0379,0.001607287,-2,-0.255,-5.28,0.031610608,0.001607287,-2,-0.18812,-5.28,0.031610608,0.004298771,0,-0.08438,8.99,-0.016460397
-0.0294,-0.0542,-0.0581,0,1,-0.0075,-6.83,-0.045555868,0,1,-0.255,-6.83,-0.045555868,0.001607287,-2,-0.18812,-5.28,0.031610608
0.016,-0.0294,-0.0542,0.003206844,-2,-0.13,11.3,-0.009442837,0.003206844,-2,-0.0075,11.3,-0.009442837,0,1,-0.255,-6.83,-0.045555868
0.0612,0.016,-0.0294,0.003728367,-2,0.01,-6.22,-0.002319418,0.003728367,-2,-0.13,-6.22,-0.002319418,0.003206844,-2,-0.0075,11.3,-0.009442837
0.092,0.0612,0.016,0.002654634,1,0.05625,5.94,0.03033093,0.002654634,1,0.01,5.94,0.03033093,0.003728367,-2,-0.13,-6.22,-0.002319418
0.0883,0.092,0.0612,0.002118645,2,0.0125,-7.11,0.032869409,0.002118645,2,0.05625,-7.11,0.032869409,0.002654634,1,0.01,5.94,0.03033093
0.0588,0.0883,0.092,0.004750603,1,-0.00125,-11.2,0.025012836,0.004750603,1,0.0125,-11.2,0.025012836,0.002118645,2,0.05625,-7.11,0.032869409
0.0223,0.0588,0.0883,-0.005279843,4,0.0125,11.54,0.019748036,-0.005279843,4,-0.00125,11.54,0.019748036,0.004750603,1,0.0125,-11.2,0.025012836
-0.0155,0.0223,0.0588,0.003698815,-1,-0.01875,4.78,0.022282037,0.003698815,-1,0.0125,4.78,0.022282037,-0.005279843,4,-0.00125,11.54,0.019748036
-0.0428,-0.0155,0.0223,0.004735605,1,-0.09625,-10.3,-0.008089713,0.004735605,1,-0.01875,-10.3,-0.008089713,0.003698815,-1,0.0125,4.78,0.022282037
-0.0615,-0.0428,-0.0155,0.005757671,-1,0.04562,-2.62,-0.031917603,0.005757671,-1,-0.09625,-2.62,-0.031917603,0.004735605,1,-0.01875,-10.3,-0.008089713
-0.0669,-0.0615,-0.0428,0.002085506,-1,0.0675,-6.98,0.028191926,0.002085506,-1,0.04562,-6.98,0.028191926,0.005757671,-1,-0.09625,-2.62,-0.031917603
-0.0477,-0.0669,-0.0615,0.001041125,-2,0.01188,-2.34,0.026845299,0.001041125,-2,0.0675,-2.34,0.026845299,0.002085506,-1,0.04562,-6.98,0.028191926
-0.0198,-0.0477,-0.0669,0,2,0.22,13.17,0.030512278,0,2,0.01188,13.17,0.030512278,0.001041125,-2,0.0675,-2.34,0.026845299
0.0002,-0.0198,-0.0477,0.002079003,-3,0.05,-4.68,0.007024383,0.002079003,-3,0.22,-4.68,0.007024383,0,2,0.01188,13.17,0.030512278
0.0216,0.0002,-0.0198,0.00259269,-1,-0.01,3.75,0.018524118,0.00259269,-1,0.05,3.75,0.018524118,0.002079003,-3,0.22,-4.68,0.007024383
0.0536,0.0216,0.0002,0.001035197,-3,0.00875,0.02,-0.019676059,0.001035197,-3,-0.01,0.02,-0.019676059,0.00259269,-1,0.05,3.75,0.018524118
0.1017,0.0536,0.0216,0.001550789,0,-0.02875,-4.11,0.049558272,0.001550789,0,0.00875,-4.11,0.049558272,0.001035197,-3,-0.01,0.02,-0.019676059
0.1353,0.1017,0.0536,0.002579315,-1,-0.02563,-0.17,0.047301484,0.002579315,-1,-0.02875,-0.17,0.047301484,0.001550789,0,0.00875,-4.11,0.049558272
0.1364,0.1353,0.1017,-0.003612907,6,0.0575,0.48,0.029279235,-0.003612907,6,-0.02563,0.48,0.029279235,0.002579315,-1,-0.02875,-0.17,0.047301484
0.1541,0.1364,0.1353,0.004127973,-1,0.019,4.78,0.016765122,0.004127973,-1,0.0575,4.78,0.016765122,-0.003612907,6,-0.02563,0.48,0.029279235
0.1518,0.1541,0.1364,0.004111003,-3,-0.01837,2.72,0.035529459,0.004111003,-3,0.019,2.72,0.035529459,0.004127973,-1,0.0575,4.78,0.016765122
0.1435,0.1518,0.1541,0.007662873,3,-0.0425,0.35,-0.006694942,0.007662873,3,-0.01837,0.35,-0.006694942,0.004111003,-3,0.019,2.72,0.035529459
0.1248,0.1435,0.1518,0.006088299,-1,-0.07875,-2.95,-0.035691962,0.006088299,-1,-0.0425,-2.95,-0.035691962,0.007662873,3,-0.01837,0.35,-0.006694942
0.1126,0.1248,0.1435,0.00403837,1,-0.03844,5.58,0.023660567,0.00403837,1,-0.07875,5.58,0.023660567,0.006088299,-1,-0.0425,-2.95,-0.035691962
0.1229,0.1126,0.1248,0,0,0.01031,2.18,0.001256775,0,0,-0.03844,2.18,0.001256775,0.00403837,1,-0.07875,5.58,0.023660567
0.1634,0.1229,0.1126,0.003520245,-4,-0.23062,-4.64,0.017238116,0.003520245,-4,0.01031,-4.64,0.017238116,0,0,-0.03844,2.18,0.001256775
0.232,0.1634,0.1229,0.004507896,1,-0.08063,3.72,0.018802862,0.004507896,1,-0.23062,3.72,0.018802862,0.003520245,-4,0.01031,-4.64,0.017238116
0.2644,0.232,0.1634,0.001498128,2,-0.09187,-0.91,0.038436992,0.001498128,2,-0.08063,-0.91,0.038436992,0.004507896,1,-0.23062,3.72,0.018802862
0.2681,0.2644,0.232,0.003486928,-2,-0.085,-2.11,0.013569711,0.003486928,-2,-0.09187,-2.11,0.013569711,0.001498128,2,-0.08063,-0.91,0.038436992
0.259,0.2681,0.2644,0.007924757,-1,-0.08125,5.84,0.026424194,0.007924757,-1,-0.085,5.84,0.026424194,0.003486928,-2,-0.09187,-2.11,0.013569711
0.2353,0.259,0.2681,-0.005441517,1,-0.29313,-3.56,-0.001085719,-0.005441517,1,-0.08125,-3.56,-0.001085719,0.007924757,-1,-0.085,5.84,0.026424194
0.2157,0.2353,0.259,0.007412932,-1,0.055,11.8,-0.008233685,0.007412932,-1,-0.29313,11.8,-0.008233685,-0.005441517,1,-0.08125,-3.56,-0.001085719
0.1774,0.2157,0.2353,0.00638039,0,-0.00875,-7.26,0.034756219,0.00638039,0,0.055,-7.26,0.034756219,0.007412932,-1,-0.29313,11.8,-0.008233685
0.122,0.1774,0.2157,0.004880439,2,-0.11625,-1.7,0.033621687,0.004880439,2,-0.00875,-1.7,0.033621687,0.00638039,0,0.055,-7.26,0.034756219
0.0451,0.122,0.1774,0.003887274,4,-0.085,-0.93,0.019734043,0.003887274,4,-0.11625,-0.93,0.019734043,0.004880439,2,-0.00875,-1.7,0.033621687
-0.0515,0.0451,0.122,0.005320448,-1,-0.1375,8.52,-0.02805072,0.005320448,-1,-0.085,8.52,-0.02805072,0.003887274,4,-0.11625,-0.93,0.019734043
-0.1398,-0.0515,0.0451,-0.005805532,-3,-0.1475,-12.8,-0.038945256,-0.005805532,-3,-0.1375,-12.8,-0.038945256,0.005320448,-1,-0.085,8.52,-0.02805072
-0.1872,-0.1398,-0.0515,0.005805532,2,-0.60687,1.38,0.009913681,0.005805532,2,-0.1475,1.38,0.009913681,-0.005805532,-3,-0.1375,-12.8,-0.038945256
-0.2013,-0.1872,-0.1398,0.00337106,-3,0.25875,4.69,-0.018704412,0.00337106,-3,-0.60687,4.69,-0.018704412,0.005805532,2,-0.1475,1.38,0.009913681
-0.2309,-0.2013,-0.1872,0.004317589,-1,0.10687,-2.83,0.039114668,0.004317589,-1,0.25875,-2.83,0.039114668,0.00337106,-3,-0.60687,4.69,-0.018704412
-0.2853,-0.2309,-0.2013,0.003822269,-2,-0.20562,0.87,-0.083682239,0.003822269,-2,0.10687,0.87,-0.083682239,0.004317589,-1,0.25875,-2.83,0.039114668
-0.3337,-0.2853,-0.2309,0.00570615,-4,0.3425,-6.14,0.000401306,0.00570615,-4,-0.20562,-6.14,0.000401306,0.003822269,-2,0.10687,0.87,-0.083682239
-0.3941,-0.3337,-0.2853,-0.005229392,1,0.55312,1.39,-0.068495371,-0.005229392,1,0.3425,1.39,-0.068495371,0.00570615,-4,-0.20562,-6.14,0.000401306
-0.4656,-0.3941,-0.3337,0.007597377,-4,-0.06187,-2.16,-0.026880466,0.007597377,-4,0.55312,-2.16,-0.026880466,-0.005229392,1,0.3425,1.39,-0.068495371
-0.5506,-0.4656,-0.3941,0.003305788,-2,-0.335,6.75,-0.023301237,0.003305788,-2,-0.06187,6.75,-0.023301237,0.007597377,-4,0.55312,-2.16,-0.026880466
-0.66775,-0.5506,-0.4656,0.008918153,-5,0.09375,-16.75,0.033083902,0.008918153,-5,-0.335,-16.75,0.033083902,0.003305788,-2,-0.06187,6.75,-0.023301237
-0.79308,-0.66775,-0.5506,0.005127021,-5,0.04687,-0.92,-0.009461715,0.005127021,-5,0.09375,-0.92,-0.009461715,0.008918153,-5,-0.335,-16.75,0.033083902
-0.8949,-0.79308,-0.66775,0.007872233,-5,-0.11062,3.48,-0.123258286,0.007872233,-5,0.04687,3.48,-0.123258286,0.005127021,-5,0.09375,-0.92,-0.009461715
-0.93337,-0.8949,-0.79308,-0.001384722,-5,0.1525,-6.8,-0.018917317,-0.001384722,-5,-0.11062,-6.8,-0.018917317,0.007872233,-5,0.04687,3.48,-0.123258286
-0.89293,-0.93337,-0.8949,0.003228041,3,0.04437,-7.61,0.059770165,0.003228041,3,0.1525,-7.61,0.059770165,-0.001384722,-5,-0.11062,-6.8,-0.018917317
-0.8208,-0.89293,-0.93337,0.005509656,4,-0.23937,-2.32,-0.160486591,0.005509656,4,0.04437,-2.32,-0.160486591,0.003228041,3,0.1525,-7.61,0.059770165
-0.70812,-0.8208,-0.89293,-0.003210276,-4,-0.11625,-10.76,-0.184102829,-0.003210276,-4,-0.23937,-10.76,-0.184102829,0.005509656,4,0.04437,-2.32,-0.160486591
-0.52798,-0.70812,-0.8208,-0.007839561,1,2.0475,-9.15,-0.023198279,-0.007839561,1,-0.11625,-9.15,-0.023198279,-0.003210276,-4,-0.23937,-10.76,-0.184102829
-0.30533,-0.52798,-0.70812,-0.014455836,2,1.09062,-0.11,0.028471453,-0.014455836,2,2.0475,-0.11,0.028471453,-0.007839561,1,-0.11625,-9.15,-0.023198279
-0.08457,-0.30533,-0.52798,-0.013238964,-4,0.74688,-5.66,-0.149452828,-0.013238964,-4,1.09062,-5.66,-0.149452828,-0.014455836,2,2.0475,-0.11,0.028471453
0.1755,-0.08457,-0.30533,0.006168466,2,0.1575,-5.12,-0.070912053,0.006168466,2,0.74688,-5.12,-0.070912053,-0.013238964,-4,1.09062,-5.66,-0.149452828
0.44332,0.1755,-0.08457,-0.000473149,5,0.3225,-4.23,0.019252416,-0.000473149,5,0.1575,-4.23,0.019252416,0.006168466,2,0.74688,-5.12,-0.070912053
0.69678,0.44332,0.1755,0.000946074,3,0.24312,17.19,0.152942828,0.000946074,3,0.3225,17.19,0.152942828,-0.000473149,5,0.1575,-4.23,0.019252416
0.88401,0.69678,0.44332,0.006127759,0,0.18938,14.1,-0.004502194,0.006127759,0,0.24312,14.1,-0.004502194,0.000946074,3,0.3225,17.19,0.152942828
1.00955,0.88401,0.69678,0.002815581,2,0.07937,1.45,-0.010172105,0.002815581,2,0.18938,1.45,-0.010172105,0.006127759,0,0.24312,14.1,-0.004502194
1.06413,1.00955,0.88401,0,0,0.29125,5.19,0.092310112,0,0,0.07937,5.19,0.092310112,0.002815581,2,0.18938,1.45,-0.010172105
1.02735,1.06413,1.00955,0.00467509,0,0.21813,7.4,0.083139314,0.00467509,0,0.29125,7.4,0.083139314,0,0,0.07937,5.19,0.092310112
0.91369,1.02735,1.06413,0.004188975,9,0.14875,3.67,0.047850404,0.004188975,9,0.21813,3.67,0.047850404,0.00467509,0,0.29125,7.4,0.083139314
0.7301,0.91369,1.02735,0.003246003,3,0.0025,10.3,-0.054924159,0.003246003,3,0.14875,10.3,-0.054924159,0.004188975,9,0.21813,3.67,0.047850404
0.5064,0.7301,0.91369,0.002773927,-4,-0.03375,1.83,0.022311422,0.002773927,-4,0.0025,1.83,0.022311422,0.003246003,3,0.14875,10.3,-0.054924159
0.3054,0.5064,0.7301,0.006442728,-2,0.00812,-11.11,0.024296137,0.006442728,-2,-0.03375,-11.11,0.024296137,0.002773927,-4,0.0025,1.83,0.022311422
0.1433,0.3054,0.5064,-0.000458821,2,-0.01125,6.3,-0.012632637,-0.000458821,2,0.00812,6.3,-0.012632637,0.006442728,-2,-0.03375,-11.11,0.024296137
0.0261,0.1433,0.3054,0.005948313,3,-0.02875,-1.1,0.014783796,0.005948313,3,-0.01125,-1.1,0.014783796,-0.000458821,2,0.00812,6.3,-0.012632637
-0.0612,0.0261,0.1433,0.006819758,-1,-0.00281,-2.21,0.068216889,0.006819758,-1,-0.02875,-2.21,0.068216889,0.005948313,3,-0.01125,-1.1,0.014783796
-0.1349,-0.0612,0.0261,0.009470195,-1,-0.0075,10.15,-0.005891901,0.009470195,-1,-0.00281,10.15,-0.005891901,0.006819758,-1,-0.02875,-2.21,0.068216889
-0.1939,-0.1349,-0.0612,0.003584233,-2,-0.04094,2.15,-0.073392295,0.003584233,-2,-0.0075,2.15,-0.073392295,0.009470195,-1,-0.00281,10.15,-0.005891901
-0.212,-0.1939,-0.1349,0.00223364,-1,-0.03593,-0.57,-0.060737241,0.00223364,-1,-0.04094,-0.57,-0.060737241,0.003584233,-2,-0.0075,2.15,-0.073392295
-0.1986,-0.212,-0.1939,-0.00223364,-3,-0.005,-6.84,0.064228754,-0.00223364,-3,-0.03593,-6.84,0.064228754,0.00223364,-1,-0.04094,-0.57,-0.060737241
-0.1446,-0.1986,-0.212,0.004016966,4,0.01231,2.43,-0.015111493,0.004016966,4,-0.005,2.43,-0.015111493,-0.00223364,-3,-0.03593,-6.84,0.064228754
-0.0858,-0.1446,-0.1986,0.00355714,-2,-0.00763,2.67,0.084174775,0.00355714,-2,0.01231,2.67,0.084174775,0.004016966,4,-0.005,2.43,-0.015111493
-0.0386,-0.0858,-0.1446,0.002216804,1,-0.00537,10.36,0.031628558,0.002216804,1,-0.00763,10.36,0.031628558,0.00355714,-2,0.01231,2.67,0.084174775
-0.0047,-0.0386,-0.0858,0.00441892,-2,-0.00275,-12.21,-0.029413173,0.00441892,-2,-0.00537,-12.21,-0.029413173,0.002216804,1,-0.00763,10.36,0.031628558
0.0106,-0.0047,-0.0386,0.007029906,0,-0.01188,8.89,0.064968721,0.007029906,0,-0.00275,8.89,0.064968721,0.00441892,-2,-0.00537,-12.21,-0.029413173
0.0029,0.0106,-0.0047,0.002623526,-8,-0.02375,-0.76,0.003450262,0.002623526,-8,-0.01188,-0.76,0.003450262,0.007029906,0,-0.00275,8.89,0.064968721
-0.0201,0.0029,0.0106,0.009993566,1,-0.02612,1.93,0.045559321,0.009993566,1,-0.02375,1.93,0.045559321,0.002623526,-8,-0.01188,-0.76,0.003450262
-0.0748,-0.0201,0.0029,0.005174656,0,-0.00388,3.79,-0.056131659,0.005174656,0,-0.02612,3.79,-0.056131659,0.009993566,1,-0.02375,1.93,0.045559321
-0.1399,-0.0748,-0.0201,0.008138833,-3,-0.01375,-3.86,0.036546647,0.008138833,-3,-0.00388,-3.86,0.036546647,0.005174656,0,-0.02612,3.79,-0.056131659
-0.2143,-0.1399,-0.0748,0.003407158,10,-0.005,-2.81,-0.005114183,0.003407158,10,-0.01375,-2.81,-0.005114183,0.008138833,-3,-0.00388,-3.86,0.036546647
-0.30987,-0.2143,-0.1399,0,-4,-0.00062,-5.6,-0.011853733,0,-4,-0.005,-5.6,-0.011853733,0.003407158,10,-0.01375,-2.81,-0.005114183
-0.37696,-0.30987,-0.2143,-0.002128113,-5,-0.00531,-4.86,-0.036947675,-0.002128113,-5,-0.00062,-4.86,-0.036947675,0,-4,-0.005,-5.6,-0.011853733
-0.39518,-0.37696,-0.30987,0.005947341,-1,-0.03688,5.45,-0.116520551,0.005947341,-1,-0.00531,5.45,-0.116520551,-0.002128113,-5,-0.00062,-4.86,-0.036947675
-0.3684,-0.39518,-0.37696,0.007594973,1,-0.0575,-3.34,-0.049044893,0.007594973,1,-0.03688,-3.34,-0.049044893,0.005947341,-1,-0.00531,5.45,-0.116520551
-0.3075,-0.3684,-0.39518,0.000420256,-2,-0.04937,-15.56,0.052064842,0.000420256,-2,-0.0575,-15.56,0.052064842,0.007594973,1,-0.03688,-3.34,-0.049044893
-0.22201,-0.3075,-0.3684,0.002098637,1,-0.04463,4.75,-0.024906887,0.002098637,1,-0.04937,4.75,-0.024906887,0.000420256,-2,-0.0575,-15.56,0.052064842
-0.12798,-0.22201,-0.3075,0.003766483,-2,-0.05119,-0.12,-0.005492876,0.003766483,-2,-0.04463,-0.12,-0.005492876,0.002098637,1,-0.04937,4.75,-0.024906887
-0.04138,-0.12798,-0.22201,-0.005865119,4,-0.01968,18.21,0.040924514,-0.005865119,4,-0.05119,18.21,0.040924514,0.003766483,-2,-0.04463,-0.12,-0.005492876
0.01123,-0.04138,-0.12798,0.007951496,0,0.01875,-4.05,0.052216806,0.007951496,0,-0.01968,-4.05,0.052216806,-0.005865119,4,-0.05119,18.21,0.040924514
0.03212,0.01123,-0.04138,0.003744544,-2,0.03525,8.81,0.015040102,0.003744544,-2,0.01875,8.81,0.015040102,0.007951496,0,-0.01968,-4.05,0.052216806
0.04332,0.03212,0.01123,0.007034997,0,0.02243,1.11,-0.027991902,0.007034997,0,0.03525,1.11,-0.027991902,0.003744544,-2,0.01875,8.81,0.015040102
0.06726,0.04332,0.03212,-0.000412456,2,0.00688,-27.77,-0.070313165,-0.000412456,2,0.02243,-27.77,-0.070313165,0.007034997,0,0.03525,1.11,-0.027991902
0.1201,0.06726,0.04332,-0.002478316,0,0.0885,11.36,0.040063567,-0.002478316,0,0.00688,11.36,0.040063567,-0.000412456,2,0.02243,-27.77,-0.070313165
0.18024,0.1201,0.06726,0.001239926,0,0.13437,6.1,0.024393953,0.001239926,0,0.0885,6.1,0.024393953,-0.002478316,0,0.00688,11.36,0.040063567
0.21271,0.18024,0.1201,0.003710579,0,0.08463,-12.51,0.017066974,0.003710579,0,0.13437,-12.51,0.017066974,0.001239926,0,0.0885,6.1,0.024393953
0.22276,0.21271,0.18024,0.004926118,1,0.06812,7.65,0.019371185,0.004926118,1,0.08463,7.65,0.019371185,0.003710579,0,0.13437,-12.51,0.017066974
0.21099,0.22276,0.21271,0.005716635,-2,0.09938,9.51,0.004432437,0.005716635,-2,0.06812,9.51,0.004432437,0.004926118,1,0.08463,7.65,0.019371185
0.18716,0.21099,0.22276,0,8,0.00812,-19.32,0.041739148,0,8,0.09938,-19.32,0.041739148,0.005716635,-2,0.06812,9.51,0.004432437
0.17423,0.18716,0.21099,0.004874096,-7,0.00563,8.9,0.014300834,0.004874096,-7,0.00812,8.9,0.014300834,0,8,0.09938,-19.32,0.041739148
0.19586,0.17423,0.18716,-0.004060095,3,0.00625,3.2,0.064934776,-0.004060095,3,0.00563,3.2,0.064934776,0.004874096,-7,0.00812,8.9,0.014300834
0.2229,0.19586,0.17423,0.007296344,0,0.0025,-7.04,0.041996053,0.007296344,0,0.00625,-7.04,0.041996053,-0.004060095,3,0.00563,3.2,0.064934776
0.2544,0.2229,0.19586,0.00443281,0,0.00187,16.85,0.013412009,0.00443281,0,0.0025,16.85,0.013412009,0.007296344,0,0.00625,-7.04,0.041996053
0.2742,0.2544,0.2229,0.003211564,-1,0.0025,2.09,0.015924676,0.003211564,-1,0.00187,2.09,0.015924676,0.00443281,0,0.0025,16.85,0.013412009
0.2768,0.2742,0.2544,0.002002003,5,-0.00125,-5.78,0.048944815,0.002002003,5,0.0025,-5.78,0.048944815,0.003211564,-1,0.00187,2.09,0.015924676
0.2719,0.2768,0.2742,-0.001200721,1,-0.00287,-6.66,-0.046781873,-0.001200721,1,-0.00125,-6.66,-0.046781873,0.002002003,5,0.0025,-5.78,0.048944815
0.2676,0.2719,0.2768,0,5,-0.00175,7.07,0.076388865,0,5,-0.00287,7.07,0.076388865,-0.001200721,1,-0.00125,-6.66,-0.046781873
0.2321,0.2676,0.2719,0.005192742,3,-0.00225,8.5,-0.030600231,0.005192742,3,-0.00175,8.5,-0.030600231,0,5,-0.00287,7.07,0.076388865
0.1811,0.2321,0.2676,0.003579244,3,-0.005,8.67,0.020054401,0.003579244,3,-0.00225,8.67,0.020054401,0.005192742,3,-0.00175,8.5,-0.030600231
0.1261,0.1811,0.2321,0,-1,0.00031,-19.43,0.055131353,0,-1,-0.005,-19.43,0.055131353,0.003579244,3,-0.00225,8.67,0.020054401
0.1025,0.1261,0.1811,0.000793651,-1,-0.00687,16.6,-0.024947901,0.000793651,-1,0.00031,16.6,-0.024947901,0,-1,-0.005,-19.43,0.055131353
0.0991,0.1025,0.1261,0.005143434,-1,-0.00032,-8.08,0.008757701,0.005143434,-1,-0.00687,-8.08,0.008757701,0.000793651,-1,0.00031,16.6,-0.024947901
0.0979,0.0991,0.1025,-0.003162058,6,0.00469,2.2,-0.03326314,-0.003162058,6,-0.00032,2.2,-0.03326314,0.005143434,-1,-0.00687,-8.08,0.008757701
0.087,0.0979,0.0991,0.006314149,0,-0.0025,0.97,0.04632867,0.006314149,0,0.00469,0.97,0.04632867,-0.003162058,6,-0.00032,2.2,-0.03326314
0.0715,0.087,0.0979,0.002357565,2,-0.00119,-9.09,-0.043761752,0.002357565,2,-0.0025,-9.09,-0.043761752,0.006314149,0,0.00469,0.97,0.04632867
0.0279,0.0715,0.087,0.003525959,2,-0.00318,14.08,0.009871238,0.003525959,2,-0.00119,14.08,0.009871238,0.002357565,2,-0.0025,-9.09,-0.043761752
-0.0319,0.0279,0.0715,0.000781861,3,-0.00119,-0.83,0.021041146,0.000781861,3,-0.00318,-0.83,0.021041146,0.003525959,2,-0.00119,14.08,0.009871238
-0.0924,-0.0319,0.0279,0.00156189,1,-0.02663,1.31,-0.029946846,0.00156189,1,-0.00119,1.31,-0.029946846,0.000781861,3,-0.00318,-0.83,0.021041146
-0.1354,-0.0924,-0.0319,-0.001171189,-3,-0.00343,-3.94,-0.016391356,-0.001171189,-3,-0.02663,-3.94,-0.016391356,0.00156189,1,-0.00119,1.31,-0.029946846
-0.156,-0.1354,-0.0924,0.00389864,3,-0.00507,3.53,0.026179603,0.00389864,3,-0.00343,3.53,0.026179603,-0.001171189,-3,-0.02663,-3.94,-0.016391356
-0.1674,-0.156,-0.1354,0.002331909,-2,-0.00237,-3.31,-0.029316238,0.002331909,-2,-0.00507,-3.31,-0.029316238,0.00389864,3,-0.00343,3.53,0.026179603
-0.1588,-0.1674,-0.156,0.000388123,-1,0.0075,-4.4,-0.001098256,0.000388123,-1,-0.00237,-4.4,-0.001098256,0.002331909,-2,-0.00507,-3.31,-0.029316238
-0.1425,-0.1588,-0.1674,-0.002331003,0,0.00037,-4.48,0.04988842,-0.002331003,0,0.0075,-4.48,0.04988842,0.000388123,-1,-0.00237,-4.4,-0.001098256
-0.1071,-0.1425,-0.1588,0.001554606,-2,-0.00412,3.94,-0.008580015,0.001554606,-2,0.00037,3.94,-0.008580015,-0.002331003,0,0.0075,-4.48,0.04988842
-0.0621,-0.1071,-0.1425,-0.008188777,5,-0.00156,-7.79,0.057848984,-0.008188777,5,-0.00412,-7.79,0.057848984,0.001554606,-2,0.00037,3.94,-0.008580015
-0.0169,-0.0621,-0.1071,0.005077144,0,-0.00188,7.96,0.026480401,0.005077144,0,-0.00156,7.96,0.026480401,-0.008188777,5,-0.00412,-7.79,0.057848984
0.0029,-0.0169,-0.0621,0.001557026,3,-0.001,-3.02,-0.017224081,0.001557026,3,-0.00188,-3.02,-0.017224081,0.005077144,0,-0.00156,7.96,0.026480401
-0.009,0.0029,-0.0169,0.003494471,0,-0.00281,-4.91,0.010349818,0.003494471,0,-0.001,-4.91,0.010349818,0.001557026,3,-0.00188,-3.02,-0.017224081
-0.0389,-0.009,0.0029,0.001936109,-3,0.00187,-1.88,0.028101708,0.001936109,-3,-0.00281,-1.88,0.028101708,0.003494471,0,-0.001,-4.91,0.010349818
-0.0707,-0.0389,-0.009,0.001546193,6,-0.005,2.28,-0.063897491,0.001546193,6,0.00187,2.28,-0.063897491,0.001936109,-3,-0.00281,-1.88,0.028101708
-0.1194,-0.0707,-0.0389,-0.00115942,-3,-0.01218,1.04,0.027246267,-0.00115942,-3,-0.005,1.04,0.027246267,0.001546193,6,0.00187,2.28,-0.063897491
-0.157,-0.1194,-0.0707,0.004629638,3,-0.00094,-2.44,-0.047965825,0.004629638,3,-0.01218,-2.44,-0.047965825,-0.00115942,-3,-0.005,1.04,0.027246267
-0.18,-0.157,-0.1194,-0.000770119,-4,-0.00125,-4.28,-0.028640972,-0.000770119,-4,-0.00094,-4.28,-0.028640972,0.004629638,3,-0.01218,-2.44,-0.047965825
-0.1799,-0.18,-0.157,-0.000385282,-1,0.00437,0.62,0.045796958,-0.000385282,-1,-0.00125,0.62,0.045796958,-0.000770119,-4,-0.00094,-4.28,-0.028640972
-0.1728,-0.1799,-0.18,0.001155402,-1,0.01063,-9.56,0.018585833,0.001155402,-1,0.00437,-9.56,0.018585833,-0.000385282,-1,-0.00125,0.62,0.045796958
-0.1607,-0.1728,-0.1799,0.00307456,1,-0.01438,0.95,-0.004786758,0.00307456,1,0.01063,0.95,-0.004786758,0.001155402,-1,0.00437,-9.56,0.018585833
-0.1575,-0.1607,-0.1728,-0.006931102,2,-0.00412,14.22,-0.024849689,-0.006931102,2,-0.01438,14.22,-0.024849689,0.00307456,1,0.01063,0.95,-0.004786758
-0.1309,-0.1575,-0.1607,0.004626068,-4,-0.00088,-7.03,-0.002622162,0.004626068,-4,-0.00412,-7.03,-0.002622162,-0.006931102,2,-0.01438,14.22,-0.024849689
-0.09093,-0.1309,-0.1575,0.004221845,0,0.00188,12.04,0.007106396,0.004221845,0,-0.00088,12.04,0.007106396,0.004626068,-4,-0.00412,-7.03,-0.002622162
-0.05947,-0.09093,-0.1309,0.001148325,-3,0.00062,-4.91,-0.006751647,0.001148325,-3,0.00188,-4.91,-0.006751647,0.004221845,0,-0.00088,12.04,0.007106396
-0.02357,-0.05947,-0.09093,0.002674309,2,-0.00106,2.08,0.010900156,0.002674309,2,0.00062,2.08,0.010900156,0.001148325,-3,0.00188,-4.91,-0.006751647
0.01961,-0.02357,-0.05947,0.003808078,0,0.00294,4.25,-0.024362,0.003808078,0,-0.00106,4.25,-0.024362,0.002674309,2,0.00062,2.08,0.010900156
0.07707,0.01961,-0.02357,0.001139601,-11,0.063,-14.98,0.055245284,0.001139601,-11,0.00294,-14.98,0.055245284,0.003808078,0,-0.00106,4.25,-0.024362
0.15819,0.07707,0.01961,0,5,0.13575,3.6,0.013447966,0,5,0.063,3.6,0.013447966,0.001139601,-11,0.00294,-14.98,0.055245284
0.2033,0.15819,0.07707,0.005678607,6,0.01156,11.73,0.000872249,0.005678607,6,0.13575,11.73,0.000872249,0,5,0.063,3.6,0.013447966
0.1818,0.2033,0.15819,-0.000377572,-2,-0.02606,-4.36,0.018011919,-0.000377572,-2,0.01156,-4.36,0.018011919,0.005678607,6,0.13575,11.73,0.000872249
0.142,0.1818,0.2033,0.002640017,-5,0.00362,12.36,-0.030666684,0.002640017,-5,-0.02606,12.36,-0.030666684,-0.000377572,-2,0.01156,-4.36,0.018011919
0.1016,0.142,0.1818,0.006008279,1,0.03313,-3.03,0.052138553,0.006008279,1,0.00362,-3.03,0.052138553,0.002640017,-5,-0.02606,12.36,-0.030666684
0.0544,0.1016,0.142,-0.006008279,2,0.00562,0.23,-0.013304541,-0.006008279,2,0.03313,0.23,-0.013304541,0.006008279,1,0.00362,-3.03,0.052138553
0.028,0.0544,0.1016,0.010863564,-1,0.00375,2.98,0.043687348,0.010863564,-1,0.00562,2.98,0.043687348,-0.006008279,2,0.03313,0.23,-0.013304541
0.0148,0.028,0.0544,0.003347595,0,0.01407,3.11,0.013356725,0.003347595,0,0.00375,3.11,0.013356725,0.010863564,-1,0.00562,2.98,0.043687348
0.0189,0.0148,0.028,0.004815716,-1,0.00593,-18.92,0.003265359,0.004815716,-1,0.01407,-18.92,0.003265359,0.003347595,0,0.00375,3.11,0.013356725
0.0402,0.0189,0.0148,0.004056801,2,0.03157,11.04,0.034519537,0.004056801,2,0.00593,11.04,0.034519537,0.004815716,-1,0.01407,-18.92,0.003265359
0.0263,0.0402,0.0189,0.002205883,-5,0.01725,0.24,-0.050172704,0.002205883,-5,0.03157,0.24,-0.050172704,0.004056801,2,0.00593,11.04,0.034519537
-0.0029,0.0263,0.0402,0.002201028,-2,-0.001,2.97,-0.003097576,0.002201028,-2,0.01725,2.97,-0.003097576,0.002205883,-5,0.03157,0.24,-0.050172704
-0.0379,-0.0029,0.0263,0.006574165,2,0.01031,0.63,0.007399462,0.006574165,2,-0.001,0.63,0.007399462,0.002201028,-2,0.01725,2.97,-0.003097576
-0.0684,-0.0379,-0.0029,0.001455075,1,-0.04875,-1.23,-0.00348997,0.001455075,1,0.01031,-1.23,-0.00348997,0.006574165,2,-0.001,0.63,0.007399462
-0.1154,-0.0684,-0.0379,0.000726744,-1,-0.06491,-4.36,0.012038619,0.000726744,-1,-0.04875,-4.36,0.012038619,0.001455075,1,0.01031,-1.23,-0.00348997
-0.1424,-0.1154,-0.0684,0.001814553,-2,-0.13434,-4.71,-0.027864273,0.001814553,-2,-0.06491,-4.71,-0.027864273,0.000726744,-1,-0.04875,-4.36,0.012038619
-0.1413,-0.1424,-0.1154,0.008304796,-1,0.01012,-0.02,0.044927342,0.008304796,-1,-0.13434,-0.02,0.044927342,0.001814553,-2,-0.06491,-4.71,-0.027864273
-0.1316,-0.1413,-0.1424,-0.007579896,4,-0.00787,6.27,-0.012109898,-0.007579896,4,0.01012,6.27,-0.012109898,0.008304796,-1,-0.13434,-0.02,0.044927342
-0.1144,-0.1316,-0.1413,0.007579896,-1,-0.02969,-12.02,-0.043690408,0.007579896,-1,-0.00787,-12.02,-0.043690408,-0.007579896,4,0.01012,6.27,-0.012109898
-0.09622,-0.1144,-0.1316,0.000718907,3,-0.07089,-2.81,-0.014922276,0.000718907,3,-0.02969,-2.81,-0.014922276,0.007579896,-1,-0.00787,-12.02,-0.043690408
-0.08506,-0.09622,-0.1144,0.005017932,-2,-0.13026,9.04,0.049982641,0.005017932,-2,-0.07089,9.04,0.049982641,0.000718907,3,-0.02969,-2.81,-0.014922276
-0.09813,-0.08506,-0.09622,0.003568883,2,0.1309,5.01,0.020163703,0.003568883,2,-0.13026,5.01,0.020163703,0.005017932,-2,-0.07089,9.04,0.049982641
-0.16155,-0.09813,-0.08506,0.002845964,-2,-0.00519,-7.77,-0.001791489,0.002845964,-2,0.1309,-7.77,-0.001791489,0.003568883,2,-0.13026,5.01,0.020163703
-0.24004,-0.16155,-0.09813,0.000710227,-1,-0.13025,-2.09,0.001548764,0.000710227,-1,-0.00519,-2.09,0.001548764,0.002845964,-2,0.1309,-7.77,-0.001791489
-0.31533,-0.24004,-0.16155,0.008835541,3,-0.04562,4.68,-0.025788646,0.008835541,3,-0.13025,4.68,-0.025788646,0.000710227,-1,-0.00519,-2.09,0.001548764
-0.37149,-0.31533,-0.24004,-0.000351927,-2,6.00E-05,-0.19,-0.011839647,-0.000351927,-2,-4.56E-02,-0.19,-0.011839647,0.008835541,3,-0.13025,4.68,-0.025788646
-0.36725,-0.37149,-0.31533,0.001406965,-1,0.00094,-17.37,-0.064551124,0.001406965,-1,0.00006,-17.37,-0.064551124,-0.000351927,-2,-4.56E-02,-0.19,-0.011839647
-0.33296,-0.36725,-0.37149,0.000351432,-3,-0.08588,12.22,-0.009930166,0.000351432,-3,0.00094,12.22,-0.009930166,0.001406965,-1,0.00006,-17.37,-0.064551124
-0.26686,-0.33296,-0.36725,0.003507545,-1,-0.019,5.99,-0.068847406,0.003507545,-1,-0.08588,5.99,-0.068847406,0.000351432,-3,0.00094,12.22,-0.009930166
-0.17322,-0.26686,-0.33296,-0.009145333,0,-0.01912,-4.69,0.055451908,-0.009145333,0,-0.019,-4.69,0.055451908,0.003507545,-1,-0.08588,5.99,-0.068847406
-0.07404,-0.17322,-0.26686,0.007042283,1,0.06887,-10.04,0.006515128,0.007042283,1,-0.01912,-10.04,0.006515128,-0.009145333,0,-0.019,-4.69,0.055451908
-0.00862,-0.07404,-0.17322,0.000350816,0,0.0215,-0.72,0.027374956,0.000350816,0,0.06887,-0.72,0.027374956,0.007042283,1,-0.01912,-10.04,0.006515128
0.02113,-0.00862,-0.07404,0.014278494,0,0.01513,-8.01,0.035446749,0.014278494,0,0.0215,-8.01,0.035446749,0.000350816,0,0.06887,-0.72,0.027374956
0.02548,0.02113,-0.00862,0.00138217,3,0.01775,4.01,-0.072023803,0.00138217,3,0.01513,4.01,-0.072023803,0.014278494,0,0.0215,-8.01,0.035446749
0.00528,0.02548,0.02113,-0.000345363,-3,0.02012,1.2,0.029233897,-0.000345363,-3,0.01775,1.2,0.029233897,0.00138217,3,0.01513,4.01,-0.072023803
-0.0159,0.00528,0.02548,0.00757058,2,0.01938,4.87,0.025174582,0.00757058,2,0.02012,4.87,0.025174582,-0.000345363,-3,0.01775,1.2,0.029233897
-0.03033,-0.0159,0.00528,-0.00240261,-3,0.00425,-8.27,-0.036833574,-0.00240261,-3,0.01938,-8.27,-0.036833574,0.00757058,2,0.02012,4.87,0.025174582
-0.00293,-0.03033,-0.0159,0,2,-0.01575,-17.16,0.045518109,0,2,0.00425,-17.16,0.045518109,-0.00240261,-3,0.01938,-8.27,-0.036833574
0.07868,-0.00293,-0.03033,-0.002063984,-2,-0.0175,7.59,-0.00451175,-0.002063984,-2,-0.01575,7.59,-0.00451175,0,2,0.00425,-17.16,0.045518109
0.20229,0.07868,-0.00293,0.002063984,0,-0.00863,16.18,0.029490262,0.002063984,0,-0.0175,16.18,0.029490262,-0.002063984,-2,-0.01575,7.59,-0.00451175
0.3254,0.20229,0.07868,0.003088011,3,0.00425,-5.98,0.033544559,0.003088011,3,-0.00863,-5.98,0.033544559,0.002063984,0,-0.0175,16.18,0.029490262
0.43916,0.3254,0.20229,-0.004463527,2,0.099,6.35,-0.034050073,-0.004463527,2,0.00425,6.35,-0.034050073,0.003088011,3,-0.00863,-5.98,0.033544559
0.54238,0.43916,0.3254,0.004806051,2,-0.05187,-0.08,-0.111761163,0.004806051,2,0.099,-0.08,-0.111761163,-0.004463527,2,0.00425,6.35,-0.034050073
-3.09236,0.54238,0.43916,0.002052686,-27,0.21437,-27.66,-0.275540417,0.002052686,-27,-0.05187,-27.66,-0.275540417,0.004806051,2,0.099,-0.08,-0.111761163
-9.17074,-3.09236,0.54238,0,1,-0.11512,-46.03,0.031705056,0,1,0.21437,-46.03,0.031705056,0.002052686,-27,-0.05187,-27.66,-0.275540417
2.10071,-9.17074,-3.09236,-0.001367989,-3,0.39562,17.01,0.025820523,-0.001367989,-3,-0.11512,17.01,0.025820523,0,1,0.21437,-46.03,0.031705056
5.51221,2.10071,-9.17074,0.001709694,9,0.09075,20.18,0.005391085,0.001709694,9,0.39562,20.18,0.005391085,-0.001367989,-3,-0.11512,17.01,0.025820523
4.88815,5.51221,2.10071,0.005111614,0,0.08938,46.83,-0.079012363,0.005111614,0,0.09075,46.83,-0.079012363,0.001709694,9,0.39562,20.18,0.005391085
-0.04321,4.88815,5.51221,-0.003063832,0,0.00775,-26.22,0.049152777,-0.003063832,0,0.08938,-26.22,0.049152777,0.005111614,0,0.09075,46.83,-0.079012363
-0.46976,-0.04321,4.88815,0.003403679,2,0.01625,4.85,-0.04972061,0.003403679,2,0.00775,4.85,-0.04972061,-0.003063832,0,0.08938,-26.22,0.049152777
-0.43366,-0.46976,-0.04321,0,-6,0.00375,25.55,-0.039930957,0,-6,0.01625,25.55,-0.039930957,0.003403679,2,0.00775,4.85,-0.04972061
-0.15083,-0.43366,-0.46976,-0.002722016,-2,-0.00275,-23.83,0.169015025,-0.002722016,-2,0.00375,-23.83,0.169015025,0,-6,0.01625,25.55,-0.039930957
0.84907,-0.15083,-0.43366,0.006452731,7,0.014,4.05,0.048160011,0.006452731,7,-0.00275,4.05,0.048160011,-0.002722016,-2,0.00375,-23.83,0.169015025
-0.15925,0.84907,-0.15083,-0.002711866,-2,0.00362,-22.62,-0.02383071,-0.002711866,-2,0.014,-22.62,-0.02383071,0.006452731,7,-0.00275,4.05,0.048160011
0.84165,-0.15925,0.84907,0.00474095,5,-0.02712,17.89,0.030232629,0.00474095,5,0.00362,17.89,0.030232629,-0.002711866,-2,0.014,-22.62,-0.02383071
1.06695,0.84165,-0.15925,0.003035927,7,-0.02075,32.36,0.055509165,0.003035927,7,-0.02712,32.36,0.055509165,0.00474095,5,0.00362,17.89,0.030232629