CLI,CLI_t-1,CLI_t-2,y1,y1_t-1,y1_t-2,y2,y2_t-1,y2_t-2,y3,y3_t-1,y3_t-2,y4,y4_t-1,y4_t-2,y5,y5_t-1,y5_t-2
0.03,-0.01,-0.03,0.013407707,0.056312277,0.116966524,1.441,1.4274,1.3703,-0.94196,-0.14425,-9.9476E-14,-0.0366,0.0755,-0.0973,0.091914985,0.05737258,0.006659005
0.07,0.03,-0.01,-0.003548924,0.013407707,0.056312277,1.4374,1.441,1.4274,-1.20009,-0.94196,-0.14425,-0.0364,-0.0366,0.0755,0.031545992,0.091914985,0.05737258
0.05,0.07,0.03,-0.011140496,-0.003548924,0.013407707,1.4261,1.4374,1.441,-0.30965,-1.20009,-0.94196,0.0147,-0.0364,-0.0366,-0.038103657,0.031545992,0.091914985
0.04,0.05,0.07,0.005521109,-0.011140496,-0.003548924,1.4317,1.4261,1.4374,-0.44413,-0.30965,-1.20009,-0.0338,0.0147,-0.0364,0.003044379,-0.038103657,0.031545992
0.04,0.04,0.05,-0.033427091,0.005521109,-0.011140496,1.3978,1.4317,1.4261,0.21513,-0.44413,-0.30965,-0.0003,-0.0338,0.0147,-0.009007984,0.003044379,-0.038103657
0.04,0.04,0.04,-0.054651225,-0.033427091,0.005521109,1.3424,1.3978,1.4317,-0.1437,0.21513,-0.44413,0.0095,-0.0003,-0.0338,-0.006717015,-0.009007984,0.003044379
0.07,0.04,0.04,-0.042241984,-0.054651225,-0.033427091,1.2996,1.3424,1.3978,0.29457,-0.1437,0.21513,0.0294,0.0095,-0.0003,0.024647135,-0.006717015,-0.009007984
0.14,0.07,0.04,-0.01036583,-0.042241984,-0.054651225,1.2891,1.2996,1.3424,0.97548,0.29457,-0.1437,0.0341,0.0294,0.0095,-0.019485567,0.024647135,-0.006717015
0.25,0.14,0.07,-0.067453495,-0.01036583,-0.042241984,1.2208,1.2891,1.2996,0.08169,0.97548,0.29457,0.0295,0.0341,0.0294,0.027331464,-0.019485567,0.024647135
0.35,0.25,0.14,-0.069377395,-0.067453495,-0.01036583,1.1506,1.2208,1.2891,0.15812,0.08169,0.97548,-0.0016,0.0295,0.0341,0.001270077,0.027331464,-0.019485567
0.47,0.35,0.25,-0.013347327,-0.069377395,-0.067453495,1.1371,1.1506,1.2208,-0.30336,0.15812,0.08169,-0.0141,-0.0016,0.0295,0.075888641,0.001270077,0.027331464
0.4,0.47,0.35,0.032425967,-0.013347327,-0.069377395,1.1699,1.1371,1.1506,-0.20866,-0.30336,0.15812,0.0857,-0.0141,-0.0016,0.085015108,0.075888641,0.001270077
0.42,0.4,0.47,0.052472198,0.032425967,-0.013347327,1.223,1.1699,1.1371,-0.87799,-0.20866,-0.30336,0.0136,0.0857,-0.0141,0.048986624,0.085015108,0.075888641
0.41,0.42,0.4,0.057677761,0.052472198,0.032425967,1.2814,1.223,1.1699,-0.18323,-0.87799,-0.20866,-0.0132,0.0136,0.0857,-0.017279858,0.048986624,0.085015108
0.34,0.41,0.42,0.032281073,0.057677761,0.052472198,1.3141,1.2814,1.223,-0.96305,-0.18323,-0.87799,0.0513,-0.0132,0.0136,0.089585586,-0.017279858,0.048986624
0.2,0.34,0.41,0.050523143,0.032281073,0.057677761,1.3653,1.3141,1.2814,0.06816,-0.96305,-0.18323,0.0094,0.0513,-0.0132,0.054493127,0.089585586,-0.017279858
0.03,0.2,0.34,0.064892673,0.050523143,0.032281073,1.4311,1.3653,1.3141,0.31188,0.06816,-0.96305,-0.0205,0.0094,0.0513,0.044542293,0.054493127,0.089585586
-0.13,0.03,0.2,0.033219006,0.064892673,0.050523143,1.4648,1.4311,1.3653,0.85174,0.31188,0.06816,0.0561,-0.0205,0.0094,-0.046607509,0.044542293,0.054493127
-0.25,-0.13,0.03,-0.033711952,0.033219006,0.064892673,1.4306,1.4648,1.4311,0.09632,0.85174,0.31188,-0.0372,0.0561,-0.0205,0.019726299,-0.046607509,0.044542293
-0.32,-0.25,-0.13,-0.117193062,-0.033711952,0.033219006,1.3118,1.4306,1.4648,-0.16832,0.09632,0.85174,0.0477,-0.0372,0.0561,-0.091148208,0.019726299,-0.046607509
-0.34,-0.32,-0.25,-0.1127849,-0.117193062,-0.033711952,1.1976,1.3118,1.4306,-1.02919,-0.16832,0.09632,0.0262,0.0477,-0.0372,-0.212378108,-0.091148208,0.019726299
-0.32,-0.34,-0.32,0.041790677,-0.1127849,-0.117193062,1.2399,1.1976,1.3118,-1.02568,-1.02919,-0.16832,-0.0316,0.0262,0.0477,0.016872792,-0.212378108,-0.091148208
-0.24,-0.32,-0.34,0.125267345,0.041790677,-0.1127849,1.3668,1.2399,1.1976,0.91408,-1.02568,-1.02919,0.0024,-0.0316,0.0262,0.055200476,0.016872792,-0.212378108
-0.16,-0.24,-0.32,0.114370462,0.125267345,0.041790677,1.4828,1.3668,1.2399,0.40104,0.91408,-1.02568,0.0061,0.0024,-0.0316,-0.011755544,0.055200476,0.016872792
-0.07,-0.16,-0.24,0.079390803,0.114370462,0.125267345,1.5634,1.4828,1.3668,-0.37491,0.40104,0.91408,-0.013,0.0061,0.0024,0.034902631,-0.011755544,0.055200476
0.01,-0.07,-0.16,0.03071501,0.079390803,0.114370462,1.5946,1.5634,1.4828,-0.53878,-0.37491,0.40104,-0.0301,-0.013,0.0061,-0.011594174,0.034902631,-0.011755544
0.04,0.01,-0.07,0.035527073,0.03071501,0.079390803,1.6307,1.5946,1.5634,-0.3075,-0.53878,-0.37491,0.0412,-0.0301,-0.013,-0.002236991,-0.011594174,0.034902631
0,0.04,0.01,0.03010448,0.035527073,0.03071501,1.6613,1.6307,1.5946,0.90838,-0.3075,-0.53878,-0.0374,0.0412,-0.0301,0.036284988,-0.002236991,-0.011594174
-0.06,0,0.04,0.045139735,0.03010448,0.035527073,1.7072,1.6613,1.6307,1.59852,0.90838,-0.3075,0.0094,-0.0374,0.0412,0.004797909,0.036284988,-0.002236991
-0.1,-0.06,0,0.084226008,0.045139735,0.03010448,1.7929,1.7072,1.6613,0.87063,1.59852,0.90838,0.0159,0.0094,-0.0374,-0.013914259,0.004797909,0.036284988
-0.16,-0.1,-0.06,0.045866942,0.084226008,0.045139735,1.8396,1.7929,1.7072,0.74605,0.87063,1.59852,-0.0037,0.0159,0.0094,-0.030810834,-0.013914259,0.004797909
-0.17,-0.16,-0.1,-0.013551639,0.045866942,0.084226008,1.8258,1.8396,1.7929,-0.14644,0.74605,0.87063,-0.0121,-0.0037,0.0159,0.038918782,-0.030810834,-0.013914259
-0.13,-0.17,-0.16,-0.038013309,-0.013551639,0.045866942,1.7871,1.8258,1.8396,0.27428,-0.14644,0.74605,-0.017,-0.0121,-0.0037,-0.013488812,0.038918782,-0.030810834
-0.09,-0.13,-0.17,-0.042647109,-0.038013309,-0.013551639,1.7437,1.7871,1.8258,0.83949,0.27428,-0.14644,0.0151,-0.017,-0.0121,-0.026582196,-0.013488812,0.038918782
-0.02,-0.09,-0.13,-0.025361051,-0.042647109,-0.038013309,1.7179,1.7437,1.7871,0.00355,0.83949,0.27428,-0.0712,0.0151,-0.017,0.068959478,-0.026582196,-0.013488812
0.01,-0.02,-0.09,-0.110661209,-0.025361051,-0.042647109,1.6054,1.7179,1.7437,-0.09716,0.00355,0.83949,-0.0135,-0.0712,0.0151,0.081101159,0.068959478,-0.026582196
0.02,0.01,-0.02,-0.171298954,-0.110661209,-0.025361051,1.4315,1.6054,1.7179,-0.00156,-0.09716,0.00355,-0.0196,-0.0135,-0.0712,0.014110422,0.081101159,0.068959478
0.03,0.02,0.01,-0.157471491,-0.171298954,-0.110661209,1.2719,1.4315,1.6054,0.12109,-0.00156,-0.09716,-0.0403,-0.0196,-0.0135,-0.004056673,0.014110422,0.081101159
0.02,0.03,0.02,-0.083374746,-0.157471491,-0.171298954,1.1875,1.2719,1.4315,0.03856,0.12109,-0.00156,-0.0022,-0.0403,-0.0196,0.03435143,-0.004056673,0.014110422
-0.05,0.02,0.03,0.003755334,-0.083374746,-0.157471491,1.1913,1.1875,1.2719,0.96038,0.03856,0.12109,-0.0143,-0.0022,-0.0403,0.005034294,0.03435143,-0.004056673
-0.1,-0.05,0.02,0.075077081,0.003755334,-0.083374746,1.2673,1.1913,1.1875,-0.21936,0.96038,0.03856,0.0293,-0.0143,-0.0022,0.046335036,0.005034294,0.03435143
-0.15,-0.1,-0.05,0.096924099,0.075077081,0.003755334,1.3655,1.2673,1.1913,-0.06745,-0.21936,0.96038,-0.0241,0.0293,-0.0143,0.047679163,0.046335036,0.005034294
-0.2,-0.15,-0.1,0.108459346,0.096924099,0.075077081,1.4755,1.3655,1.2673,0.17645,-0.06745,-0.21936,-0.0437,-0.0241,0.0293,0.009565471,0.047679163,0.046335036
-0.22,-0.2,-0.15,-0.003547717,0.108459346,0.096924099,1.4719,1.4755,1.3655,0.99601,0.17645,-0.06745,0.0115,-0.0437,-0.0241,-0.073812336,0.009565471,0.047679163
-0.16,-0.22,-0.2,-0.049286869,-0.003547717,0.108459346,1.4219,1.4719,1.4755,0.08594,0.99601,0.17645,-0.0368,0.0115,-0.0437,0.002040414,-0.073812336,0.009565471
-0.13,-0.16,-0.22,-0.025244283,-0.049286869,-0.003547717,1.3963,1.4219,1.4719,-0.00233,0.08594,0.99601,0.015,-0.0368,0.0115,0.069371253,0.002040414,-0.073812336
-0.11,-0.13,-0.16,-0.018148265,-0.025244283,-0.049286869,1.3779,1.3963,1.4219,0.04658,-0.00233,0.08594,-0.0181,0.015,-0.0368,0.003942824,0.069371253,0.002040414
-0.09,-0.11,-0.13,-0.066308616,-0.018148265,-0.025244283,1.3107,1.3779,1.3963,-0.04915,0.04658,-0.00233,-0.0198,-0.0181,0.015,-0.029924478,0.003942824,0.069371253
-0.03,-0.09,-0.11,-0.062105517,-0.066308616,-0.018148265,1.2478,1.3107,1.3779,0.16754,-0.04915,0.04658,-0.0394,-0.0198,-0.0181,-0.021096293,-0.029924478,0.003942824
0.03,-0.03,-0.09,-0.033389015,-0.062105517,-0.066308616,1.214,1.2478,1.3107,-0.05932,0.16754,-0.04915,0.046,-0.0394,-0.0198,-0.025436788,-0.021096293,-0.029924478
0.05,0.03,-0.03,-0.084707948,-0.033389015,-0.062105517,1.1283,1.214,1.2478,-0.06315,-0.05932,0.16754,-0.0189,0.046,-0.0394,0.017904661,-0.025436788,-0.021096293
0.01,0.05,0.03,-0.123285789,-0.084707948,-0.033389015,1.0037,1.1283,1.214,-0.18127,-0.06315,-0.05932,0.0055,-0.0189,0.046,0.065637865,0.017904661,-0.025436788
-0.06,0.01,0.05,-0.21834903,-0.123285789,-0.084707948,0.7834,1.0037,1.1283,-0.02722,-0.18127,-0.06315,-0.0407,0.0055,-0.0189,-0.006340717,0.065637865,0.017904661
-0.13,-0.06,0.01,-0.393496588,-0.21834903,-0.123285789,0.3876,0.7834,1.0037,0.03084,-0.02722,-0.18127,-0.0175,-0.0407,0.0055,-0.070642222,-0.006340717,0.065637865
-0.17,-0.13,-0.06,-0.432371126,-0.393496588,-0.21834903,-0.04551,0.3876,0.7834,-0.06547,0.03084,-0.02722,-0.0338,-0.0175,-0.0407,-0.051950643,-0.070642222,-0.006340717
-0.18,-0.17,-0.13,-0.283269563,-0.432371126,-0.393496588,-0.32825,-0.04551,0.3876,-0.88901,-0.06547,0.03084,-0.0281,-0.0338,-0.0175,0.005224127,-0.051950643,-0.070642222
-0.18,-0.18,-0.17,-0.068096632,-0.283269563,-0.432371126,-0.3961,-0.32825,-0.04551,-0.38105,-0.88901,-0.06547,-0.03,-0.0281,-0.0338,-0.001056104,0.005224127,-0.051950643
-0.13,-0.18,-0.18,0.042358846,-0.068096632,-0.283269563,-0.3539,-0.3961,-0.32825,0.20059,-0.38105,-0.88901,-0.0383,-0.03,-0.0281,0.035611922,-0.001056104,0.005224127
-0.03,-0.13,-0.18,0.091772809,0.042358846,-0.068096632,-0.26241,-0.3539,-0.3961,0.12917,0.20059,-0.38105,-0.0052,-0.0383,-0.03,-0.026553171,0.035611922,-0.001056104
0.11,-0.03,-0.13,0.256804722,0.091772809,0.042358846,-0.00595,-0.26241,-0.3539,-0.71555,0.12917,0.20059,-0.0995,-0.0052,-0.0383,0.081515618,-0.026553171,0.035611922
0.23,0.11,-0.03,0.377558856,0.256804722,0.091772809,0.3723,-0.00595,-0.26241,-0.83252,-0.71555,0.12917,0.0408,-0.0995,-0.0052,0.075249502,0.081515618,-0.026553171
0.26,0.23,0.11,0.140278938,0.377558856,0.256804722,0.5132,0.3723,-0.00595,-0.44788,-0.83252,-0.71555,0.0625,0.0408,-0.0995,0.026274121,0.075249502,0.081515618
0.28,0.26,0.23,-0.009153446,0.140278938,0.377558856,0.504,0.5132,0.3723,-0.4497,-0.44788,-0.83252,-0.0656,0.0625,0.0408,-0.008294075,0.026274121,0.075249502
0.27,0.28,0.26,-0.045381624,-0.009153446,0.140278938,0.4584,0.504,0.5132,-0.26678,-0.4497,-0.44788,0.0387,-0.0656,0.0625,0.000728429,-0.008294075,0.026274121
0.26,0.27,0.28,-0.062632592,-0.045381624,-0.009153446,0.3955,0.4584,0.504,-0.16868,-0.26678,-0.4497,0.0192,0.0387,-0.0656,0.014015088,0.000728429,-0.008294075
0.24,0.26,0.27,-0.044932425,-0.062632592,-0.045381624,0.3504,0.3955,0.4584,-0.19652,-0.16868,-0.26678,0.019,0.0192,0.0387,0.027823131,0.014015088,0.000728429
0.16,0.24,0.26,-0.056218864,-0.044932425,-0.062632592,0.294,0.3504,0.3955,-0.59916,-0.19652,-0.16868,0.0629,0.019,0.0192,0.008329901,0.027823131,0.014015088
0.06,0.16,0.24,-0.184927701,-0.056218864,-0.044932425,0.1087,0.294,0.3504,0.12415,-0.59916,-0.19652,-0.0044,0.0629,0.019,-0.015750818,0.008329901,0.027823131
-0.03,0.06,0.16,-0.262459204,-0.184927701,-0.056218864,-0.1537,0.1087,0.294,0.07154,0.12415,-0.59916,0.0267,-0.0044,0.0629,-0.029358495,-0.015750818,0.008329901
-0.05,-0.03,0.06,-0.1904838,-0.262459204,-0.184927701,-0.34371,-0.1537,0.1087,0.3186,0.07154,0.12415,-0.0316,0.0267,-0.0044,-0.03776138,-0.029358495,-0.015750818
-0.03,-0.05,-0.03,-0.057393678,-0.1904838,-0.262459204,-0.40089,-0.34371,-0.1537,-0.13064,0.3186,0.07154,-0.0355,-0.0316,0.0267,0.045505656,-0.03776138,-0.029358495
0.02,-0.03,-0.05,0.095266704,-0.057393678,-0.1904838,-0.30596,-0.40089,-0.34371,-0.29742,-0.13064,0.3186,0.004,-0.0355,-0.0316,0.009175503,0.045505656,-0.03776138
0.04,0.02,-0.03,0.164348127,0.095266704,-0.057393678,-0.14198,-0.30596,-0.40089,0.25014,-0.29742,-0.13064,0.0276,0.004,-0.0355,-0.018901898,0.009175503,0.045505656
0,0.04,0.02,0.09641046,0.164348127,0.095266704,-0.04566,-0.14198,-0.30596,-0.01562,0.25014,-0.29742,0.0258,0.0276,0.004,0.021724801,-0.018901898,0.009175503
-0.13,0,0.04,0.004772065,0.09641046,0.164348127,-0.04089,-0.04566,-0.14198,-0.54583,-0.01562,0.25014,0.0809,0.0258,0.0276,0.059970558,0.021724801,-0.018901898
-0.27,-0.13,0,-0.099780544,0.004772065,0.09641046,-0.14058,-0.04089,-0.04566,-0.05822,-0.54583,-0.01562,-0.0381,0.0809,0.0258,-0.036228025,0.059970558,0.021724801
-0.36,-0.27,-0.13,-0.195896875,-0.099780544,0.004772065,-0.33601,-0.14058,-0.04089,0.15167,-0.05822,-0.54583,-0.0508,-0.0381,0.0809,-0.061888473,-0.036228025,0.059970558
-0.31,-0.36,-0.27,-0.221237106,-0.195896875,-0.099780544,-0.55626,-0.33601,-0.14058,0.20975,0.15167,-0.05822,-0.071,-0.0508,-0.0381,-0.040579828,-0.061888473,-0.036228025
-0.19,-0.31,-0.36,-0.190358951,-0.221237106,-0.195896875,-0.74538,-0.55626,-0.33601,-0.37491,0.20975,0.15167,0.0029,-0.071,-0.0508,0.04620282,-0.040579828,-0.061888473
-0.04,-0.19,-0.31,-0.063644491,-0.190358951,-0.221237106,-0.80853,-0.74538,-0.55626,-1.64382,-0.37491,0.20975,0.0593,0.0029,-0.071,0.054918013,0.04620282,-0.040579828
0.1,-0.04,-0.19,0.129564274,-0.063644491,-0.190358951,-0.67993,-0.80853,-0.74538,-1.12636,-1.64382,-0.37491,-0.0499,0.0593,0.0029,0.048636848,0.054918013,0.04620282
0.18,0.1,-0.04,0.151908215,0.129564274,-0.063644491,-0.52894,-0.67993,-0.80853,-0.03579,-1.12636,-1.64382,0.0417,-0.0499,0.0593,0.023991122,0.048636848,0.054918013
0.21,0.18,0.1,0.070206832,0.151908215,0.129564274,-0.45908,-0.52894,-0.67993,-0.24769,-0.03579,-1.12636,0.0274,0.0417,-0.0499,0.004422395,0.023991122,0.048636848
0.22,0.21,0.18,-0.001255773,0.070206832,0.151908215,-0.46033,-0.45908,-0.52894,-0.75277,-0.24769,-0.03579,0.0408,0.0274,0.0417,0.017876169,0.004422395,0.023991122
0.22,0.22,0.21,-0.008238261,-0.001255773,0.070206832,-0.46853,-0.46033,-0.45908,-0.19893,-0.75277,-0.24769,0.0312,0.0408,0.0274,0.020003311,0.017876169,0.004422395
0.2,0.22,0.22,-0.025733866,-0.008238261,-0.001255773,-0.49414,-0.46853,-0.46033,-0.00814,-0.19893,-0.75277,0.0458,0.0312,0.0408,-0.020549827,0.020003311,0.017876169
0.19,0.2,0.22,-0.112800675,-0.025733866,-0.008238261,-0.60632,-0.49414,-0.46853,0.02048,-0.00814,-0.19893,0.0175,0.0458,0.0312,-0.002583112,-0.020549827,0.020003311
0.16,0.19,0.2,-0.157236156,-0.112800675,-0.025733866,-0.76248,-0.60632,-0.49414,-0.09257,0.02048,-0.00814,-0.0183,0.0175,0.0458,0.015750158,-0.002583112,-0.020549827
0.16,0.16,0.19,-0.127008421,-0.157236156,-0.112800675,-0.88844,-0.76248,-0.60632,0.05185,-0.09257,0.02048,-0.0442,-0.0183,0.0175,-0.008336239,0.015750158,-0.002583112
0.15,0.16,0.16,-0.047876713,-0.127008421,-0.157236156,-0.93588,-0.88844,-0.76248,-0.08949,0.05185,-0.09257,0.0721,-0.0442,-0.0183,0.059123437,-0.008336239,0.015750158
0.11,0.15,0.16,0.022356756,-0.047876713,-0.127008421,-0.91373,-0.93588,-0.88844,0.04581,-0.08949,0.05185,0.0263,0.0721,-0.0442,0.002875756,0.059123437,-0.008336239
0.05,0.11,0.15,0.094468963,0.022356756,-0.047876713,-0.82008,-0.91373,-0.93588,-0.14625,0.04581,-0.08949,-0.0603,0.0263,0.0721,0.032096895,0.002875756,0.059123437
0,0.05,0.11,0.176482755,0.094468963,0.022356756,-0.64489,-0.82008,-0.91373,-0.20602,-0.14625,0.04581,0.0434,-0.0603,0.0263,-0.004339273,0.032096895,0.002875756
-0.05,0,0.05,0.308606567,0.176482755,0.094468963,-0.3378,-0.64489,-0.82008,-0.22479,-0.20602,-0.14625,-0.0116,0.0434,-0.0603,0.064948883,-0.004339273,0.032096895
-0.09,-0.05,0,0.320620257,0.308606567,0.176482755,-0.01775,-0.3378,-0.64489,0.06064,-0.22479,-0.20602,0.027,-0.0116,0.0434,0.035492112,0.064948883,-0.004339273
-0.15,-0.09,-0.05,0.218549841,0.320620257,0.308606567,0.201,-0.01775,-0.3378,-0.18017,0.06064,-0.22479,0.0277,0.027,-0.0116,-0.010168112,0.035492112,0.064948883
-0.18,-0.15,-0.09,0.146996228,0.218549841,0.320620257,0.3484,0.201,-0.01775,-0.0357,-0.18017,0.06064,-0.0218,0.0277,0.027,-0.056024843,-0.010168112,0.035492112
-0.17,-0.18,-0.15,0.153944688,0.146996228,0.218549841,0.503,0.3484,0.201,0.06223,-0.0357,-0.18017,-0.0208,-0.0218,0.0277,-0.023449114,-0.056024843,-0.010168112
-0.12,-0.17,-0.18,0.155893666,0.153944688,0.146996228,0.6598,0.503,0.3484,-0.06254,0.06223,-0.0357,0.0575,-0.0208,-0.0218,-0.013320861,-0.023449114,-0.056024843
-0.07,-0.12,-0.17,0.128072389,0.155893666,0.153944688,0.7888,0.6598,0.503,-0.03941,-0.06254,0.06223,0.0214,0.0575,-0.0208,-0.035248014,-0.013320861,-0.023449114
-0.05,-0.07,-0.12,0.091436602,0.128072389,0.155893666,0.881,0.7888,0.6598,0.07851,-0.03941,-0.06254,-0.0377,0.0214,0.0575,0.018865582,-0.035248014,-0.013320861
-0.03,-0.05,-0.07,0.098978567,0.091436602,0.128072389,0.9809,0.881,0.7888,0.31108,0.07851,-0.03941,0.0953,-0.0377,0.0214,0.046739782,0.018865582,-0.035248014
-0.07,-0.03,-0.05,0.071572079,0.098978567,0.091436602,1.0532,0.9809,0.881,0.19066,0.31108,0.07851,-0.0304,0.0953,-0.0377,-0.025217721,0.046739782,0.018865582
-0.09,-0.07,-0.03,0.02434065,0.071572079,0.098978567,1.0778,1.0532,0.9809,0.20659,0.19066,0.31108,0.0067,-0.0304,0.0953,-0.016645651,-0.025217721,0.046739782
-0.11,-0.09,-0.07,-0.018700216,0.02434065,0.071572079,1.0589,1.0778,1.0532,0.15066,0.20659,0.19066,0.0201,0.0067,-0.0304,0.013157473,-0.016645651,-0.025217721
-0.11,-0.11,-0.09,-0.028205353,-0.018700216,0.02434065,1.0304,1.0589,1.0778,0.30149,0.15066,0.20659,0.0217,0.0201,0.0067,-0.019513338,0.013157473,-0.016645651
-0.07,-0.11,-0.11,-0.047323688,-0.028205353,-0.018700216,0.9826,1.0304,1.0589,0.21093,0.30149,0.15066,-0.0233,0.0217,0.0201,0.000553448,-0.019513338,0.013157473
-0.03,-0.07,-0.11,-0.124256976,-0.047323688,-0.028205353,0.8572,0.9826,1.0304,0.16613,0.21093,0.30149,0.0412,-0.0233,0.0217,0.007720467,0.000553448,-0.019513338
0,-0.03,-0.07,-0.136622954,-0.124256976,-0.047323688,0.7195,0.8572,0.9826,-0.07837,0.16613,0.21093,-0.0249,0.0412,-0.0233,0.008704885,0.007720467,0.000553448
0.03,0,-0.03,-0.04230463,-0.136622954,-0.124256976,0.6769,0.7195,0.8572,0.01079,-0.07837,0.16613,-0.0374,-0.0249,0.0412,0.039028357,0.008704885,0.007720467
0.07,0.03,0,0.023140665,-0.04230463,-0.136622954,0.7002,0.6769,0.7195,0.03983,0.01079,-0.07837,0.0442,-0.0374,-0.0249,0.028119397,0.039028357,0.008704885
0.07,0.07,0.03,0.096576792,0.023140665,-0.04230463,0.7975,0.7002,0.6769,-0.06132,0.03983,0.01079,-0.0588,0.0442,-0.0374,0.01923036,0.028119397,0.039028357
0.06,0.07,0.07,0.068827223,0.096576792,0.023140665,0.8669,0.7975,0.7002,0.16202,-0.06132,0.03983,-0.038,-0.0588,0.0442,0.022361351,0.01923036,0.028119397
0.04,0.06,0.07,-0.021515814,0.068827223,0.096576792,0.8452,0.8669,0.7975,-0.00118,0.16202,-0.06132,0.0254,-0.038,-0.0588,0.017644772,0.022361351,0.01923036
0.01,0.04,0.06,-0.131972351,-0.021515814,0.068827223,0.7122,0.8452,0.8669,-0.08029,-0.00118,0.16202,-0.0238,0.0254,-0.038,0.01356971,0.017644772,0.022361351
-0.01,0.01,0.04,-0.11534548,-0.131972351,-0.021515814,0.5961,0.7122,0.8452,0.02244,-0.08029,-0.00118,-0.0196,-0.0238,0.0254,-0.00069936,0.01356971,0.017644772
-0.03,-0.01,0.01,-0.077866327,-0.11534548,-0.131972351,0.5178,0.5961,0.7122,-0.09695,0.02244,-0.08029,-0.0232,-0.0196,-0.0238,0.013736129,-0.00069936,0.01356971
-0.01,-0.03,-0.01,-0.024078236,-0.077866327,-0.11534548,0.4936,0.5178,0.5961,-0.17103,-0.09695,0.02244,-0.0484,-0.0232,-0.0196,0.019240369,0.013736129,-0.00069936
0,-0.01,-0.03,0.00218917,-0.024078236,-0.077866327,0.4958,0.4936,0.5178,-0.10267,-0.17103,-0.09695,0.0464,-0.0484,-0.0232,0.018493499,0.019240369,0.013736129
0.02,0,-0.01,0.037805378,0.00218917,-0.024078236,0.5338,0.4958,0.4936,-0.20164,-0.10267,-0.17103,-0.0085,0.0464,-0.0484,0.005755004,0.018493499,0.019240369
0.02,0.02,0,0.08163075,0.037805378,0.00218917,0.6159,0.5338,0.4958,-0.10566,-0.20164,-0.10267,-0.008,-0.0085,0.0464,-0.010854721,0.005755004,0.018493499
0.02,0.02,0.02,0.027824732,0.08163075,0.037805378,0.6439,0.6159,0.5338,-0.05536,-0.10566,-0.20164,-0.0209,-0.008,-0.0085,0.025642901,-0.010854721,0.005755004
-0.02,0.02,0.02,-0.00685609,0.027824732,0.08163075,0.637,0.6439,0.6159,0.03199,-0.05536,-0.10566,-0.0255,-0.0209,-0.008,-0.008940487,0.025642901,-0.010854721
-0.01,-0.02,0.02,0.02344787,-0.00685609,0.027824732,0.6606,0.637,0.6439,-0.18174,0.03199,-0.05536,0.0341,-0.0255,-0.0209,-0.006489318,-0.008940487,0.025642901
-0.01,-0.01,-0.02,0.03814072,0.02344787,-0.00685609,0.699,0.6606,0.637,-0.1131,-0.18174,0.03199,0.0184,0.0341,-0.0255,-0.00718023,-0.006489318,-0.008940487
0.03,-0.01,-0.01,0.041997555,0.03814072,0.02344787,0.7413,0.699,0.6606,0.0148,-0.1131,-0.18174,0.0288,0.0184,0.0341,0.036292431,-0.00718023,-0.006489318
0.04,0.03,-0.01,0.020049349,0.041997555,0.03814072,0.7615,0.7413,0.699,0.02718,0.0148,-0.1131,0.0161,0.0288,0.0184,0.022214478,0.036292431,-0.00718023
0.05,0.04,0.03,0.005259807,0.020049349,0.041997555,0.7668,0.7615,0.7413,0.15588,0.02718,0.0148,0.0174,0.0161,0.0288,0.023908771,0.022214478,0.036292431
0.05,0.05,0.04,-0.014589202,0.005259807,0.020049349,0.7521,0.7668,0.7615,0.36626,0.15588,0.02718,0.0302,0.0174,0.0161,-0.01279387,0.023908771,0.022214478
0.05,0.05,0.05,-0.029085509,-0.014589202,0.005259807,0.7228,0.7521,0.7668,0.04585,0.36626,0.15588,-0.0751,0.0302,0.0174,0.017468405,-0.01279387,0.023908771
0.08,0.05,0.05,0.02581009,-0.029085509,-0.014589202,0.7488,0.7228,0.7521,-0.01673,0.04585,0.36626,0.006,-0.0751,0.0302,0.031005872,0.017468405,-0.01279387
0.1,0.08,0.05,0.083340945,0.02581009,-0.029085509,0.8328,0.7488,0.7228,-0.12643,-0.01673,0.04585,-0.0015,0.006,-0.0751,0.0366107,0.031005872,0.017468405
0.11,0.1,0.08,0.112499275,0.083340945,0.02581009,0.9463,0.8328,0.7488,0.01565,-0.12643,-0.01673,0.0389,-0.0015,0.006,0.007694545,0.0366107,0.031005872
0.12,0.11,0.1,0.144427944,0.112499275,0.083340945,1.0922,0.9463,0.8328,0.15024,0.01565,-0.12643,-0.0143,0.0389,-0.0015,-0.008568206,0.007694545,0.0366107
0.1,0.12,0.11,0.164861921,0.144427944,0.112499275,1.259,1.0922,0.9463,0.07777,0.15024,0.01565,-0.0287,-0.0143,0.0389,0.071908529,-0.008568206,0.007694545
0.08,0.1,0.12,0.150983643,0.164861921,0.144427944,1.412,1.259,1.0922,0.13248,0.07777,0.15024,-0.0129,-0.0287,-0.0143,0.005793285,0.071908529,-0.008568206
0.07,0.08,0.1,0.102597924,0.150983643,0.164861921,1.5161,1.412,1.259,0.37682,0.13248,0.07777,0.0514,-0.0129,-0.0287,0.041608045,0.005793285,0.071908529
0.08,0.07,0.08,0.025411459,0.102597924,0.150983643,1.5419,1.5161,1.412,0.20205,0.37682,0.13248,-0.021,0.0514,-0.0129,0.021208033,0.041608045,0.005793285
0.06,0.08,0.07,-0.012803416,0.025411459,0.102597924,1.5289,1.5419,1.5161,0.05338,0.20205,0.37682,0.0128,-0.021,0.0514,0.013102626,0.021208033,0.041608045
0.02,0.06,0.08,-0.053890804,-0.012803416,0.025411459,1.4742,1.5289,1.5419,0.05928,0.05338,0.20205,0.0478,0.0128,-0.021,0.026899445,0.013102626,0.021208033
-0.01,0.02,0.06,-0.048694179,-0.053890804,-0.012803416,1.4248,1.4742,1.5289,0.27002,0.05928,0.05338,-0.0366,0.0478,0.0128,-0.05809293,0.026899445,0.013102626
-0.02,-0.01,0.02,-0.037571834,-0.048694179,-0.053890804,1.3867,1.4248,1.4742,0.09173,0.27002,0.05928,0.0081,-0.0366,0.0478,0.04979098,-0.05809293,0.026899445
-0.03,-0.02,-0.01,0.053838722,-0.037571834,-0.048694179,1.4413,1.3867,1.4248,-0.1325,0.09173,0.27002,-0.0476,0.0081,-0.0366,0.030380559,0.04979098,-0.05809293
-0.04,-0.03,-0.02,0.082772244,0.053838722,-0.037571834,1.5253,1.4413,1.3867,-0.04145,-0.1325,0.09173,0.0154,-0.0476,0.0081,0.078971116,0.030380559,0.04979098
-0.08,-0.04,-0.03,0.035846706,0.082772244,0.053838722,1.5617,1.5253,1.4413,0.02281,-0.04145,-0.1325,-0.0275,0.0154,-0.0476,0.036372574,0.078971116,0.030380559
-0.15,-0.08,-0.04,0.008368946,0.035846706,0.082772244,1.5702,1.5617,1.5253,-0.03143,0.02281,-0.04145,-0.0278,-0.0275,0.0154,0.019227827,0.036372574,0.078971116
-0.24,-0.15,-0.08,-0.035252772,0.008368946,0.035846706,1.5344,1.5702,1.5617,-0.04723,-0.03143,0.02281,-0.0552,-0.0278,-0.0275,-0.006324238,0.019227827,0.036372574
-0.32,-0.24,-0.15,-0.061968644,-0.035252772,0.008368946,1.4715,1.5344,1.5702,0.22586,-0.04723,-0.03143,-0.0333,-0.0552,-0.0278,-0.015139738,-0.006324238,0.019227827
-0.37,-0.32,-0.24,-0.053033874,-0.061968644,-0.035252772,1.4177,1.4715,1.5344,0.09226,0.22586,-0.04723,0.0013,-0.0333,-0.0552,0.024376351,-0.015139738,-0.006324238
-0.32,-0.37,-0.32,-0.06766394,-0.053033874,-0.061968644,1.3491,1.4177,1.4715,-0.07798,0.09226,0.22586,-0.0709,0.0013,-0.0333,-0.072394143,0.024376351,-0.015139738
-0.21,-0.32,-0.37,-0.054282602,-0.06766394,-0.053033874,1.2941,1.3491,1.4177,-0.26056,-0.07798,0.09226,-0.0006,-0.0709,0.0013,-0.069458031,-0.072394143,0.024376351
-0.06,-0.21,-0.32,0.007897483,-0.054282602,-0.06766394,1.3021,1.2941,1.3491,-0.24707,-0.26056,-0.07798,-0.0751,-0.0006,-0.0709,-0.020510413,-0.069458031,-0.072394143
0.13,-0.06,-0.21,0.105371697,0.007897483,-0.054282602,1.4089,1.3021,1.2941,-0.24613,-0.24707,-0.26056,-0.0132,-0.0751,-0.0006,0.105007236,-0.020510413,-0.069458031
0.28,0.13,-0.06,0.110383011,0.105371697,0.007897483,1.5209,1.4089,1.3021,-0.51414,-0.24613,-0.24707,0.0912,-0.0132,-0.0751,0.016205472,0.105007236,-0.020510413
0.41,0.28,0.13,0.148922407,0.110383011,0.105371697,1.6722,1.5209,1.4089,-0.53863,-0.51414,-0.24613,-0.0245,0.0912,-0.0132,0.05092625,0.016205472,0.105007236
0.48,0.41,0.28,0.095850469,0.148922407,0.110383011,1.7697,1.6722,1.5209,-0.38974,-0.53863,-0.51414,0.0056,-0.0245,0.0912,0.005847736,0.05092625,0.016205472
0.5,0.48,0.41,-0.011300662,0.095850469,0.148922407,1.7582,1.7697,1.6722,-0.1091,-0.38974,-0.53863,0.0195,0.0056,-0.0245,0.026246582,0.005847736,0.05092625
0.42,0.5,0.48,-0.030174111,-0.011300662,0.095850469,1.7275,1.7582,1.7697,-0.10514,-0.1091,-0.38974,0.0521,0.0195,0.0056,0.047226291,0.026246582,0.005847736
0.32,0.42,0.5,0.016808201,-0.030174111,-0.011300662,1.7446,1.7275,1.7582,0.03102,-0.10514,-0.1091,0.1214,0.0521,0.0195,-0.021336124,0.047226291,0.026246582
0.22,0.32,0.42,0.04461158,0.016808201,-0.030174111,1.79,1.7446,1.7275,-0.12761,0.03102,-0.10514,-0.0603,0.1214,0.0521,0.016416573,-0.021336124,0.047226291
0.09,0.22,0.32,0.036931975,0.04461158,0.016808201,1.8276,1.79,1.7446,-0.05426,-0.12761,0.03102,-0.0422,-0.0603,0.1214,-0.000465527,0.016416573,-0.021336124
-0.05,0.09,0.22,0.041139516,0.036931975,0.04461158,1.8695,1.8276,1.79,0.08721,-0.05426,-0.12761,0.0892,-0.0422,-0.0603,-0.032995148,-0.000465527,0.016416573
-0.18,-0.05,0.09,0.064473491,0.041139516,0.036931975,1.9352,1.8695,1.8276,0.15661,0.08721,-0.05426,0.0527,0.0892,-0.0422,-0.015130334,-0.032995148,-0.000465527
-0.24,-0.18,-0.05,0.073058952,0.064473491,0.041139516,2.0097,1.9352,1.8695,0.61494,0.15661,0.08721,-0.0113,0.0527,0.0892,-0.007476977,-0.015130334,-0.032995148
-0.24,-0.24,-0.18,0.099157075,0.073058952,0.064473491,2.1109,2.0097,1.9352,-0.15314,0.61494,0.15661,-0.0167,-0.0113,0.0527,0.068569661,-0.007476977,-0.015130334
-0.2,-0.24,-0.24,0.104733165,0.099157075,0.073058952,2.2179,2.1109,2.0097,0.18281,-0.15314,0.61494,0.0212,-0.0167,-0.0113,0.035810603,0.068569661,-0.007476977
-0.16,-0.2,-0.24,0.110877981,0.104733165,0.099157075,2.3313,2.2179,2.1109,0.08101,0.18281,-0.15314,-0.0048,0.0212,-0.0167,-0.033688598,0.035810603,0.068569661
-0.11,-0.16,-0.2,0.008892289,0.110877981,0.104733165,2.3404,2.3313,2.2179,0.10149,0.08101,0.18281,-0.0241,-0.0048,0.0212,-0.048498235,-0.033688598,0.035810603
-0.08,-0.11,-0.16,-0.049259544,0.008892289,0.110877981,2.29,2.3404,2.3313,-0.00943,0.10149,0.08101,-0.0102,-0.0241,-0.0048,0.058742283,-0.048498235,-0.033688598
-0.08,-0.08,-0.11,-0.019945287,-0.049259544,0.008892289,2.2696,2.29,2.3404,0.06809,-0.00943,0.10149,-0.048,-0.0102,-0.0241,-0.036060817,0.058742283,-0.048498235
-0.06,-0.08,-0.08,-0.008116133,-0.019945287,-0.049259544,2.2613,2.2696,2.29,0.00709,0.06809,-0.00943,0.0115,-0.048,-0.0102,-0.014263542,-0.036060817,0.058742283
-0.06,-0.06,-0.08,-0.031492921,-0.008116133,-0.019945287,2.2291,2.2613,2.2696,-0.07674,0.00709,0.06809,-0.0308,0.0115,-0.048,0.038522301,-0.014263542,-0.036060817
-0.04,-0.06,-0.06,-0.006162819,-0.031492921,-0.008116133,2.2228,2.2291,2.2613,-0.03435,-0.07674,0.00709,0.0409,-0.0308,0.0115,-0.003369488,0.038522301,-0.014263542
-0.02,-0.04,-0.06,-0.056852793,-0.006162819,-0.031492921,2.1647,2.2228,2.2291,0.02507,-0.03435,-0.07674,-0.024,0.0409,-0.0308,0.007823352,-0.003369488,0.038522301
0.03,-0.02,-0.04,-0.125170436,-0.056852793,-0.006162819,2.0369,2.1647,2.2228,-0.01185,0.02507,-0.03435,0.0395,-0.024,0.0409,-0.003242037,0.007823352,-0.003369488
0.07,0.03,-0.02,-0.092656467,-0.125170436,-0.056852793,1.9424,2.0369,2.1647,-0.04295,-0.01185,0.02507,0.0224,0.0395,-0.024,-0.02615342,-0.003242037,0.007823352
0.08,0.07,0.03,-0.125247124,-0.092656467,-0.125170436,1.8148,1.9424,2.0369,-0.07645,-0.04295,-0.01185,-0.0201,0.0224,0.0395,0.01067911,-0.02615342,-0.003242037
0.06,0.08,0.07,-0.201745778,-0.125247124,-0.092656467,1.6096,1.8148,1.9424,-0.1309,-0.07645,-0.04295,0.0779,-0.0201,0.0224,-0.02068289,0.01067911,-0.02615342
0.01,0.06,0.08,-0.198997983,-0.201745778,-0.125247124,1.4076,1.6096,1.8148,-0.10961,-0.1309,-0.07645,-0.0153,0.0779,-0.0201,-0.005541553,-0.02068289,0.01067911
-0.03,0.01,0.06,-0.164620138,-0.198997983,-0.201745778,1.2408,1.4076,1.6096,-0.08923,-0.10961,-0.1309,-0.0972,-0.0153,0.0779,-0.012321758,-0.005541553,-0.02068289
-0.06,-0.03,0.01,-0.095362759,-0.164620138,-0.198997983,1.1443,1.2408,1.4076,-0.20529,-0.08923,-0.10961,-0.0498,-0.0972,-0.0153,-0.066193766,-0.012321758,-0.005541553
-0.08,-0.06,-0.03,-0.064681008,-0.095362759,-0.164620138,1.0789,1.1443,1.2408,-0.14677,-0.20529,-0.08923,0.0184,-0.0498,-0.0972,0.009514494,-0.066193766,-0.012321758
-0.08,-0.08,-0.06,-0.044232661,-0.064681008,-0.095362759,1.0342,1.0789,1.1443,-0.15591,-0.14677,-0.20529,-0.0216,0.0184,-0.0498,0.019038645,0.009514494,-0.066193766
-0.09,-0.08,-0.08,-0.039994457,-0.044232661,-0.064681008,0.9938,1.0342,1.0789,0.00996,-0.15591,-0.14677,0.0253,-0.0216,0.0184,-0.021185623,0.019038645,0.009514494
-0.12,-0.09,-0.08,-0.089154112,-0.039994457,-0.044232661,0.9038,0.9938,1.0342,-0.00418,0.00996,-0.15591,0.0208,0.0253,-0.0216,-0.050520981,-0.021185623,0.019038645
-0.12,-0.12,-0.09,-0.191355153,-0.089154112,-0.039994457,0.7109,0.9038,0.9938,-0.25778,-0.00418,0.00996,-0.0705,0.0208,0.0253,-0.003084783,-0.050520981,-0.021185623
-0.1,-0.12,-0.12,-0.254815203,-0.191355153,-0.089154112,0.4546,0.7109,0.9038,-0.26712,-0.25778,-0.00418,-0.0071,-0.0705,0.0208,-0.102536584,-0.003084783,-0.050520981
-0.07,-0.1,-0.12,-0.122817405,-0.254815203,-0.191355153,0.3313,0.4546,0.7109,-0.30125,-0.26712,-0.25778,-0.0071,-0.0071,-0.0705,0.035365836,-0.102536584,-0.003084783
0,-0.07,-0.1,0.057592553,-0.122817405,-0.254815203,0.3891,0.3313,0.4546,-0.43146,-0.30125,-0.26712,-0.0337,-0.0071,-0.0071,0.03602546,0.035365836,-0.102536584
0.04,0,-0.07,0.181925896,0.057592553,-0.122817405,0.5719,0.3891,0.3313,0.05385,-0.43146,-0.30125,-0.0519,-0.0337,-0.0071,-0.011714286,0.03602546,0.035365836
0.09,0.04,0,0.16581338,0.181925896,0.057592553,0.7388,0.5719,0.3891,-0.00383,0.05385,-0.43146,0.081,-0.0519,-0.0337,0.002138603,-0.011714286,0.03602546
0.12,0.09,0.04,0.123213201,0.16581338,0.181925896,0.863,0.7388,0.5719,0.00591,-0.00383,0.05385,0.0296,0.081,-0.0519,-0.012555912,0.002138603,-0.011714286
0.13,0.12,0.09,0.103750331,0.123213201,0.16581338,0.9677,0.863,0.7388,0.07787,0.00591,-0.00383,-0.0097,0.0296,0.081,0.024680172,-0.012555912,0.002138603
0.1,0.13,0.12,0.02713371,0.103750331,0.123213201,0.9951,0.9677,0.863,0.04264,0.07787,0.00591,0.0683,-0.0097,0.0296,-0.008381374,0.024680172,-0.012555912
0.01,0.1,0.13,-0.012476631,0.02713371,0.103750331,0.9825,0.9951,0.9677,-0.01949,0.04264,0.07787,-0.0414,0.0683,-0.0097,-0.007676685,-0.008381374,0.024680172
-0.05,0.01,0.1,-0.112161508,-0.012476631,0.02713371,0.8693,0.9825,0.9951,0.02388,-0.01949,0.04264,0.0514,-0.0414,0.0683,-0.077706707,-0.007676685,-0.008381374
-0.09,-0.05,0.01,-0.150803703,-0.112161508,-0.012476631,0.7173,0.8693,0.9825,-0.11704,0.02388,-0.01949,0.024,0.0514,-0.0414,-0.111067877,-0.077706707,-0.007676685
-0.12,-0.09,-0.05,-0.146755727,-0.150803703,-0.112161508,0.5696,0.7173,0.8693,-0.074,-0.11704,0.02388,0.0029,0.024,0.0514,0.005615723,-0.111067877,-0.077706707
-0.15,-0.12,-0.09,-0.144083641,-0.146755727,-0.150803703,0.4248,0.5696,0.7173,0.00218,-0.074,-0.11704,-0.0503,0.0029,0.024,-0.071606698,0.005615723,-0.111067877
-0.2,-0.15,-0.12,-0.158053957,-0.144083641,-0.146755727,0.2662,0.4248,0.5696,-0.02471,0.00218,-0.074,0.0233,-0.0503,0.0029,0.003085795,-0.071606698,0.005615723
-0.25,-0.2,-0.15,-0.113562326,-0.158053957,-0.144083641,0.1524,0.2662,0.4248,0.00741,-0.02471,0.00218,0.0195,0.0233,-0.0503,0.033550699,0.003085795,-0.071606698
-0.29,-0.25,-0.2,-0.143084412,-0.113562326,-0.158053957,0.0092,0.1524,0.2662,0.04635,0.00741,-0.02471,-0.0684,0.0195,0.0233,-0.037473662,0.033550699,0.003085795
-0.28,-0.29,-0.25,-0.199580687,-0.143084412,-0.113562326,-0.1902,0.0092,0.1524,-0.03514,0.04635,0.00741,0.0174,-0.0684,0.0195,-0.039223903,-0.037473662,0.033550699
-0.19,-0.28,-0.29,-0.171091416,-0.199580687,-0.143084412,-0.36082,-0.1902,0.0092,-0.22838,-0.03514,0.04635,-0.0403,0.0174,-0.0684,-0.039430644,-0.039223903,-0.037473662
-0.07,-0.19,-0.28,-0.009564968,-0.171091416,-0.199580687,-0.37035,-0.36082,-0.1902,-0.09922,-0.22838,-0.03514,-0.0262,-0.0403,0.0174,-0.001646567,-0.039430644,-0.039223903
0.05,-0.07,-0.19,0.24196423,-0.009564968,-0.171091416,-0.12899,-0.37035,-0.36082,-0.00905,-0.09922,-0.22838,-0.0018,-0.0262,-0.0403,0.062513925,-0.001646567,-0.039430644
0.12,0.05,-0.07,0.270073811,0.24196423,-0.009564968,0.1411,-0.12899,-0.37035,-0.01346,-0.00905,-0.09922,0.0155,-0.0018,-0.0262,0.031319424,0.062513925,-0.001646567
0.16,0.12,0.05,0.16463192,0.270073811,0.24196423,0.3061,0.1411,-0.12899,0.00714,-0.01346,-0.00905,0.0276,0.0155,-0.0018,0.033438736,0.031319424,0.062513925
0.16,0.16,0.12,0.067869146,0.16463192,0.270073811,0.3742,0.3061,0.1411,-0.14944,0.00714,-0.01346,-0.0294,0.0276,0.0155,-0.009852751,0.033438736,0.031319424
0.17,0.16,0.16,-0.007073781,0.067869146,0.16463192,0.3671,0.3742,0.3061,0.03227,-0.14944,0.00714,0.0361,-0.0294,0.0276,0.025199278,-0.009852751,0.033438736
0.16,0.17,0.16,0.006675271,-0.007073781,0.067869146,0.3738,0.3671,0.3742,0.17421,0.03227,-0.14944,-0.0367,0.0361,-0.0294,0.012690339,0.025199278,-0.009852751
0.16,0.16,0.17,0.069715008,0.006675271,-0.007073781,0.4438,0.3738,0.3671,0.10668,0.17421,0.03227,0.0004,-0.0367,0.0361,0.013098142,0.012690339,0.025199278
0.16,0.16,0.16,0.128844778,0.069715008,0.006675271,0.5733,0.4438,0.3738,0.17705,0.10668,0.17421,0.0892,0.0004,-0.0367,0.013749146,0.013098142,0.012690339
0.15,0.16,0.16,0.136324951,0.128844778,0.069715008,0.7105,0.5733,0.4438,0.03821,0.17705,0.10668,0.0183,0.0892,0.0004,0.010911817,0.013749146,0.013098142
0.12,0.15,0.16,0.140403124,0.136324951,0.128844778,0.852,0.7105,0.5733,0.03667,0.03821,0.17705,0.0806,0.0183,0.0892,0.016868848,0.010911817,0.013749146
0.06,0.12,0.15,-0.012692671,0.140403124,0.136324951,0.8392,0.852,0.7105,0.11123,0.03667,0.03821,-0.067,0.0806,0.0183,-0.006246765,0.016868848,0.010911817
0.01,0.06,0.12,-0.043246504,-0.012692671,0.140403124,0.7956,0.8392,0.852,0.13019,0.11123,0.03667,0.044,-0.067,0.0806,0.000807888,-0.006246765,0.016868848
-0.04,0.01,0.06,-0.039295149,-0.043246504,-0.012692671,0.756,0.7956,0.8392,0.09799,0.13019,0.11123,-0.0418,0.044,-0.067,0.014945955,0.000807888,-0.006246765
-0.06,-0.04,0.01,-0.021837312,-0.039295149,-0.043246504,0.734,0.756,0.7956,0.134,0.09799,0.13019,0.0989,-0.0418,0.044,-0.013163659,0.014945955,0.000807888
-0.05,-0.06,-0.04,0.042181425,-0.021837312,-0.039295149,0.7765,0.734,0.756,0.26102,0.134,0.09799,-0.0328,0.0989,-0.0418,0.005514365,-0.013163659,0.014945955
-0.04,-0.05,-0.06,0.054858854,0.042181425,-0.021837312,0.8318,0.7765,0.734,0.06728,0.26102,0.134,-0.0362,-0.0328,0.0989,-0.025819898,0.005514365,-0.013163659
0.02,-0.04,-0.05,0.00109092,0.054858854,0.042181425,0.8329,0.8318,0.7765,0.10582,0.06728,0.26102,0.0629,-0.0362,-0.0328,0.005691302,-0.025819898,0.005514365
0.06,0.02,-0.04,-0.024201379,0.00109092,0.054858854,0.8085,0.8329,0.8318,-0.01594,0.10582,0.06728,-0.0601,0.0629,-0.0362,0.039480337,0.005691302,-0.025819898
0.08,0.06,0.02,0.003372675,-0.024201379,0.00109092,0.8119,0.8085,0.8329,-0.04619,-0.01594,0.10582,0.0308,-0.0601,0.0629,0.018512303,0.039480337,0.005691302
0.09,0.08,0.06,0.053154197,0.003372675,-0.024201379,0.8655,0.8119,0.8085,-0.01712,-0.04619,-0.01594,-0.0409,0.0308,-0.0601,0.021308131,0.018512303,0.039480337
0.06,0.09,0.08,0.092357613,0.053154197,0.003372675,0.9587,0.8655,0.8119,-0.01256,-0.01712,-0.04619,-0.0082,-0.0409,0.0308,0.001414416,0.021308131,0.018512303
0.01,0.06,0.09,0.073567383,0.092357613,0.053154197,1.033,0.9587,0.8655,0.00213,-0.01256,-0.01712,0.0338,-0.0082,-0.0409,0.015797008,0.001414416,0.021308131
-0.01,0.01,0.06,-0.019698475,0.073567383,0.092357613,1.0131,1.033,0.9587,0.01753,0.00213,-0.01256,-0.0038,0.0338,-0.0082,0.03586685,0.015797008,0.001414416
-0.05,-0.01,0.01,-0.130563323,-0.019698475,0.073567383,0.8813,1.0131,1.033,0.09667,0.01753,0.00213,-0.0558,-0.0038,0.0338,-0.008117569,0.03586685,0.015797008
-0.07,-0.05,-0.01,-0.143042524,-0.130563323,-0.019698475,0.7371,0.8813,1.0131,-0.044,0.09667,0.01753,-0.0485,-0.0558,-0.0038,-0.014238381,-0.008117569,0.03586685
-0.07,-0.07,-0.05,-0.056201644,-0.143042524,-0.130563323,0.6805,0.7371,0.8813,-0.04961,-0.044,0.09667,-0.0242,-0.0485,-0.0558,0.00775591,-0.014238381,-0.008117569
-0.04,-0.07,-0.07,0.038232469,-0.056201644,-0.143042524,0.719,0.6805,0.7371,-0.05231,-0.04961,-0.044,-0.02,-0.0242,-0.0485,0.025287711,0.00775591,-0.014238381
-0.03,-0.04,-0.07,-0.036444651,0.038232469,-0.056201644,0.6823,0.719,0.6805,-0.1835,-0.05231,-0.04961,0.0703,-0.02,-0.0242,0.035196009,0.025287711,0.00775591
0.01,-0.03,-0.04,-0.200135976,-0.036444651,0.038232469,0.481,0.6823,0.719,-0.06329,-0.1835,-0.05231,-0.0669,0.0703,-0.02,0.015181526,0.035196009,0.025287711
0.02,0.01,-0.03,-0.242528714,-0.200135976,-0.036444651,0.2376,0.481,0.6823,0.00221,-0.06329,-0.1835,0.0598,-0.0669,0.0703,0.016043724,0.015181526,0.035196009
0.06,0.02,0.01,-0.020054366,-0.242528714,-0.200135976,0.2175,0.2376,0.481,-0.00985,0.00221,-0.06329,0.0214,0.0598,-0.0669,-0.018475602,0.016043724,0.015181526
0.11,0.06,0.02,0.22246795,-0.020054366,-0.242528714,0.4407,0.2175,0.2376,0.03146,-0.00985,0.00221,-0.0412,0.0214,0.0598,0.031222819,-0.018475602,0.016043724
0.14,0.11,0.06,0.313921127,0.22246795,-0.020054366,0.7565,0.4407,0.2175,0.01885,0.03146,-0.00985,-0.0048,-0.0412,0.0214,0.017119158,0.031222819,-0.018475602
0.14,0.14,0.11,0.217515963,0.313921127,0.22246795,0.9759,0.7565,0.4407,-0.03364,0.01885,0.03146,-0.0129,-0.0048,-0.0412,0.027977464,0.017119158,0.031222819
0.16,0.14,0.14,0.04564404,0.217515963,0.313921127,1.022,0.9759,0.7565,-0.02169,-0.03364,0.01885,0.0562,-0.0129,-0.0048,0.017483918,0.027977464,0.017119158
0.15,0.16,0.14,-0.037919723,0.04564404,0.217515963,0.9837,1.022,0.9759,0.00542,-0.02169,-0.03364,0.001,0.0562,-0.0129,0.022744285,0.017483918,0.027977464
0.14,0.15,0.16,-0.101850457,-0.037919723,0.04564404,0.8809,0.9837,1.022,0.04219,0.00542,-0.02169,0.0646,0.001,0.0562,0.019044253,0.022744285,0.017483918
0.12,0.14,0.15,-0.167565464,-0.101850457,-0.037919723,0.712,0.8809,0.9837,0.0719,0.04219,0.00542,-0.034,0.0646,0.001,-0.033146565,0.019044253,0.022744285
0.11,0.12,0.14,-0.092087029,-0.167565464,-0.101850457,0.6193,0.712,0.8809,0.03348,0.0719,0.04219,0.0028,-0.034,0.0646,-0.031317846,-0.033146565,0.019044253
0.12,0.11,0.12,-0.025942722,-0.092087029,-0.167565464,0.5932,0.6193,0.712,-0.00176,0.03348,0.0719,0.0537,0.0028,-0.034,0.029219972,-0.031317846,-0.033146565
0.16,0.12,0.11,0.026539028,-0.025942722,-0.092087029,0.6199,0.5932,0.6193,0.21103,-0.00176,0.03348,-0.0502,0.0537,0.0028,0.007559455,0.029219972,-0.031317846
0.23,0.16,0.12,0.140529457,0.026539028,-0.025942722,0.7614,0.6199,0.5932,0.08076,0.21103,-0.00176,0.0399,-0.0502,0.0537,0.003118567,0.007559455,0.029219972
0.26,0.23,0.16,0.199975776,0.140529457,0.026539028,0.9631,0.7614,0.6199,0.10675,0.08076,0.21103,-0.0581,0.0399,-0.0502,0.03481456,0.003118567,0.007559455
0.26,0.26,0.23,0.110771198,0.199975776,0.140529457,1.075,0.9631,0.7614,0.09368,0.10675,0.08076,0.0785,-0.0581,0.0399,0.010879502,0.03481456,0.003118567
0.25,0.26,0.26,0.052620336,0.110771198,0.199975776,1.1282,1.075,0.9631,0.06623,0.09368,0.10675,-0.0147,0.0785,-0.0581,0.000903078,0.010879502,0.03481456
0.24,0.25,0.26,0.008305944,0.052620336,0.110771198,1.1366,1.1282,1.075,0.19456,0.06623,0.09368,-0.033,-0.0147,0.0785,0.010321867,0.000903078,0.010879502
0.21,0.24,0.25,-0.060728406,0.008305944,0.052620336,1.0752,1.1366,1.1282,0.07947,0.19456,0.06623,0.0962,-0.033,-0.0147,0.020145863,0.010321867,0.000903078
0.17,0.21,0.24,-0.076506971,-0.060728406,0.008305944,0.9979,1.0752,1.1366,-0.01624,0.07947,0.19456,-0.0155,0.0962,-0.033,-0.024672019,0.020145863,0.010321867
0.11,0.17,0.21,-0.021884037,-0.076506971,-0.060728406,0.9758,0.9979,1.0752,0.09953,-0.01624,0.07947,-0.0322,-0.0155,0.0962,0.036274638,-0.024672019,0.020145863
0.04,0.11,0.17,0.018418559,-0.021884037,-0.076506971,0.9944,0.9758,0.9979,0.11843,0.09953,-0.01624,0.0229,-0.0322,-0.0155,0.021838588,0.036274638,-0.024672019
-0.06,0.04,0.11,-0.024756912,0.018418559,-0.021884037,0.9694,0.9944,0.9758,0.11276,0.11843,0.09953,0.0689,0.0229,-0.0322,0.004063599,0.021838588,0.036274638
-0.15,-0.06,0.04,-0.043289808,-0.024756912,0.018418559,0.9257,0.9694,0.9944,0.14378,0.11276,0.11843,-0.1029,0.0689,0.0229,-0.005468869,0.004063599,0.021838588
-0.19,-0.15,-0.06,-0.150123975,-0.043289808,-0.024756912,0.7743,0.9257,0.9694,0.3955,0.14378,0.11276,0.0331,-0.1029,0.0689,-0.058335322,-0.005468869,0.004063599
-0.2,-0.19,-0.15,-0.193888021,-0.150123975,-0.043289808,0.5791,0.7743,0.9257,0.22748,0.3955,0.14378,0.0199,0.0331,-0.1029,0.026869618,-0.058335322,-0.005468869
-0.24,-0.2,-0.19,-0.235714174,-0.193888021,-0.150123975,0.3423,0.5791,0.7743,-0.3768,0.22748,0.3955,-0.0509,0.0199,0.0331,0.040056283,0.026869618,-0.058335322
-0.28,-0.24,-0.2,-0.271839906,-0.235714174,-0.193888021,0.0699,0.3423,0.5791,0.13844,-0.3768,0.22748,0.0282,-0.0509,0.0199,-0.041544208,0.040056283,0.026869618
-0.34,-0.28,-0.24,-0.209823463,-0.271839906,-0.235714174,-0.13985,0.0699,0.3423,-0.04915,0.13844,-0.3768,-0.048,0.0282,-0.0509,0.017485821,-0.041544208,0.040056283
-0.39,-0.34,-0.28,-0.217460061,-0.209823463,-0.271839906,-0.35677,-0.13985,0.0699,-0.69978,-0.04915,0.13844,0.0404,-0.048,0.0282,-0.059980778,0.017485821,-0.041544208
-0.47,-0.39,-0.34,-0.309279488,-0.217460061,-0.209823463,-0.66447,-0.35677,-0.13985,-0.01763,-0.69978,-0.04915,-0.0304,0.0404,-0.048,-0.023070593,-0.059980778,0.017485821
-0.55,-0.47,-0.39,-0.372402459,-0.309279488,-0.217460061,-1.03371,-0.66447,-0.35677,0.25727,-0.01763,-0.69978,0.0312,-0.0304,0.0404,-0.04248804,-0.023070593,-0.059980778
-0.67,-0.55,-0.47,-0.459980232,-0.372402459,-0.309279488,-1.48789,-1.03371,-0.66447,0.01952,0.25727,-0.01763,-0.1089,0.0312,-0.0304,0.05911622,-0.04248804,-0.023070593
-0.79,-0.67,-0.55,-0.454182257,-0.459980232,-0.372402459,-1.9343,-1.48789,-1.03371,-0.09242,0.01952,0.25727,-0.0171,-0.1089,0.0312,0.031764049,0.05911622,-0.04248804
-0.89,-0.79,-0.67,-0.357327097,-0.454182257,-0.459980232,-2.28409,-1.9343,-1.48789,0.10305,-0.09242,0.01952,0.0718,-0.0171,-0.1089,-0.06560057,0.031764049,0.05911622
-0.92,-0.89,-0.79,-0.111722811,-0.357327097,-0.454182257,-2.3932,-2.28409,-1.9343,-0.09724,0.10305,-0.09242,-0.0563,0.0718,-0.0171,-0.069754516,-0.06560057,0.031764049
-0.89,-0.92,-0.89,0.083760303,-0.111722811,-0.357327097,-2.31141,-2.3932,-2.28409,-0.06601,-0.09724,0.10305,-0.0702,-0.0563,0.0718,0.017186398,-0.069754516,-0.06560057
-0.8,-0.89,-0.92,0.012610708,0.083760303,-0.111722811,-2.29909,-2.31141,-2.3932,0.14441,-0.06601,-0.09724,-0.0533,-0.0702,-0.0563,-0.043145203,0.017186398,-0.069754516
-0.69,-0.8,-0.89,-0.271050261,0.012610708,0.083760303,-2.56355,-2.29909,-2.31141,0.22244,0.14441,-0.06601,-0.0672,-0.0533,-0.0702,-0.181516877,-0.043145203,0.017186398
-0.5,-0.69,-0.8,-0.250198687,-0.271050261,0.012610708,-2.80703,-2.56355,-2.29909,-1.6862,0.22244,0.14441,-0.052,-0.0672,-0.0533,-0.013568139,-0.181516877,-0.043145203
-0.28,-0.5,-0.69,-0.139551859,-0.250198687,-0.271050261,-2.94257,-2.80703,-2.56355,-1.27437,-1.6862,0.22244,0.0154,-0.052,-0.0672,0.00995975,-0.013568139,-0.181516877
-0.06,-0.28,-0.5,-0.064559944,-0.139551859,-0.250198687,-3.00521,-2.94257,-2.80703,-0.82971,-1.27437,-1.6862,-0.0697,0.0154,-0.052,0.005332851,0.00995975,-0.013568139
0.19,-0.06,-0.28,0.010247448,-0.064559944,-0.139551859,-2.99527,-3.00521,-2.94257,-0.25238,-0.82971,-1.27437,-0.0569,-0.0697,0.0154,-0.050037604,0.005332851,0.00995975
0.45,0.19,-0.06,0.234167789,0.010247448,-0.064559944,-2.76785,-2.99527,-3.00521,-0.25899,-0.25238,-0.82971,-0.0353,-0.0569,-0.0697,-0.077056282,-0.050037604,0.005332851
0.7,0.45,0.19,0.469123021,0.234167789,0.010247448,-2.31064,-2.76785,-2.99527,-0.29726,-0.25899,-0.25238,0.0841,-0.0353,-0.0569,0.074572706,-0.077056282,-0.050037604
0.88,0.7,0.45,0.465383813,0.469123021,0.234167789,-1.85495,-2.31064,-2.76785,-0.17618,-0.29726,-0.25899,0.0331,0.0841,-0.0353,0.085286023,0.074572706,-0.077056282
1,0.88,0.7,0.346903657,0.465383813,0.469123021,-1.51389,-1.85495,-2.31064,-0.11678,-0.17618,-0.29726,0.0448,0.0331,0.0841,-0.008211663,0.085286023,0.074572706
1.06,1,0.88,0.22546275,0.346903657,0.465383813,-1.29159,-1.51389,-1.85495,-0.24004,-0.11678,-0.17618,0.0103,0.0448,0.0331,0.005807917,-0.008211663,0.085286023
1.01,1.06,1,0.210065242,0.22546275,0.346903657,-1.08402,-1.29159,-1.51389,-0.22744,-0.24004,-0.11678,0.0532,0.0103,0.0448,0.088794117,0.005807917,-0.008211663
0.9,1.01,1.06,0.222073228,0.210065242,0.22546275,-0.86411,-1.08402,-1.29159,-0.16809,-0.22744,-0.24004,0.0401,0.0532,0.0103,0.056727665,0.088794117,0.005807917
0.72,0.9,1.01,0.099329394,0.222073228,0.210065242,-0.76559,-0.86411,-1.08402,-0.03473,-0.16809,-0.22744,0.0565,0.0401,0.0532,0.02544352,0.056727665,0.088794117
0.5,0.72,0.9,0.028141519,0.099329394,0.222073228,-0.73766,-0.76559,-0.86411,0.03849,-0.03473,-0.16809,-0.029,0.0565,0.0401,0.015713479,0.02544352,0.056727665
0.3,0.5,0.72,0.059863802,0.028141519,0.099329394,-0.67822,-0.73766,-0.76559,-0.00395,0.03849,-0.03473,-0.0179,-0.029,0.0565,0.014367748,0.015713479,0.02544352
0.14,0.3,0.5,0.067807043,0.059863802,0.028141519,-0.61085,-0.67822,-0.73766,0.00724,-0.00395,0.03849,0.0502,-0.0179,-0.029,0.017697766,0.014367748,0.015713479
0.03,0.14,0.3,0.016237879,0.067807043,0.059863802,-0.59471,-0.61085,-0.67822,0.02045,0.00724,-0.00395,-0.0035,0.0502,-0.0179,-0.03322237,0.017697766,0.014367748
-0.07,0.03,0.14,-0.002273547,0.016237879,0.067807043,-0.59697,-0.59471,-0.61085,0.01239,0.02045,0.00724,0.0116,-0.0035,0.0502,0.074370514,-0.03322237,0.017697766
-0.13,-0.07,0.03,-0.022667874,-0.002273547,0.016237879,-0.6195,-0.59697,-0.59471,0.01043,0.01239,0.02045,0.0339,0.0116,-0.0035,0.018130153,0.074370514,-0.03322237
-0.19,-0.13,-0.07,-0.051663315,-0.022667874,-0.002273547,-0.67083,-0.6195,-0.59697,0.04121,0.01043,0.01239,0.0567,0.0339,0.0116,-0.084914581,0.018130153,0.074370514
-0.21,-0.19,-0.13,-0.04667392,-0.051663315,-0.022667874,-0.71718,-0.67083,-0.6195,0.03126,0.04121,0.01043,-0.0255,0.0567,0.0339,-0.018623433,-0.084914581,0.018130153
-0.19,-0.21,-0.19,-0.046907331,-0.04667392,-0.051663315,-0.76374,-0.71718,-0.67083,0.00764,0.03126,0.04121,0.0401,-0.0255,0.0567,0.003687198,-0.018623433,-0.084914581
-0.14,-0.19,-0.21,0.019013419,-0.046907331,-0.04667392,-0.74487,-0.76374,-0.71718,-0.00307,0.00764,0.03126,0.01,0.0401,-0.0255,0.022799785,0.003687198,-0.018623433
-0.09,-0.14,-0.19,0.026312558,0.019013419,-0.046907331,-0.71875,-0.74487,-0.76374,-0.00437,-0.00307,0.00764,-0.0031,0.01,0.0401,0.045223564,0.022799785,0.003687198
-0.03,-0.09,-0.14,0.042879065,0.026312558,0.019013419,-0.67617,-0.71875,-0.74487,0.00981,-0.00437,-0.00307,0.0069,-0.0031,0.01,0.031293268,0.045223564,0.022799785
0,-0.03,-0.09,0.078973011,0.042879065,0.026312558,-0.5977,-0.67617,-0.71875,0.00061,0.00981,-0.00437,-0.0127,0.0069,-0.0031,0.008295946,0.031293268,0.045223564
0,0,-0.03,0.032780588,0.078973011,0.042879065,-0.56511,-0.5977,-0.67617,0.01061,0.00061,0.00981,0.0521,-0.0127,0.0069,0.02550248,0.008295946,0.031293268
0,0,0,-0.040939686,0.032780588,0.078973011,-0.60581,-0.56511,-0.5977,0.01904,0.01061,0.00061,-0.0265,0.0521,-0.0127,0.014893087,0.02550248,0.008295946
-0.02,0,0,-0.108868417,-0.040939686,0.032780588,-0.71396,-0.60581,-0.56511,0.03096,0.01904,0.01061,0.0131,-0.0265,0.0521,0.008845254,0.014893087,0.02550248
-0.09,-0.02,0,-0.22639058,-0.108868417,-0.040939686,-0.93848,-0.71396,-0.60581,0.00951,0.03096,0.01904,0.0683,0.0131,-0.0265,-0.027246491,0.008845254,0.014893087
-0.14,-0.09,-0.02,-0.130428266,-0.22639058,-0.108868417,-1.0676,-0.93848,-0.71396,0.01183,0.00951,0.03096,-0.0628,0.0683,0.0131,0.026445663,-0.027246491,0.008845254
-0.22,-0.14,-0.09,-0.00782383,-0.130428266,-0.22639058,-1.07534,-1.0676,-0.93848,0.00248,0.01183,0.00951,0.0071,-0.0628,0.0683,-0.01127953,0.026445663,-0.027246491
-0.32,-0.22,-0.14,-0.083209017,-0.00782383,-0.130428266,-1.15762,-1.07534,-1.0676,0.00168,0.00248,0.01183,0.0075,0.0071,-0.0628,-0.025540102,-0.01127953,0.026445663
-0.37,-0.32,-0.22,-0.235236407,-0.083209017,-0.00782383,-1.38986,-1.15762,-1.07534,0.00378,0.00168,0.00248,-0.0701,0.0075,0.0071,0.020308411,-0.025540102,-0.01127953
-0.4,-0.37,-0.32,-0.279885899,-0.235236407,-0.083209017,-1.66547,-1.38986,-1.15762,0.02892,0.00378,0.00168,0.0367,-0.0701,0.0075,-0.109079567,0.020308411,-0.025540102
-0.37,-0.4,-0.37,-0.111314815,-0.279885899,-0.235236407,-1.77487,-1.66547,-1.38986,0.06028,0.02892,0.00378,-0.0597,0.0367,-0.0701,-0.006964701,-0.109079567,0.020308411
-0.31,-0.37,-0.4,0.014516616,-0.111314815,-0.279885899,-1.76061,-1.77487,-1.66547,0.05181,0.06028,0.02892,-0.0593,-0.0597,0.0367,0.034449695,-0.006964701,-0.109079567
-0.22,-0.31,-0.37,0.133492714,0.014516616,-0.111314815,-1.62938,-1.76061,-1.77487,0.04191,0.05181,0.06028,0.0069,-0.0593,-0.0597,-0.001127863,0.034449695,-0.006964701
-0.13,-0.22,-0.31,0.186588895,0.133492714,0.014516616,-1.44566,-1.62938,-1.76061,0.04966,0.04191,0.05181,-0.0213,0.0069,-0.0593,0.014906064,-0.001127863,0.034449695
-0.04,-0.13,-0.22,0.207244255,0.186588895,0.133492714,-1.2412,-1.44566,-1.62938,0.02561,0.04966,0.04191,0.1035,-0.0213,0.0069,0.037541131,0.014906064,-0.001127863
0.01,-0.04,-0.13,0.147543766,0.207244255,0.186588895,-1.09538,-1.2412,-1.44566,-0.0146,0.02561,0.04966,0.0131,0.1035,-0.0213,0.035938421,0.037541131,0.014906064
0.03,0.01,-0.04,0.067163382,0.147543766,0.207244255,-1.02893,-1.09538,-1.2412,-0.03492,-0.0146,0.02561,0.0053,0.0131,0.1035,-0.003044082,0.035938421,0.037541131
0.05,0.03,0.01,-0.00060624,0.067163382,0.147543766,-1.02953,-1.02893,-1.09538,-0.01965,-0.03492,-0.0146,0.027,0.0053,0.0131,-0.025531832,-0.003044082,0.035938421
0.07,0.05,0.03,-0.034561734,-0.00060624,0.067163382,-1.06373,-1.02953,-1.02893,-0.01292,-0.01965,-0.03492,-0.1293,0.027,0.0053,-0.044631077,-0.025531832,-0.003044082
0.12,0.07,0.05,-0.093892358,-0.034561734,-0.00060624,-1.15658,-1.06373,-1.02953,-0.05522,-0.01292,-0.01965,0.0438,-0.1293,0.027,-0.001899517,-0.044631077,-0.025531832
0.18,0.12,0.07,-0.052359122,-0.093892358,-0.034561734,-1.20832,-1.15658,-1.06373,-0.13243,-0.05522,-0.01292,0.0564,0.0438,-0.1293,0.032420772,-0.001899517,-0.044631077
0.21,0.18,0.12,-0.000668075,-0.052359122,-0.093892358,-1.20898,-1.20832,-1.15658,-0.11254,-0.13243,-0.05522,-0.0866,0.0564,0.0438,0.028315572,0.032420772,-0.001899517
0.23,0.21,0.18,0.042636486,-0.000668075,-0.052359122,-1.16685,-1.20898,-1.20832,-0.05678,-0.11254,-0.13243,0.0471,-0.0866,0.0564,0.001616592,0.028315572,0.032420772
0.21,0.23,0.21,0.059901222,0.042636486,-0.000668075,-1.10763,-1.16685,-1.20898,-0.10406,-0.05678,-0.11254,0.0477,0.0471,-0.0866,0.00454228,0.001616592,0.028315572
0.18,0.21,0.23,0.009039723,0.059901222,0.042636486,-1.09869,-1.10763,-1.16685,-0.01945,-0.10406,-0.05678,-0.0802,0.0477,0.0471,-0.007594547,0.00454228,0.001616592
0.18,0.18,0.21,-0.048625939,0.009039723,0.059901222,-1.14677,-1.09869,-1.10763,-0.00604,-0.01945,-0.10406,0.0488,-0.0802,0.0477,0.02387722,-0.007594547,0.00454228
0.19,0.18,0.18,0.067825055,-0.048625939,0.009039723,-1.0797,-1.14677,-1.09869,-0.0062,-0.00604,-0.01945,-0.0332,0.0488,-0.0802,0.037916229,0.02387722,-0.007594547
0.22,0.19,0.18,0.117671992,0.067825055,-0.048625939,-0.96323,-1.0797,-1.14677,-0.0024,-0.0062,-0.00604,-0.0068,-0.0332,0.0488,0.026983635,0.037916229,0.02387722
0.26,0.22,0.19,0.109908835,0.117671992,0.067825055,-0.85432,-0.96323,-1.0797,-0.003,-0.0024,-0.0062,0.0455,-0.0068,-0.0332,0.01869743,0.026983635,0.037916229
0.27,0.26,0.22,0.106826045,0.109908835,0.117671992,-0.74835,-0.85432,-0.96323,-0.00131,-0.003,-0.0024,-0.0098,0.0455,-0.0068,-0.011056111,0.01869743,0.026983635
0.27,0.27,0.26,1.46E-01,0.106826045,0.109908835,-0.60368,-0.74835,-0.85432,6E-05,-0.00131,-0.003,-0.0125,-0.0098,0.0455,0.04382488,-0.011056111,0.01869743
0.27,0.27,0.27,0.129498377,0.145654673,0.106826045,-0.47488,-0.60368,-0.74835,0.00231,6E-05,-0.00131,-0.0464,-0.0125,-0.0098,-0.051602187,0.04382488,-0.011056111
0.27,0.27,0.27,0.105425316,0.129498377,0.145654673,-0.3699,-0.47488,-0.60368,0.0015,0.00231,6E-05,0.0762,-0.0464,-0.0125,0.034673,-0.051602187,0.04382488
0.23,0.27,0.27,0.014342026,0.105425316,0.129498377,-0.35561,-0.3699,-0.47488,0.00318,0.0015,0.00231,0.0568,0.0762,-0.0464,0.000351299,0.034673,-0.051602187
0.18,0.23,0.27,-0.051867848,0.014342026,0.105425316,-0.40728,-0.35561,-0.3699,0.00426,0.00318,0.0015,0.1006,0.0568,0.0762,0.004941638,0.000351299,0.034673
0.12,0.18,0.23,-0.072330634,-0.051867848,0.014342026,-0.47929,-0.40728,-0.35561,-0.00025,0.00426,0.00318,-0.0955,0.1006,0.0568,0.002988226,0.004941638,0.000351299
0.1,0.12,0.18,0.026855125,-0.072330634,-0.051867848,-0.45256,-0.47929,-0.40728,0.00681,-0.00025,0.00426,0.086,-0.0955,0.1006,0.018621524,0.002988226,0.004941638
0.1,0.1,0.12,0.085370065,0.026855125,-0.072330634,-0.36754,-0.45256,-0.47929,0.0013,0.00681,-0.00025,-0.0344,0.086,-0.0955,-0.016481068,0.018621524,0.002988226
0.1,0.1,0.1,0.055147536,0.085370065,0.026855125,-0.31258,-0.36754,-0.45256,-0.00381,0.0013,0.00681,-0.0264,-0.0344,0.086,0.020103726,-0.016481068,0.018621524
0.08,0.1,0.1,0.048078761,0.055147536,0.085370065,-0.26464,-0.31258,-0.36754,0.0006,-0.00381,0.0013,-1E-04,-0.0264,-0.0344,-0.003472983,0.020103726,-0.016481068
0.06,0.08,0.1,8.84E-02,0.048078761,0.055147536,-0.17642,-0.26464,-0.31258,4E-05,0.0006,-0.00381,-0.0341,-1E-04,-0.0264,-0.009164486,-0.003472983,0.020103726
0.03,0.06,0.08,0.108812849,0.088414987,0.048078761,-0.06774,-0.17642,-0.26464,0.00508,4E-05,0.0006,0.07,-0.0341,-1E-04,0.00268995,-0.009164486,-0.003472983
-0.03,0.03,0.06,0.051641654,0.108812849,0.088414987,-0.01612,-0.06774,-0.17642,0.00079,0.00508,4E-05,-0.0225,0.07,-0.0341,0.027647526,0.00268995,-0.009164486
-0.09,-0.03,0.03,0.011531194,0.051641654,0.108812849,-0.00459,-0.01612,-0.06774,0.0165,0.00079,0.00508,0.0366,-0.0225,0.07,-0.004253134,0.027647526,0.00268995
-0.13,-0.09,-0.03,-0.02413402,0.011531194,0.051641654,-0.02872,-0.00459,-0.01612,0.01247,0.0165,0.00079,-0.0472,0.0366,-0.0225,-0.004745244,-0.004253134,0.027647526
-0.15,-0.13,-0.09,-0.019937713,-0.02413402,0.011531194,-0.04865,-0.02872,-0.00459,0.00478,0.01247,0.0165,0.0235,-0.0472,0.0366,-0.008388566,-0.004745244,-0.004253134
-0.17,-0.15,-0.13,0.010474548,-0.019937713,-0.02413402,-0.03818,-0.04865,-0.02872,0.00172,0.00478,0.01247,-0.0324,0.0235,-0.0472,0.009312946,-0.008388566,-0.004745244
-0.15,-0.17,-0.15,0.05288621,0.010474548,-0.019937713,0.0147,-0.03818,-0.04865,-0.00455,0.00172,0.00478,-0.0187,-0.0324,0.0235,-0.054462059,0.009312946,-0.008388566
-0.13,-0.15,-0.17,0.106427692,0.05288621,0.010474548,0.1212,0.0147,-0.03818,-0.00208,-0.00455,0.00172,0.0188,-0.0187,-0.0324,0.036747378,-0.054462059,0.009312946
-0.1,-0.13,-0.15,0.184406161,0.106427692,0.05288621,0.306,0.1212,0.0147,0.0019,-0.00208,-0.00455,0.0057,0.0188,-0.0187,-0.014396117,0.036747378,-0.054462059
-0.06,-0.1,-0.13,0.203071639,0.184406161,0.106427692,0.5099,0.306,0.1212,0.00442,0.0019,-0.00208,-0.003,0.0057,0.0188,0.00983085,-0.014396117,0.036747378
-0.01,-0.06,-0.1,0.134920517,0.203071639,0.184406161,0.6456,0.5099,0.306,0.00103,0.00442,0.0019,0.0332,-0.003,0.0057,0.040176995,0.00983085,-0.014396117
0,-0.01,-0.06,0.05979596,0.134920517,0.203071639,0.7058,0.6456,0.5099,0.00073,0.00103,0.00442,-0.0705,0.0332,-0.003,0.000869586,0.040176995,0.00983085
0,0,-0.01,-0.001588799,0.05979596,0.134920517,0.7042,0.7058,0.6456,0.00514,0.00073,0.00103,0.0199,-0.0705,0.0332,0.016210826,0.000869586,0.040176995
-0.04,0,0,-0.065559964,-0.001588799,0.05979596,0.6382,0.7042,0.7058,-0.00152,0.00514,0.00073,-0.0292,0.0199,-0.0705,-0.001692974,0.016210826,0.000869586
-0.07,-0.04,0,-0.050987676,-0.065559964,-0.001588799,0.5869,0.6382,0.7042,0.0039,-0.00152,0.00514,-0.0269,-0.0292,0.0199,-0.028793486,-0.001692974,0.016210826
-0.11,-0.07,-0.04,-0.106730868,-0.050987676,-0.065559964,0.4796,0.5869,0.6382,0.00896,0.0039,-0.00152,0.0361,-0.0269,-0.0292,-0.020133876,-0.028793486,-0.001692974
-0.16,-0.11,-0.07,-0.086423028,-0.106730868,-0.050987676,0.3928,0.4796,0.5869,0.00586,0.00896,0.0039,-0.0165,0.0361,-0.0269,-0.030173259,-0.020133876,-0.028793486
-0.17,-0.16,-0.11,-0.02659907,-0.086423028,-0.106730868,0.3661,0.3928,0.4796,-0.00094,0.00586,0.00896,-0.012,-0.0165,0.0361,-0.055648104,-0.030173259,-0.020133876
-0.17,-0.17,-0.16,0.105059966,-0.02659907,-0.086423028,0.4716,0.3661,0.3928,-0.0057,-0.00094,0.00586,-0.0187,-0.012,-0.0165,0.041639009,-0.055648104,-0.030173259
-0.17,-0.17,-0.17,0.133878549,0.105059966,-0.02659907,0.6062,0.4716,0.3661,-0.00635,-0.0057,-0.00094,-0.0216,-0.0187,-0.012,-0.005347962,0.041639009,-0.055648104
-0.15,-0.17,-0.17,0.04432144,0.133878549,0.105059966,0.6508,0.6062,0.4716,0.00906,-0.00635,-0.0057,-0.0043,-0.0216,-0.0187,-0.021652421,-0.005347962,0.041639009
-0.15,-0.15,-0.17,-0.067384309,0.04432144,0.133878549,0.583,0.6508,0.6062,0.00699,0.00906,-0.00635,0.0237,-0.0043,-0.0216,-0.037672242,-0.021652421,-0.005347962
-0.12,-0.15,-0.15,-0.10812839,-0.067384309,0.04432144,0.4743,0.583,0.6508,0.00097,0.00699,0.00906,-0.04,0.0237,-0.0043,-0.009456115,-0.037672242,-0.021652421
-0.08,-0.12,-0.15,-0.06312063,-0.10812839,-0.067384309,0.4109,0.4743,0.583,-0.00248,0.00097,0.00699,0.0465,-0.04,0.0237,0.046134292,-0.009456115,-0.037672242
-0.04,-0.08,-0.12,0.004581071,-0.06312063,-0.10812839,0.4155,0.4109,0.4743,0.00065,-0.00248,0.00097,0.0064,0.0465,-0.04,0.019307352,0.046134292,-0.009456115
-0.01,-0.04,-0.08,0.05177143,0.004581071,-0.06312063,0.4675,0.4155,0.4109,0.00039,0.00065,-0.00248,0.0174,0.0064,0.0465,-0.015736927,0.019307352,0.046134292
0.03,-0.01,-0.04,-0.011148505,0.05177143,0.004581071,0.4563,0.4675,0.4155,-0.01461,0.00039,0.00065,0.0295,0.0174,0.0064,0.000341855,-0.015736927,0.019307352
0.09,0.03,-0.01,-0.078672099,-0.011148505,0.05177143,0.3773,0.4563,0.4675,-0.06108,-0.01461,0.00039,-0.0372,0.0295,0.0174,0.077821584,0.000341855,-0.015736927
0.18,0.09,0.03,-0.01564221,-0.078672099,-0.011148505,0.3616,0.3773,0.4563,-0.10747,-0.06108,-0.01461,0.0103,-0.0372,0.0295,0.025019272,0.077821584,0.000341855
0.21,0.18,0.09,0.035166631,-0.01564221,-0.078672099,0.3969,0.3616,0.3773,-0.02706,-0.10747,-0.06108,0.0081,0.0103,-0.0372,-0.001267263,0.025019272,0.077821584
0.2,0.21,0.18,0.036249529,0.035166631,-0.01564221,0.4333,0.3969,0.3616,0.01843,-0.02706,-0.10747,-0.0052,0.0081,0.0103,0.028977877,-0.001267263,0.025019272
0.15,0.2,0.21,0.069474722,0.036249529,0.035166631,0.5031,0.4333,0.3969,0.00023,0.01843,-0.02706,0.0812,-0.0052,0.0081,-0.029647968,0.028977877,-0.001267263
0.11,0.15,0.2,0.055008046,0.069474722,0.036249529,0.5584,0.5031,0.4333,-0.02547,0.00023,0.01843,-0.0308,0.0812,-0.0052,0.024611728,-0.029647968,0.028977877
0.06,0.11,0.15,-0.005370158,0.055008046,0.069474722,0.553,0.5584,0.5031,-0.01016,-0.02547,0.00023,0.0404,-0.0308,0.0812,0.034065838,0.024611728,-0.029647968
0.04,0.06,0.11,0.023268602,-0.005370158,0.055008046,0.5764,0.553,0.5584,-0.00536,-0.01016,-0.02547,0.0133,0.0404,-0.0308,0.004464694,0.034065838,0.024611728
0.02,0.04,0.06,0.098682208,0.023268602,-0.005370158,0.6757,0.5764,0.553,-0.01107,-0.00536,-0.01016,-0.0132,0.0133,0.0404,0.016450496,0.004464694,0.034065838
0.02,0.02,0.04,0.106126191,0.098682208,0.023268602,0.7826,0.6757,0.5764,-0.01054,-0.01107,-0.00536,-0.0203,-0.0132,0.0133,-0.0121653,0.016450496,0.004464694
0.05,0.02,0.02,0.070225558,0.106126191,0.098682208,0.8534,0.7826,0.6757,-0.02432,-0.01054,-0.01107,0.0273,-0.0203,-0.0132,0.020437506,-0.0121653,0.016450496
0.04,0.05,0.02,0.024190606,0.070225558,0.106126191,0.8778,0.8534,0.7826,-0.01639,-0.02432,-0.01054,0.0261,0.0273,-0.0203,0.006118685,0.020437506,-0.0121653
0,0.04,0.05,0.030725529,0.024190606,0.070225558,0.9088,0.8778,0.8534,-0.00132,-0.01639,-0.02432,0.0292,0.0261,0.0273,-0.009126187,0.006118685,0.020437506
-0.04,0,0.04,0.061422751,0.030725529,0.024190606,0.9708,0.9088,0.8778,-0.01191,-0.00132,-0.01639,-0.0329,0.0292,0.0261,0.001755733,-0.009126187,0.006118685
-0.07,-0.04,0,0.072074073,0.061422751,0.030725529,1.0436,0.9708,0.9088,0.02792,-0.01191,-0.00132,-0.0215,-0.0329,0.0292,-0.010014794,0.001755733,-0.009126187
-0.12,-0.07,-0.04,0.085174457,0.072074073,0.061422751,1.1297,1.0436,0.9708,0.07276,0.02792,-0.01191,-0.0187,-0.0215,-0.0329,0.023660589,-0.010014794,0.001755733
-0.15,-0.12,-0.07,0.024223381,0.085174457,0.072074073,1.1542,1.1297,1.0436,0.1367,0.07276,0.02792,0.0341,-0.0187,-0.0215,-0.00891698,0.023660589,-0.010014794
-0.15,-0.15,-0.12,-0.00790903,0.024223381,0.085174457,1.1462,1.1542,1.1297,0.00014,0.1367,0.07276,0.0093,0.0341,-0.0187,0.006863119,-0.00891698,0.023660589
-0.13,-1.50E-01,-0.15,9.88667E-05,-0.00790903,0.024223381,1.1463,1.1462,1.1542,0.00379,0.00014,0.1367,0.0073,0.0093,0.0341,0.027095469,0.006863119,-0.00891698
-0.13,-0.13,-0.15,0.017695572,9.88667E-05,-0.00790903,1.1642,1.1463,1.1462,0.02433,0.00379,0.00014,-0.0767,0.0073,0.0093,-0.057101134,0.027095469,0.006863119
-0.1,-0.13,-0.13,0.008698351,0.017695572,9.88667E-05,1.173,1.1642,1.1463,0.08159,0.02433,0.00379,-0.0795,-0.0767,0.0073,-0.023061185,-0.057101134,0.027095469
-0.09,-0.1,-0.13,-0.012256986,0.008698351,0.017695572,1.1606,1.173,1.1642,0.12787,0.08159,0.02433,0.0694,-0.0795,-0.0767,0.0266087,-0.023061185,-0.057101134
-0.11,-0.09,-0.1,-0.005041616,-0.012256986,0.008698351,1.1555,1.1606,1.173,-0.11274,0.12787,0.08159,-0.016,0.0694,-0.0795,0.056261356,0.0266087,-0.023061185
-0.16,-0.11,-0.09,0.014234496,-0.005041616,-0.012256986,1.1699,1.1555,1.1606,-0.00487,-0.11274,0.12787,0.0359,-0.016,0.0694,-0.00386167,0.056261356,0.0266087
-0.25,-0.16,-0.11,0.018580876,0.014234496,-0.005041616,1.1887,1.1699,1.1555,0.10751,-0.00487,-0.11274,0.0224,0.0359,-0.016,-0.000766543,-0.00386167,0.056261356
-0.32,-0.25,-0.16,-0.048732728,0.018580876,0.014234496,1.1394,1.1887,1.1699,0.059,0.10751,-0.00487,-0.006,0.0224,0.0359,-0.006100846,-0.000766543,-0.00386167
-0.37,-0.32,-0.25,-0.071412113,-0.048732728,0.018580876,1.0672,1.1394,1.1887,-0.00426,0.059,0.10751,-0.028,-0.006,0.0224,-0.028729786,-0.006100846,-0.000766543
-0.36,-0.37,-0.32,-0.092159382,-0.071412113,-0.048732728,0.9741,1.0672,1.1394,0.00525,-0.00426,0.059,-0.0421,-0.028,-0.006,-0.033696709,-0.028729786,-0.006100846
-0.32,-0.36,-0.37,-0.104933416,-0.092159382,-0.071412113,0.8682,0.9741,1.0672,0.06865,0.00525,-0.00426,0.0538,-0.0421,-0.028,-0.013481522,-0.033696709,-0.028729786
-0.26,-0.32,-0.36,-0.076664037,-0.104933416,-0.092159382,0.7909,0.8682,0.9741,0.02961,0.06865,0.00525,0.0294,0.0538,-0.0421,-0.036913468,-0.013481522,-0.033696709
-0.16,-0.26,-0.32,-0.02758566,-0.076664037,-0.104933416,0.7631,0.7909,0.8682,0.01378,0.02961,0.06865,-0.0459,0.0294,0.0538,0.011043335,-0.036913468,-0.013481522
-0.07,-0.16,-0.26,0.065577904,-0.02758566,-0.076664037,0.8292,0.7631,0.7909,-0.04224,0.01378,0.02961,-0.0501,-0.0459,0.0294,0.042523065,0.011043335,-0.036913468
0,-0.07,-0.16,0.078418741,0.065577904,-0.02758566,0.9083,0.8292,0.7631,-0.03598,-0.04224,0.01378,-0.0226,-0.0501,-0.0459,0.008008061,0.042523065,0.011043335
0.02,0,-0.07,0.014665706,0.078418741,0.065577904,0.9231,0.9083,0.8292,-0.02,-0.03598,-0.04224,-0.0274,-0.0226,-0.0501,0.032197916,0.008008061,0.042523065
0.02,0.02,0,-0.030126482,0.014665706,0.078418741,0.8927,0.9231,0.9083,-0.02,-0.02,-0.03598,-0.066,-0.0274,-0.0226,-0.021055535,0.032197916,0.008008061
0,0.02,0.02,-0.092814886,-0.030126482,0.014665706,0.7991,0.8927,0.9231,-0.02,-0.02,-0.02,0.0259,-0.066,-0.0274,0.010902315,-0.021055535,0.032197916
-0.02,0,0.02,-0.12656929,-0.092814886,-0.030126482,0.6716,0.7991,0.8927,-0.01,-0.02,-0.02,-0.0545,0.0259,-0.066,0.025807197,0.010902315,-0.021055535
-0.04,-0.02,0,-0.149707323,-0.12656929,-0.092814886,0.521,0.6716,0.7991,-0.01,-0.01,-0.02,0.0441,-0.0545,0.0259,-0.04645383,0.025807197,0.010902315
-0.02,-0.04,-0.02,-0.021589859,-0.149707323,-0.12656929,0.4993,0.521,0.6716,0.01,-0.01,-0.01,-0.1445,0.0441,-0.0545,0.016864077,-0.04645383,0.025807197
0.05,-0.02,-0.04,0.071815503,-0.021589859,-0.149707323,0.5715,0.4993,0.521,0.01,0.01,-0.01,0.0744,-0.1445,0.0441,-0.013481579,0.016864077,-0.04645383
0.17,0.05,-0.02,0.139901992,0.071815503,-0.021589859,0.7123,0.5715,0.4993,0.01,0.01,0.01,0.0471,0.0744,-0.1445,0.017596427,-0.013481579,0.016864077
0.27,0.17,0.05,0.100830571,0.139901992,0.071815503,0.8139,0.7123,0.5715,0,0.01,0.01,-0.0572,0.0471,0.0744,0.010355724,0.017596427,-0.013481579
0.37,0.27,0.17,-0.069458987,0.100830571,0.139901992,0.7439,0.8139,0.7123,-0.05,0,0.01,0.0477,-0.0572,0.0471,0.01789924,0.010355724,0.017596427
0.46,0.37,0.27,-0.480187505,-0.069458987,0.100830571,0.2613,0.7439,0.8139,0.01,-0.05,0,0.0363,0.0477,-0.0572,-0.032269212,0.01789924,0.010355724
-3.19,0.46,0.37,-1.037214284,-0.480187505,-0.069458987,-0.77325,0.2613,0.7439,-0.22,0.01,-0.05,-0.119,0.0363,0.0477,-0.214886463,-0.032269212,0.01789924
-8.92,-3.19,0.46,-1.118573956,-1.037214284,-0.480187505,-1.87699,-0.77325,0.2613,0.12,-0.22,0.01,-0.2776,-0.119,0.0363,-0.000390044,-0.214886463,-0.032269212
2.57,-8.92,-3.19,-0.347903245,-1.118573956,-1.037214284,-2.21777,-1.87699,-0.77325,-0.32,0.12,-0.22,0.0373,-0.2776,-0.119,0.037885476,-0.000390044,-0.214886463
5.52,2.57,-8.92,0.208950431,-0.347903245,-1.118573956,-2.01324,-2.21777,-1.87699,-0.14,-0.32,0.12,0.0858,0.0373,-0.2776,0.048266929,0.037885476,-0.000390044
4.28,5.52,2.57,0.278292913,0.208950431,-0.347903245,-1.74017,-2.01324,-2.21777,-0.09,-0.14,-0.32,0.2121,0.0858,0.0373,-0.012373911,0.048266929,0.037885476
-0.05,4.28,5.52,0.252744072,0.278292913,0.208950431,-1.49151,-1.74017,-2.01324,-0.03,-0.09,-0.14,-0.0991,0.2121,0.0858,-0.016024716,-0.012373911,0.048266929
-0.83,-0.05,4.28,0.213854239,0.252744072,0.278292913,-1.28062,-1.49151,-1.74017,-0.01,-0.03,-0.09,0.0623,-0.0991,0.2121,-0.022331546,-0.016024716,-0.012373911
-0.45,-0.83,-0.05,0.079749892,0.213854239,0.252744072,-1.20186,-1.28062,-1.49151,-0.01,-0.01,-0.03,0.1709,0.0623,-0.0991,-0.013740106,-0.022331546,-0.016024716
0,-0.45,-0.83,0.011952952,0.079749892,0.213854239,-1.19005,-1.20186,-1.28062,-0.01,-0.01,-0.01,-0.1662,0.1709,0.0623,0.063409504,-0.013740106,-0.022331546
1.05,0,-0.45,0.114902141,0.011952952,0.079749892,-1.07645,-1.19005,-1.20186,-0.01,-0.01,-0.01,0.0862,-0.1662,0.1709,0.047389106,0.063409504,-0.013740106
-0.36,1.05,0,0.140292785,0.114902141,0.011952952,-0.93757,-1.07645,-1.19005,0,-0.01,-0.01,-0.1321,0.0862,-0.1662,0.02604824,0.047389106,0.063409504
0.83,-0.36,1.05,0.278214713,0.140292785,0.114902141,-0.66158,-0.93757,-1.07645,0.02,0,-0.01,0.1094,-0.1321,0.0862,-0.015493354,0.02604824,0.047389106
1.05,0.83,-0.36,0.408913637,0.278214713,0.140292785,-0.25454,-0.66158,-0.93757,0.03,0.02,0,0.2077,0.1094,-0.1321,0.019749001,-0.015493354,0.02604824
0.67,1.05,0.83,0.324040572,0.408913637,0.278214713,0.0692,-0.25454,-0.66158,0.01,0.03,0.02,-0.0009,0.2077,0.1094,0.028686246,0.019749001,-0.015493354
0.48,0.67,1.05,0.245528218,0.324040572,0.408913637,0.3152,0.0692,-0.25454,-0.01,0.01,0.03,0.0971,-0.0009,0.2077,0.016687086,0.028686246,0.019749001
0.34,0.48,0.67,0.151208652,0.245528218,0.324040572,0.467,0.3152,0.0692,0,-0.01,0.01,0.0192,0.0971,-0.0009,0.01082097,0.016687086,0.028686246
0.14,0.34,0.48,-0.099784009,0.151208652,0.245528218,0.3668,0.467,0.3152,0,0,-0.01,0.052,0.0192,0.0971,-0.007012552,0.01082097,0.016687086
-0.04,0.14,0.34,-0.238610269,-0.099784009,0.151208652,0.1276,0.3668,0.467,-0.01,0,0,-0.0622,0.052,0.0192,0.012958211,-0.007012552,0.01082097
-0.17,-0.04,0.14,-0.163875269,-0.238610269,-0.099784009,-0.03635,0.1276,0.3668,0,-0.01,0,0.0122,-0.0622,0.052,-0.010348134,0.012958211,-0.007012552
-0.26,-0.17,-0.04,-0.183164162,-0.163875269,-0.238610269,-0.21928,-0.03635,0.1276,0.09,0,-0.01,0.0275,0.0122,-0.0622,0.01387551,-0.010348134,0.012958211
-0.36,-0.26,-0.17,-0.227326105,-0.183164162,-0.163875269,-0.44585,-0.21928,-0.03635,-0.03,0.09,0,0.0438,0.0275,0.0122,0.014191057,0.01387551,-0.010348134
-0.51,-0.36,-0.26,-0.240439536,-0.227326105,-0.183164162,-0.68493,-0.44585,-0.21928,0.03,-0.03,0.09,-0.0171,0.0438,0.0275,0.003227151,0.014191057,0.01387551
-0.7,-0.51,-0.36,-0.335041599,-0.240439536,-0.227326105,-1.01712,-0.68493,-0.44585,0.37,0.03,-0.03,-0.0253,-0.0171,0.0438,0.028432442,0.003227151,0.014191057
-0.87,-0.7,-0.51,-0.464551459,-0.335041599,-0.240439536,-1.47588,-1.01712,-0.68493,0.28,0.37,0.03,-0.0239,-0.0253,-0.0171,0.00533536,0.028432442,0.003227151
-0.92,-0.87,-0.7,-0.546279848,-0.464551459,-0.335041599,-2.01263,-1.47588,-1.01712,0.18,0.28,0.37,-0.0024,-0.0239,-0.0253,-0.029273642,0.00533536,0.028432442
-0.84,-0.92,-0.87,-0.397267733,-0.546279848,-0.464551459,-2.40113,-2.01263,-1.47588,0.14,0.18,0.28,-0.0842,-0.0024,-0.0239,0.033586883,-0.029273642,0.00533536
-0.71,-0.84,-0.92,-0.376614294,-0.397267733,-0.546279848,-2.76801,-2.40113,-2.01263,0.18,0.14,0.18,0.0871,-0.0842,-0.0024,-0.014364505,0.033586883,-0.029273642
-0.56,-0.71,-0.84,-0.378667784,-0.376614294,-0.397267733,-3.1355,-2.76801,-2.40113,0.26,0.18,0.14,-0.0941,0.0871,-0.0842,-0.020530652,-0.014364505,0.033586883
-0.41,-0.56,-0.71,-0.207101247,-0.378667784,-0.376614294,-3.3359,-3.1355,-2.76801,0.27,0.26,0.18,-0.0314,-0.0941,0.0871,-0.010017438,-0.020530652,-0.014364505
-0.29,-0.41,-0.56,0.004551741,-0.207101247,-0.378667784,-3.3315,-3.3359,-3.1355,0.39,0.27,0.26,-0.1222,-0.0314,-0.0941,0.033297039,-0.010017438,-0.020530652
-0.15,-0.29,-0.41,0.019952803,0.004551741,-0.207101247,-3.31221,-3.3315,-3.3359,0.68,0.39,0.27,-0.0344,-0.1222,-0.0314,-0.037171228,0.033297039,-0.010017438
0.03,-0.15,-0.29,0.099301384,0.019952803,0.004551741,-3.21615,-3.31221,-3.3315,0.48,0.68,0.39,0.1075,-0.0344,-0.1222,-0.030173877,-0.037171228,0.033297039
0.21,0.03,-0.15,0.186035599,0.099301384,0.019952803,-3.03593,-3.21615,-3.31221,0.13,0.48,0.68,-0.073,0.1075,-0.0344,0.056797737,-0.030173877,-0.037171228
0.33,0.21,0.03,0.278642622,0.186035599,0.099301384,-2.76537,-3.03593,-3.21615,0.26,0.13,0.48,-0.017,-0.073,0.1075,0.014370285,0.056797737,-0.030173877
0.43,0.33,0.21,0.311717241,0.278642622,0.186035599,-2.4618,-2.76537,-3.03593,0.23,0.26,0.13,0.0413,-0.017,-0.073,0.034738651,0.014370285,0.056797737
0.48,0.43,0.33,0.254100287,0.311717241,0.278642622,-2.21364,-2.4618,-2.76537,0.2,0.23,0.26,-0.0539,0.0413,-0.017,0.023474835,0.034738651,0.014370285
0.46,0.48,0.43,0.174360994,0.254100287,0.311717241,-2.04299,-2.21364,-2.4618,0.12,0.2,0.23,0.0177,-0.0539,0.0413,-0.03499785,0.023474835,0.034738651
0.44,0.46,0.48,0.213895623,0.174360994,0.254100287,-1.83324,-2.04299,-2.21364,0.19,0.12,0.2,-0.0443,0.0177,-0.0539,0.023723346,-0.03499785,0.023474835
0.41,0.44,0.46,0.190931181,0.213895623,0.174360994,-1.64563,-1.83324,-2.04299,0.21,0.19,0.12,-0.0162,-0.0443,0.0177,-0.013642191,0.023723346,-0.03499785
0.36,0.41,0.44,0.178520975,0.190931181,0.213895623,-1.46989,-1.64563,-1.83324,0.36,0.21,0.19,0.0192,-0.0162,-0.0443,-0.020181533,-0.013642191,0.023723346
0.3,0.36,0.41,0.0793047,0.178520975,0.190931181,-1.39172,-1.46989,-1.64563,0.4,0.36,0.21,0.1053,0.0192,-0.0162,-0.005851383,-0.020181533,-0.013642191
0.3,0.3,0.36,-0.103797675,0.0793047,0.178520975,-1.49402,-1.39172,-1.46989,0.04,0.4,0.36,-0.0989,0.1053,0.0192,-0.009220684,-0.005851383,-0.020181533
0.26,0.3,0.3,-0.16397213,-0.103797675,0.0793047,-1.65541,-1.49402,-1.39172,-0.01,0.04,0.4,0.0023,-0.0989,0.1053,0.017820026,-0.009220684,-0.005851383
0.23,0.26,0.3,-0.104167741,-0.16397213,-0.103797675,-1.7578,-1.65541,-1.49402,-0.12,-0.01,0.04,0.0808,0.0023,-0.0989,-0.012470545,0.017820026,-0.009220684
0.2,0.23,0.26,0.109943184,-0.104167741,-0.16397213,-1.64973,-1.7578,-1.65541,-0.04,-0.12,-0.01,-0.1196,0.0808,0.0023,-0.005225389,-0.012470545,0.017820026
0.19,0.2,0.23,0.327636669,0.109943184,-0.104167741,-1.32697,-1.64973,-1.7578,-0.14,-0.04,-0.12,0.0463,-0.1196,0.0808,0.023176992,-0.005225389,-0.012470545
0.18,0.19,0.2,0.34575761,0.327636669,0.109943184,-0.98521,-1.32697,-1.64973,-0.02,-0.14,-0.04,-0.042,0.0463,-0.1196,-0.001405573,0.023176992,-0.005225389
0.16,0.18,0.19,0.188158371,0.34575761,0.327636669,-0.79873,-0.98521,-1.32697,0.01,-0.02,-0.14,0.0194,-0.042,0.0463,0.004548742,-0.001405573,0.023176992
0.14,0.16,0.18,0.061311061,0.188158371,0.34575761,-0.73789,-0.79873,-0.98521,-0.01,0.01,-0.02,0.0177,0.0194,-0.042,0.018343087,0.004548742,-0.001405573
0.16,0.14,0.16,-0.072904326,0.061311061,0.188158371,-0.81023,-0.73789,-0.79873,-0.02,-0.01,0.01,0.0524,0.0177,0.0194,0.025476492,0.018343087,0.004548742
0.2,0.16,0.14,-0.140263988,-0.072904326,0.061311061,-0.94926,-0.81023,-0.73789,-0.02,-0.02,-0.01,-0.1096,0.0524,0.0177,0.043637241,0.025476492,0.018343087
0.2,0.2,0.16,-0.079728302,-0.140263988,-0.072904326,-1.0282,-0.94926,-0.81023,0,-0.02,-0.02,0.0693,-0.1096,0.0524,-0.013106853,0.043637241,0.025476492
0.15,0.2,0.2,-0.019947065,-0.079728302,-0.140263988,-1.04794,-1.0282,-0.94926,-0.07,0,-0.02,0.0285,0.0693,-0.1096,-0.001272227,-0.013106853,0.043637241
0.04,0.15,0.2,0.036647397,-0.019947065,-0.079728302,-1.01167,-1.04794,-1.0282,-0.18,-0.07,0,-0.0488,0.0285,0.0693,0.006296905,-0.001272227,-0.013106853
-0.06,0.04,0.15,0.071881625,0.036647397,-0.019947065,-0.94049,-1.01167,-1.04794,-0.07,-0.18,-0.07,-0.0678,-0.0488,0.0285,0.001099755,0.006296905,-0.001272227
-0.1,-0.06,0.04,0.068188269,0.071881625,0.036647397,-0.87292,-0.94049,-1.01167,-0.09,-0.07,-0.18,0.0675,-0.0678,-0.0488,0.000124454,0.001099755,0.006296905
-0.09,-0.1,-0.06,0.004478999,0.068188269,0.071881625,-0.86848,-0.87292,-0.94049,-0.07,-0.09,-0.07,0.0304,0.0675,-0.0678,-0.013177732,0.000124454,0.001099755
-0.05,-0.09,-0.1,-0.069406655,0.004478999,0.068188269,-0.93726,-0.86848,-0.87292,-0.04,-0.07,-0.09,-0.2036,0.0304,0.0675,0.008520665,-0.013177732,0.000124454