-1.015237146,-0.520420401,-0.456471879,0.421735632,2.557684179,0.397298894,1.732565568,0.267960428,6.14345352,1.128228294,2.73516387,0.987464904
-0.768249617,-0.137786018,-0.508164972,-0.23366861,-1.015237146,-0.520420401,-0.456471879,0.421735632,2.557684179,0.397298894,1.732565568,0.267960428
-0.774197415,0.195744435,0.246157249,0.637161197,-0.768249617,-0.137786018,-0.508164972,-0.23366861,-1.015237146,-0.520420401,-0.456471879,0.421735632
-0.259403518,0.736040269,-1.323671234,-0.49910192,-0.774197415,0.195744435,0.246157249,0.637161197,-0.768249617,-0.137786018,-0.508164972,-0.23366861
-1.044395916,-0.028762494,-0.07876055,-0.158324008,-0.259403518,0.736040269,-1.323671234,-0.49910192,-0.774197415,0.195744435,0.246157249,0.637161197
-0.526317004,-0.179953261,-0.485257957,-0.114296261,-1.044395916,-0.028762494,-0.07876055,-0.158324008,-0.259403518,0.736040269,-1.323671234,-0.49910192
0,0.028814292,-0.536136003,-0.029517028,-0.526317004,-0.179953261,-0.485257957,-0.114296261,-1.044395916,-0.028762494,-0.07876055,-0.158324008
-1.061017911,-0.237966581,1.116330506,-0.249397419,0,0.028814292,-0.536136003,-0.029517028,-0.526317004,-0.179953261,-0.485257957,-0.114296261
-0.267022856,0.036091963,-0.530315945,-0.149937554,-1.061017911,-0.237966581,1.116330506,-0.249397419,0,0.028814292,-0.536136003,-0.029517028
-1.345915337,-0.187820614,-1.306095589,-0.254110888,-0.267022856,0.036091963,-0.530315945,-0.149937554,-1.061017911,-0.237966581,1.116330506,-0.249397419
-1.915243221,-0.369445166,0.20571906,-0.498967727,-1.345915337,-0.187820614,-1.306095589,-0.254110888,-0.267022856,0.036091963,-0.530315945,-0.149937554
0.275862244,0.838336918,-2.131334451,-0.080290544,-1.915243221,-0.369445166,0.20571906,-0.498967727,-1.345915337,-0.187820614,-1.306095589,-0.254110888
-0.275862244,0.100704943,0.282871387,-0.288082209,0.275862244,0.838336918,-2.131334451,-0.080290544,-1.915243221,-0.369445166,0.20571906,-0.498967727
0.550965581,0.028754223,1.702583317,0.243240835,-0.275862244,0.100704943,0.282871387,-0.288082209,0.275862244,0.838336918,-2.131334451,-0.080290544
2.173998664,0.651934823,-0.547572656,-0.089743116,0.550965581,0.028754223,1.702583317,0.243240835,-0.275862244,0.100704943,0.282871387,-0.288082209
1.335133317,0.590938319,1.496358296,0.401348321,2.173998664,0.651934823,-0.547572656,-0.089743116,0.550965581,0.028754223,1.702583317,0.243240835
1.578980173,0.509807802,1.797326605,0.444267551,1.335133317,0.590938319,1.496358296,0.401348321,2.173998664,0.651934823,-0.547572656,-0.089743116
1.038970385,0.119992956,-1.211914658,0.205664173,1.578980173,0.509807802,1.797326605,0.444267551,1.335133317,0.590938319,1.496358296,0.401348321
1.028286696,0.55573285,2.335954516,0.360280854,1.038970385,0.119992956,-1.211914658,0.205664173,1.578980173,0.509807802,1.797326605,0.444267551
-0.256082086,0.021043033,0.343655629,0.116121554,1.028286696,0.55573285,2.335954516,0.360280854,1.038970385,0.119992956,-1.211914658,0.205664173
2.030526616,0.977115535,1.314649491,0.167493436,-0.256082086,0.021043033,0.343655629,0.116121554,1.028286696,0.55573285,2.335954516,0.360280854
1.496287268,1.036421908,0.944293104,0.451385195,2.030526616,0.977115535,1.314649491,0.167493436,-0.256082086,0.021043033,0.343655629,0.116121554
0.739830748,0.521048759,0.411205265,0.223104165,1.496287268,1.036421908,0.944293104,0.451385195,2.030526616,0.977115535,1.314649491,0.167493436
-0.739830748,-0.225911443,0.080912368,-0.063954394,0.739830748,0.521048759,0.411205265,0.223104165,1.496287268,1.036421908,0.944293104,0.451385195
1.717833654,0.355750529,0.094656035,0.56321747,-0.739830748,-0.225911443,0.080912368,-0.063954394,0.739830748,0.521048759,0.411205265,0.223104165
0.485437846,0.775514091,1.349672916,0.161634541,1.717833654,0.355750529,0.094656035,0.56321747,-0.739830748,-0.225911443,0.080912368,-0.063954394
0.241838086,0.419259473,0.081704708,0.636725918,0.485437846,0.775514091,1.349672916,0.161634541,1.717833654,0.355750529,0.094656035,0.56321747
-0.241838086,-0.067503715,-0.117029876,0.099123218,0.241838086,0.419259473,0.081704708,0.636725918,0.485437846,0.775514091,1.349672916,0.161634541
-0.242424361,0.686409155,-0.423864472,0.084627509,-0.241838086,-0.067503715,-0.117029876,0.099123218,0.241838086,0.419259473,0.081704708,0.636725918
0.966191091,0.428294839,0.39710997,0.147476736,-0.242424361,0.686409155,-0.423864472,0.084627509,-0.241838086,-0.067503715,-0.117029876,0.099123218
0.240096154,-0.120272632,0.704331008,0.242324277,0.966191091,0.428294839,0.39710997,0.147476736,-0.242424361,0.686409155,-0.423864472,0.084627509
0.478469812,-0.086953619,-0.260527276,0.127209384,0.240096154,-0.120272632,0.704331008,0.242324277,0.966191091,0.428294839,0.39710997,0.147476736
0.238379136,0.420687743,0.980838894,0.112740592,0.478469812,-0.086953619,-0.260527276,0.127209384,0.240096154,-0.120272632,0.704331008,0.242324277
0.475060276,0.306054796,1.3840162,0.042915386,0.238379136,0.420687743,0.980838894,0.112740592,0.478469812,-0.086953619,-0.260527276,0.127209384
0,0.463945689,-1.697578124,-0.032184813,0.475060276,0.306054796,1.3840162,0.042915386,0.238379136,0.420687743,0.980838894,0.112740592
0.708385489,-0.444018093,0.440899151,0.030397039,0,0.463945689,-1.697578124,-0.032184813,0.475060276,0.306054796,1.3840162,0.042915386
0.936775,0.655392767,1.56741784,0.214304931,0.708385489,-0.444018093,0.440899151,0.030397039,0,0.463945689,-1.697578124,-0.032184813
0.696866932,-0.026397413,0.057728248,0.174675647,0.936775,0.655392767,1.56741784,0.214304931,0.708385489,-0.444018093,0.440899151,0.030397039
0.92166551,0.368931178,0.927386252,0.534603918,0.696866932,-0.026397413,0.057728248,0.174675647,0.936775,0.655392767,1.56741784,0.214304931
1.14026321,0.550857187,-0.690462726,0.104455293,0.92166551,0.368931178,0.927386252,0.534603918,0.696866932,-0.026397413,0.057728248,0.174675647
0.45248946,0.104582008,0.86330353,0.088436102,1.14026321,0.550857187,-0.690462726,0.104455293,0.92166551,0.368931178,0.927386252,0.534603918
-0.45248946,0.176234503,1.473178121,0.220748692,0.45248946,0.104582008,0.86330353,0.088436102,1.14026321,0.550857187,-0.690462726,0.104455293
0.226500663,0.52684762,-0.583696912,0.237862522,-0.45248946,0.176234503,1.473178121,0.220748692,0.45248946,0.104582008,0.86330353,0.088436102
0.900906994,0.698173371,0.103985729,0.24432055,0.226500663,0.52684762,-0.583696912,0.237862522,-0.45248946,0.176234503,1.473178121,0.220748692
0.670393572,0.757287665,1.059546937,0.333000641,0.900906994,0.698173371,0.103985729,0.24432055,0.226500663,0.52684762,-0.583696912,0.237862522
0.444445176,0.051134549,-1.092120695,-0.045503072,0.670393572,0.757287665,1.059546937,0.333000641,0.900906994,0.698173371,0.103985729,0.24432055
0,0.560761044,2.185099863,0.220322179,0.444445176,0.051134549,-1.092120695,-0.045503072,0.670393572,0.757287665,1.059546937,0.333000641
0.883007945,0.177766538,0.573040685,0.029688878,0,0.560761044,2.185099863,0.220322179,0.444445176,0.051134549,-1.092120695,-0.045503072
0.657176516,0.613401866,0.006990807,0.581518457,0.883007945,0.177766538,0.573040685,0.029688878,0,0.560761044,2.185099863,0.220322179
0,0.477988331,-0.26459301,0.223696283,0.657176516,0.613401866,0.006990807,0.581518457,0.883007945,0.177766538,0.573040685,0.029688878
1.516822147,0.669107959,1.63555535,0.090030824,0,0.477988331,-0.26459301,0.223696283,0.657176516,0.613401866,0.006990807,0.581518457
0.643089033,0.317351936,1.070844404,0.329996239,1.516822147,0.669107959,1.63555535,0.090030824,0,0.477988331,-0.26459301,0.223696283
0.213447253,0.532871947,-0.273250344,0.251516119,0.643089033,0.317351936,1.070844404,0.329996239,1.516822147,0.669107959,1.63555535,0.090030824
0.637621714,0.616068977,1.664300645,0.326371047,0.213447253,0.532871947,-0.273250344,0.251516119,0.643089033,0.317351936,1.070844404,0.329996239
0.633581845,0.496248529,-0.315352809,0.3406925,0.637621714,0.616068977,1.664300645,0.326371047,0.213447253,0.532871947,-0.273250344,0.251516119
0.420168685,0.60320061,0.932393073,0.491016092,0.633581845,0.496248529,-0.315352809,0.3406925,0.637621714,0.616068977,1.664300645,0.326371047
-1.478379618,0.212385164,-1.507252521,-0.182144762,0.420168685,0.60320061,0.932393073,0.491016092,0.633581845,0.496248529,-0.315352809,0.3406925
3.141619623,0.845058448,1.047516516,0.718138989,-1.478379618,0.212385164,-1.507252521,-0.182144762,0.420168685,0.60320061,0.932393073,0.491016092
1.229523686,0.802207367,3.144260271,0.373156813,3.141619623,0.845058448,1.047516516,0.718138989,-1.478379618,0.212385164,-1.507252521,-0.182144762
1.013179893,-0.035782443,-0.242435947,0.106120465,1.229523686,0.802207367,3.144260271,0.373156813,3.141619623,0.845058448,1.047516516,0.718138989
0.603016903,0.107308941,0.327886945,0.478666696,1.013179893,-0.035782443,-0.242435947,0.106120465,1.229523686,0.802207367,3.144260271,0.373156813
1.393057354,0.481470303,2.118826035,3.03E-01,0.603016903,0.107308941,0.327886945,0.478666696,1.013179893,-0.035782443,-0.242435947,0.106120465
0.394477829,0.325607842,0.238700532,0.433377349,1.393057354,0.481470303,2.118826035,3.03E-01,0.603016903,0.107308941,0.327886945,0.478666696
0.784317746,0.9939212,-1.061332976,0.396723818,0.394477829,0.325607842,0.238700532,0.433377349,1.393057354,0.481470303,2.118826035,3.03E-01
0.778214044,0.769503622,0.444976606,0.383604697,0.784317746,0.9939212,-1.061332976,0.396723818,0.394477829,0.325607842,0.238700532,0.433377349
0.964327627,0.249398383,1.782134235,0.436376305,0.778214044,0.769503622,0.444976606,0.383604697,0.784317746,0.9939212,-1.061332976,0.396723818
0.383142231,0.502702356,-0.568350296,0.369019239,0.964327627,0.249398383,1.782134235,0.436376305,0.778214044,0.769503622,0.444976606,0.383604697
0.191022026,0.218780673,-0.004209605,0.460589453,0.383142231,0.502702356,-0.568350296,0.369019239,0.964327627,0.249398383,1.782134235,0.436376305
0.949674754,1.183445765,0.938136027,0.34324325,0.191022026,0.218780673,-0.004209605,0.460589453,0.383142231,0.502702356,-0.568350296,0.369019239
0.565505748,0.91087162,1.388232448,0.492468191,0.949674754,1.183445765,0.938136027,0.34324325,0.191022026,0.218780673,-0.004209605,0.460589453
1.121507082,0.488778748,0.348986038,0.560785278,0.565505748,0.91087162,1.388232448,0.492468191,0.949674754,1.183445765,0.938136027,0.34324325
1.109068669,-0.06727589,1.098912158,0.250369265,1.121507082,0.488778748,0.348986038,0.560785278,0.565505748,0.91087162,1.388232448,0.492468191
0.549955557,0.168104937,0.108986979,0.533948481,1.109068669,-0.06727589,1.098912158,0.250369265,1.121507082,0.488778748,0.348986038,0.560785278
1.451931132,0.279548432,1.611146743,0.583435009,0.549955557,0.168104937,0.108986979,0.533948481,1.109068669,-0.06727589,1.098912158,0.250369265
0,0.42342255,-0.774817823,0.363912936,1.451931132,0.279548432,1.611146743,0.583435009,0.549955557,0.168104937,0.108986979,0.533948481
1.075279178,0.438244398,-0.353195212,0.383048617,0,0.42342255,-0.774817823,0.363912936,1.451931132,0.279548432,1.611146743,0.583435009
0.355872262,0.596028255,1.068624338,0.65549326,1.075279178,0.438244398,-0.353195212,0.383048617,0,0.42342255,-0.774817823,0.363912936
0.531445006,0.302173128,-0.597439274,0.323026427,0.355872262,0.596028255,1.068624338,0.65549326,1.075279178,0.438244398,-0.353195212,0.383048617
0.176522552,0.38873273,0.62972878,0.247415106,0.531445006,0.302173128,-0.597439274,0.323026427,0.355872262,0.596028255,1.068624338,0.65549326
0.877968765,-0.049192425,-0.182712574,0.138223463,0.176522552,0.38873273,0.62972878,0.247415106,0.531445006,0.302173128,-0.597439274,0.323026427
0.696866932,0.670210927,0.268766985,3.44E-01,0.877968765,-0.049192425,-0.182712574,0.138223463,0.176522552,0.38873273,0.62972878,0.247415106
-0.696866932,0.276580344,-0.40022319,0.307314791,0.696866932,0.670210927,0.268766985,3.44E-01,0.877968765,-0.049192425,-0.182712574,0.138223463
0.174672533,0.10284447,0.440834268,0.341722798,-0.696866932,0.276580344,-0.40022319,0.307314791,0.696866932,0.670210927,0.268766985,3.44E-01
0.522194398,0.835066674,0.558517633,0.213368618,0.174672533,0.10284447,0.440834268,0.341722798,-0.696866932,0.276580344,-0.40022319,0.307314791
-1.047129987,-0.037562717,-0.238189241,-0.010734303,0.522194398,0.835066674,0.558517633,0.213368618,0.174672533,0.10284447,0.440834268,0.341722798
-0.704228263,0.112645848,0.492792194,0.199163579,-1.047129987,-0.037562717,-0.238189241,-0.010734303,0.522194398,0.835066674,0.558517633,0.213368618
1.054491318,-0.048261255,0.195650779,-0.022960179,-0.704228263,0.112645848,0.492792194,0.199163579,-1.047129987,-0.037562717,-0.238189241,-0.010734303
-0.877968765,0.412150992,0.013791554,0.237001357,1.054491318,-0.048261255,0.195650779,-0.022960179,-0.704228263,0.112645848,0.492792194,0.199163579
0,0.44769035,0.178724021,0.26843197,-0.877968765,0.412150992,0.013791554,0.237001357,1.054491318,-0.048261255,0.195650779,-0.022960179
-0.353357258,0.461576011,-0.000393314,0.269232394,0,0.44769035,0.178724021,0.26843197,-0.877968765,0.412150992,0.013791554,0.237001357
1.928192955,0.417294534,1.192084445,0.201828666,-0.353357258,0.461576011,-0.000393314,0.269232394,0,0.44769035,0.178724021,0.26843197
-0.17376199,-0.179381709,-0.233075396,0.189317982,1.928192955,0.417294534,1.192084445,0.201828666,-0.353357258,0.461576011,-0.000393314,0.269232394
0.865806274,0.216273327,-0.770003159,0.033282905,-0.17376199,-0.179381709,-0.233075396,0.189317982,1.928192955,0.417294534,1.192084445,0.201828666
1.369884436,0.593660626,2.723535355,0.723428574,0.865806274,0.216273327,-0.770003159,0.033282905,-0.17376199,-0.179381709,-0.233075396,0.189317982
1.183445765,0.735853854,2.033709467,0.277430127,1.369884436,0.593660626,2.723535355,0.723428574,0.865806274,0.216273327,-0.770003159,0.033282905
-0.168208618,-0.057212703,-0.479170906,-0.254907097,1.183445765,0.735853854,2.033709467,0.277430127,1.369884436,0.593660626,2.723535355,0.723428574
0.33613477,0.818657422,-0.351171055,0.633069799,-0.168208618,-0.057212703,-0.479170906,-0.254907097,1.183445765,0.735853854,2.033709467,0.277430127
0.335008689,0.159839164,0.912661583,0.153546888,0.33613477,0.818657422,-0.351171055,0.633069799,-0.168208618,-0.057212703,-0.479170906,-0.254907097
0.167084416,0.375389328,-0.090555312,0.423638119,0.335008689,0.159839164,0.912661583,0.153546888,0.33613477,0.818657422,-0.351171055,0.633069799
1.161838795,0.685424678,0.526093957,0.115630943,0.167084416,0.375389328,-0.090555312,0.423638119,0.335008689,0.159839164,0.912661583,0.153546888
0.32948959,0.50339516,0.963953081,0.425790498,1.161838795,0.685424678,0.526093957,0.115630943,0.167084416,0.375389328,-0.090555312,0.423638119
-0.164609091,0.541239086,1.193386273,0.324039581,0.32948959,0.50339516,0.963953081,0.425790498,1.161838795,0.685424678,0.526093957,0.115630943
0.328947665,0.110920653,-1.586221154,3.17E-01,-0.164609091,0.541239086,1.193386273,0.324039581,0.32948959,0.50339516,0.963953081,0.425790498
0.327869146,0.793017607,0.453673011,0.213787934,0.328947665,0.110920653,-1.586221154,3.17E-01,-0.164609091,0.541239086,1.193386273,0.324039581
0.163532334,0.089946038,1.520302024,0.347526779,0.327869146,0.793017607,0.453673011,0.213787934,0.328947665,0.110920653,-1.586221154,3.17E-01
1.298719553,0.463436733,0.802723431,0.366657863,0.163532334,0.089946038,1.520302024,0.347526779,0.327869146,0.793017607,0.453673011,0.213787934
0.32206147,0.535503065,-0.832497331,0.443427576,1.298719553,0.463436733,0.802723431,0.366657863,0.163532334,0.089946038,1.520302024,0.347526779
0.641027836,-0.103901254,0.176698043,0.160366421,0.32206147,0.535503065,-0.832497331,0.443427576,1.298719553,0.463436733,0.802723431,0.366657863
0.636944829,0.247206692,0.187603726,0.389010245,0.641027836,-0.103901254,0.176698043,0.160366421,0.32206147,0.535503065,-0.832497331,0.443427576
0.790517951,0.595723397,0.575459654,0.357417503,0.636944829,0.247206692,0.187603726,0.389010245,0.641027836,-0.103901254,0.176698043,0.160366421
-0.473560475,0.147152624,0.478405417,0.224704722,0.790517951,0.595723397,0.575459654,0.357417503,0.636944829,0.247206692,0.187603726,0.389010245
-0.316957476,0.527963682,-0.186352597,0.33112613,-0.473560475,0.147152624,0.478405417,0.224704722,0.790517951,0.595723397,0.575459654,0.357417503
0.947874395,0.24348685,-0.012555446,0.452097047,-0.316957476,0.527963682,-0.186352597,0.33112613,-0.473560475,0.147152624,0.478405417,0.224704722
0.470589104,0.881318958,0.474574008,0.240851313,0.947874395,0.24348685,-0.012555446,0.452097047,-0.316957476,0.527963682,-0.186352597,0.33112613
0.312500254,0.274427846,0.531306223,0.185202256,0.470589104,0.881318958,0.474574008,0.240851313,0.947874395,0.24348685,-0.012555446,0.452097047
0,0.335989564,0.562408073,0.04801175,0.312500254,0.274427846,0.531306223,0.185202256,0.470589104,0.881318958,0.474574008,0.240851313
0,0.291873219,0.953581548,0.225628683,0,0.335989564,0.562408073,0.04801175,0.312500254,0.274427846,0.531306223,0.185202256
-0.940445803,0.252904961,-1.313399162,-0.073273497,0,0.291873219,0.953581548,0.225628683,0,0.335989564,0.562408073,0.04801175
-0.315457675,-0.042901066,-0.121646966,0.261846589,-0.940445803,0.252904961,-1.313399162,-0.073273497,0,0.291873219,0.953581548,0.225628683
-1.913934021,-0.257793622,-0.852476331,-0.153364552,-0.315457675,-0.042901066,-0.121646966,0.261846589,-0.940445803,0.252904961,-1.313399162,-0.073273497
0,-0.229709136,-0.042242278,0.206775849,-1.913934021,-0.257793622,-0.852476331,-0.153364552,-0.315457675,-0.042901066,-0.121646966,0.261846589
-0.161160389,0.162765128,-1.136474076,0.255417227,0,-0.229709136,-0.042242278,0.206775849,-1.913934021,-0.257793622,-0.852476331,-0.153364552
-0.161420535,0.367638696,-0.724024535,-0.134644265,-0.161160389,0.162765128,-1.136474076,0.255417227,0,-0.229709136,-0.042242278,0.206775849
-0.161681523,-0.252904961,1.171368503,-0.362757351,-0.161420535,0.367638696,-0.724024535,-0.134644265,-0.161160389,0.162765128,-1.136474076,0.255417227
-0.324149392,-0.258336268,0.303471796,-0.124032772,-0.161681523,-0.252904961,1.171368503,-0.362757351,-0.161420535,0.367638696,-0.724024535,-0.134644265
0.162206037,0.430190425,0.084074681,0.090220906,-0.324149392,-0.258336268,0.303471796,-0.124032772,-0.161681523,-0.252904961,1.171368503,-0.362757351
-0.162206037,0.242955601,-0.478443113,-0.253954058,0.162206037,0.430190425,0.084074681,0.090220906,-0.324149392,-0.258336268,0.303471796,-0.124032772
-0.651468102,-0.028552394,-0.115182219,0.096014014,-0.162206037,0.242955601,-0.478443113,-0.253954058,0.162206037,0.430190425,0.084074681,0.090220906
-1.98026273,-0.448388464,-1.646469499,-0.624325147,-0.651468102,-0.028552394,-0.115182219,0.096014014,-0.162206037,0.242955601,-0.478443113,-0.253954058
-0.668898815,0,-1.682249433,-0.170561188,-1.98026273,-0.448388464,-1.646469499,-0.624325147,-0.651468102,-0.028552394,-0.115182219,0.096014014
2.32182901,0.066908815,3.222445923,0.52496538,-0.668898815,0,-1.682249433,-0.170561188,-1.98026273,-0.448388464,-1.646469499,-0.624325147
0.816331064,0.547920469,1.156402334,0.073558539,2.32182901,0.066908815,3.222445923,0.52496538,-0.668898815,0,-1.682249433,-0.170561188
-0.325733187,-0.0380192,0.693299249,-0.086295319,0.816331064,0.547920469,1.156402334,0.073558539,2.32182901,0.066908815,3.222445923,0.52496538
0,0.076023951,0.441753631,0.125881363,-0.325733187,-0.0380192,0.693299249,-0.086295319,0.816331064,0.547920469,1.156402334,0.073558539
0.48820276,0.075966199,0.476052002,0.268206426,0,0.076023951,0.441753631,0.125881363,-0.325733187,-0.0380192,0.693299249,-0.086295319
0.485830915,0.459313732,0.701471895,0.27170678,0.48820276,0.075966199,0.476052002,0.268206426,0,0.076023951,0.441753631,0.125881363
0.483482005,-0.108718784,1.204210487,0.047789054,0.485830915,0.459313732,0.701471895,0.27170678,0.48820276,0.075966199,0.476052002,0.268206426
-0.32206147,0.137060777,-0.537463593,0.078661633,0.483482005,-0.108718784,1.204210487,0.047789054,0.485830915,0.459313732,0.701471895,0.27170678
-0.485045413,0.612112279,-0.66045908,0.00140411,-0.32206147,0.137060777,-0.537463593,0.078661633,0.483482005,-0.108718784,1.204210487,0.047789054
1.607751673,-0.004694285,1.141301635,0.430132295,-0.485045413,0.612112279,-0.66045908,0.00140411,-0.32206147,0.137060777,-0.537463593,0.078661633
0.635932191,0.220393515,0.296214774,0.006990123,1.607751673,-0.004694285,1.141301635,0.430132295,-0.485045413,0.612112279,-0.66045908,0.00140411
0.47430919,0.574486062,1.595552324,0.281993123,0.635932191,0.220393515,0.296214774,0.006990123,1.607751673,-0.004694285,1.141301635,0.430132295
1.098050248,0.899445073,0.696669254,0.364572866,0.47430919,0.574486062,1.595552324,0.281993123,0.635932191,0.220393515,0.296214774,0.006990123
2.313133202,0.488052905,1.019499688,0.425506016,1.098050248,0.899445073,0.696669254,0.364572866,0.47430919,0.574486062,1.595552324,0.281993123
0.607904608,0.50853391,-0.938766627,0.306570793,2.313133202,0.488052905,1.019499688,0.425506016,1.098050248,0.899445073,0.696669254,0.364572866
0.754720564,0.31026169,1.773048821,0.389450927,0.607904608,0.50853391,-0.938766627,0.306570793,2.313133202,0.488052905,1.019499688,0.425506016
1.640603539,0.590481367,0.776913152,0.346886938,0.754720564,0.31026169,1.773048821,0.389450927,0.607904608,0.50853391,-0.938766627,0.306570793
-0.148038517,0.348109486,0.499607044,0.382508902,1.640603539,0.590481367,0.776913152,0.346886938,0.754720564,0.31026169,1.773048821,0.389450927
0.295858204,-0.751985424,0.433818981,0.410929659,-0.148038517,0.348109486,0.499607044,0.382508902,1.640603539,0.590481367,0.776913152,0.346886938
-0.147819687,1.511795755,0.341692259,-0.009505768,0.295858204,-0.751985424,0.433818981,0.410929659,-0.148038517,0.348109486,0.499607044,0.382508902
1.322576222,1.06476403,1.704528382,0.397113658,-0.147819687,1.511795755,0.341692259,-0.009505768,0.295858204,-0.751985424,0.433818981,0.410929659
1.016711736,0.495094283,1.088220951,0.25127678,1.322576222,1.06476403,1.704528382,0.397113658,-0.147819687,1.511795755,0.341692259,-0.009505768
1.434744841,0.965427895,1.24E+00,0.554353487,1.016711736,0.495094283,1.088220951,0.25127678,1.322576222,1.06476403,1.704528382,0.397113658
1.273902578,1.051315126,1.439912798,0.473871094,1.434744841,0.965427895,1.24E+00,0.554353487,1.016711736,0.495094283,1.088220951,0.25127678
0.84034108,0.594598675,1.441521758,0.471636143,1.273902578,1.051315126,1.439912798,0.473871094,1.434744841,0.965427895,1.24E+00,0.554353487
0.139372845,0.141664365,1.334059086,0.317167787,0.84034108,0.594598675,1.441521758,0.471636143,1.273902578,1.051315126,1.439912798,0.473871094
1.383147915,0.021446801,0.296367045,0.573385461,0.139372845,0.141664365,1.334059086,0.317167787,0.84034108,0.594598675,1.441521758,0.471636143
0,-0.03431709,-0.657597052,0.301226838,1.383147915,0.021446801,0.296367045,0.573385461,0.139372845,0.141664365,1.334059086,0.317167787
0.274348595,-0.29217173,-0.4898899,0.229585077,0,-0.03431709,-0.657597052,0.301226838,1.383147915,0.021446801,0.296367045,0.573385461
0.546449447,0.967763302,-0.37095962,0.266966945,0.274348595,-0.29217173,-0.4898899,0.229585077,0,-0.03431709,-0.657597052,0.301226838
0.678889233,0.378554715,-0.237086098,0.289715316,0.546449447,0.967763302,-0.37095962,0.266966945,0.274348595,-0.29217173,-0.4898899,0.229585077
0.674311388,-0.021229169,1.368234709,0.026059311,0.678889233,0.378554715,-0.237086098,0.289715316,0.546449447,0.967763302,-0.37095962,0.266966945
-0.134499012,0.575833584,-1.383052369,0.338154521,0.674311388,-0.021229169,1.368234709,0.026059311,0.678889233,0.378554715,-0.237086098,0.289715316
0.80429388,0.463334303,-0.101968731,0.189386626,-0.134499012,0.575833584,-1.383052369,0.338154521,0.674311388,-0.021229169,1.368234709,0.026059311
0.399734043,1.240384255,2.220823294,0.437071545,0.80429388,0.463334303,-0.101968731,0.189386626,-0.134499012,0.575833584,-1.383052369,0.338154521
0,0.781399325,1.262489609,0.42617633,0.399734043,1.240384255,2.220823294,0.437071545,0.80429388,0.463334303,-0.101968731,0.189386626
-1.608613775,-0.263917679,-1.463435723,0.204075155,0,0.781399325,1.262489609,0.42617633,0.399734043,1.240384255,2.220823294,0.437071545
-1.360565206,-1.292485525,0.346217355,-0.050017635,-1.608613775,-0.263917679,-1.463435723,0.204075155,0,0.781399325,1.262489609,0.42617633
-0.411805661,-1.118881026,-0.325748621,0.286940567,-1.360565206,-1.292485525,0.346217355,-0.050017635,-1.608613775,-0.263917679,-1.463435723,0.204075155
0.411805661,-1.242833618,1.054532803,0,-0.411805661,-1.118881026,-0.325748621,0.286940567,-1.360565206,-1.292485525,0.346217355,-0.050017635
-0.137080213,-0.515265857,-0.422955491,0.107390798,0.411805661,-1.242833618,1.054532803,0,-0.411805661,-1.118881026,-0.325748621,0.286940567
1.227009259,0.064553614,0.305777786,0.186381446,-0.137080213,-0.515265857,-0.422955491,0.107390798,0.411805661,-1.242833618,1.054532803,0
0.27063616,0.249215958,-0.393062014,0.034429773,1.227009259,0.064553614,0.305777786,0.186381446,-0.137080213,-0.515265857,-0.422955491,0.107390798
-0.542006747,0.197213354,0.335156686,0.105765504,0.27063616,0.249215958,-0.393062014,0.034429773,1.227009259,0.064553614,0.305777786,0.186381446
-0.272109011,-0.313150418,-1.277412041,-0.049683112,-0.542006747,0.197213354,0.335156686,0.105765504,0.27063616,0.249215958,-0.393062014,0.034429773
0.407886357,0.120228449,-1.05499537,0.025481602,-0.272109011,-0.313150418,-1.277412041,-0.049683112,-0.542006747,0.197213354,0.335156686,0.105765504
-0.680737823,0.295661704,-1.458804461,0.090407285,0.407886357,0.120228449,-1.05499537,0.025481602,-0.272109011,-0.313150418,-1.277412041,-0.049683112
-2.910808416,-0.967354219,-1.352788732,-0.422175657,-0.680737823,0.295661704,-1.458804461,0.090407285,0.407886357,0.120228449,-1.05499537,0.025481602
-4.311012365,-0.406926968,-3.373302615,-0.863916851,-2.910808416,-0.967354219,-1.352788732,-0.422175657,-0.680737823,0.295661704,-1.458804461,0.090407285
-2.678731596,-1.252771791,0.58195657,-0.542952662,-4.311012365,-0.406926968,-3.373302615,-0.863916851,-2.910808416,-0.967354219,-1.352788732,-0.422175657
-1.519786091,-0.91340955,-0.508986527,-0.523762139,-2.678731596,-1.252771791,0.58195657,-0.542952662,-4.311012365,-0.406926968,-3.373302615,-0.863916851
-1.854767236,0.137323107,-2.971695482,-0.421779015,-1.519786091,-0.91340955,-0.508986527,-0.523762139,-2.678731596,-1.252771791,0.58195657,-0.542952662
0.931683758,-0.11072972,1.597810771,-0.158463073,-1.854767236,0.137323107,-2.971695482,-0.421779015,-1.519786091,-0.91340955,-0.508986527,-0.523762139
-0.309597771,0.331822006,-0.120082709,0.210792382,0.931683758,-0.11072972,1.597810771,-0.158463073,-1.854767236,0.137323107,-2.971695482,-0.421779015
1.232681248,0.317516584,0.857530589,-0.092903368,-0.309597771,0.331822006,-0.120082709,0.210792382,0.931683758,-0.11072972,1.597810771,-0.158463073
0.610688921,0.101216811,0.950431898,0.311082897,1.232681248,0.317516584,0.857530589,-0.092903368,-0.309597771,0.331822006,-0.120082709,0.210792382
1.810004164,0.93687753,0.659271089,0.460920311,0.610688921,0.101216811,0.950431898,0.311082897,1.232681248,0.317516584,0.857530589,-0.092903368
1.040901591,0.651496397,0.424913697,0.269835668,1.810004164,0.93687753,0.659271089,0.460920311,0.610688921,0.101216811,0.950431898,0.311082897
0.442805152,0.720374085,0.087981678,0.402102852,1.040901591,0.651496397,0.424913697,0.269835668,1.810004164,0.93687753,0.659271089,0.460920311
1.025650017,0.09880787,-0.465699041,0.154720953,0.442805152,0.720374085,0.087981678,0.402102852,1.040901591,0.651496397,0.424913697,0.269835668
0.726219604,-0.038652323,1.067820851,0.380624632,1.025650017,0.09880787,-0.465699041,0.154720953,0.442805152,0.720374085,0.087981678,0.402102852
1.151091847,0.898017581,2.518409161,0.526111517,0.726219604,-0.038652323,1.067820851,0.380624632,1.025650017,0.09880787,-0.465699041,0.154720953
1.702168757,0.573067471,0.56362722,0.356842833,1.151091847,0.898017581,2.518409161,0.526111517,0.726219604,-0.038652323,1.067820851,0.380624632
-0.281690327,0.34648898,0.753027914,0.270605215,1.702168757,0.573067471,0.56362722,0.356842833,1.151091847,0.898017581,2.518409161,0.526111517
0.422238488,0.416728656,0.891549747,0.398853352,-0.281690327,0.34648898,0.753027914,0.270605215,1.702168757,0.573067471,0.56362722,0.356842833
1.11733006,0.435913172,-0.243860597,0.073266555,0.422238488,0.416728656,0.891549747,0.398853352,-0.281690327,0.34648898,0.753027914,0.270605215
0.138792527,-0.117174436,1.079532491,0.083307042,1.11733006,0.435913172,-0.243860597,0.073266555,0.422238488,0.416728656,0.891549747,0.398853352
0.553251757,0.171530217,0.329014821,0.285997058,0.138792527,-0.117174436,1.079532491,0.083307042,1.11733006,0.435913172,-0.243860597,0.073266555
0.550207715,0.242151087,-0.253766706,0.120704628,0.553251757,0.171530217,0.329014821,0.285997058,0.138792527,-0.117174436,1.079532491,0.083307042
0.273972774,0.166659761,0.113949333,0.32743109,0.550207715,0.242151087,-0.253766706,0.120704628,0.553251757,0.171530217,0.329014821,0.285997058
0.409556886,-0.008326395,-1.03712298,0,0.273972774,0.166659761,0.113949333,0.32743109,0.550207715,0.242151087,-0.253766706,0.120704628
1.621657159,0.953019561,1.660211027,0.37379015,0.409556886,-0.008326395,-1.03712298,0,0.273972774,0.166659761,0.113949333,0.32743109
0.801072375,0.304702533,2.934686716,0.245515113,1.621657159,0.953019561,1.660211027,0.37379015,0.409556886,-0.008326395,-1.03712298,0
0.39814253,0.020554562,-0.611619199,0.222560783,0.801072375,0.304702533,2.934686716,0.245515113,1.621657159,0.953019561,1.660211027,0.37379015
0.528402815,0.287321135,1.223208829,0.343436309,0.39814253,0.020554562,-0.611619199,0.222560783,0.801072375,0.304702533,2.934686716,0.245515113
0.918039234,0.298758126,1.095957041,0.527112908,0.528402815,0.287321135,1.223208829,0.343436309,0.39814253,0.020554562,-0.611619199,0.222560783
1.425818063,0.228580858,0.285275717,0.477796906,0.918039234,0.298758126,1.095957041,0.527112908,0.528402815,0.287321135,1.223208829,0.343436309
0.769234562,0.698820542,-0.261424872,0.448691663,1.425818063,0.228580858,0.285275717,0.477796906,0.918039234,0.298758126,1.095957041,0.527112908
0.763362486,0.157776597,0.908537309,0.491610769,0.769234562,0.698820542,-0.261424872,0.448691663,1.425818063,0.228580858,0.285275717,0.477796906
0,0.925448202,0.221342559,0.459002507,0.763362486,0.157776597,0.908537309,0.491610769,0.769234562,0.698820542,-0.261424872,0.448691663
0.126662462,0.559151549,0.083189144,0.258245283,0,0.925448202,0.221342559,0.459002507,0.763362486,0.157776597,0.908537309,0.491610769
0.505051579,0.544159586,0.159806162,0.549263723,0.126662462,0.559151549,0.083189144,0.258245283,0,0.925448202,0.221342559,0.459002507
0,0.126677504,0.455029431,0.275297615,0.505051579,0.544159586,0.159806162,0.549263723,0.126662462,0.559151549,0.083189144,0.258245283
0.125865341,0.268658057,5.90E-01,0.441285929,0,0.126677504,0.455029431,0.275297615,0.505051579,0.544159586,0.159806162,0.549263723
-0.504414689,0.484129023,1.272987391,0.285201795,0.125865341,0.268658057,5.90E-01,0.441285929,0,0.126677504,0.455029431,0.275297615
-0.379987791,0.125569001,-2.308875272,0.228761175,-0.504414689,0.484129023,1.272987391,0.285201795,0.125865341,0.268658057,5.90E-01,0.441285929
0.25348556,0.481193347,1.93584311,0.406446989,-0.379987791,0.125569001,-2.308875272,0.228761175,-0.504414689,0.484129023,1.272987391,0.285201795
1.257878221,1.106141569,0.767573864,0.622996385,0.25348556,0.481193347,1.93584311,0.406446989,-0.379987791,0.125569001,-2.308875272,0.228761175
2.469261259,1.136026955,2.6993874,0.869210529,1.257878221,1.106141569,0.767573864,0.622996385,0.25348556,0.481193347,1.93584311,0.406446989
0.365186042,0.114420852,-0.178690256,0.372202393,2.469261259,1.136026955,2.6993874,0.869210529,1.257878221,1.106141569,0.767573864,0.622996385
0.967359418,0.630773076,0.25468766,0.469937071,0.365186042,0.114420852,-0.178690256,0.372202393,2.469261259,1.136026955,2.6993874,0.869210529
0.240384731,0.075728894,-0.615664689,0.259997385,0.967359418,0.630773076,0.25468766,0.469937071,0.365186042,0.114420852,-0.178690256,0.372202393
0.359497092,0.483311619,1.518743699,0.329202355,0.240384731,0.075728894,-0.615664689,0.259997385,0.967359418,0.630773076,0.25468766,0.469937071
0.596304689,0.522214017,-0.320085976,0.125888388,0.359497092,0.483311619,1.518743699,0.329202355,0.240384731,0.075728894,-0.615664689,0.259997385
0.474496738,0.62382302,1.128079771,0.414310846,0.596304689,0.522214017,-0.320085976,0.125888388,0.359497092,0.483311619,1.518743699,0.329202355
0.824989947,0.264043739,0.483474967,0.513503281,0.474496738,0.62382302,1.128079771,0.414310846,0.596304689,0.522214017,-0.320085976,0.125888388
0.234466696,0.381814265,0.331070216,0.350663225,0.824989947,0.264043739,0.483474967,0.513503281,0.474496738,0.62382302,1.128079771,0.414310846
-0.351906522,-0.044408261,-0.304421247,0.190651375,0.234466696,0.381814265,0.331070216,0.350663225,0.824989947,0.264043739,0.483474967,0.513503281
0.819197091,0.480042279,-0.942137987,0.28923059,-0.351906522,-0.044408261,-0.304421247,0.190651375,0.234466696,0.381814265,0.331070216,0.350663225
0.349040494,0.441079889,2.654225854,0.494365144,0.819197091,0.480042279,-0.942137987,0.28923059,-0.351906522,-0.044408261,-0.304421247,0.190651375
-1.05079776,-0.514782722,-3.087594857,-0.070474137,0.349040494,0.441079889,2.654225854,0.494365144,0.819197091,0.480042279,-0.942137987,0.28923059
1.166874383,-0.047935988,2.684568463,0.355220319,-1.05079776,-0.514782722,-3.087594857,-0.070474137,0.349040494,0.441079889,2.654225854,0.494365144
-0.116076624,0.243129863,-1.566623653,0.305061583,1.166874383,-0.047935988,2.684568463,0.355220319,-1.05079776,-0.514782722,-3.087594857,-0.070474137
-0.582412829,0.286575257,0.092172649,0.071121387,-0.116076624,0.243129863,-1.566623653,0.305061583,1.166874383,-0.047935988,2.684568463,0.355220319
-0.351082865,0.0476828,0.08337,0.155401912,-0.582412829,0.286575257,0.092172649,0.071121387,-0.116076624,0.243129863,-1.566623653,0.305061583
0.234192145,0.065984826,-0.464163182,-0.011092131,-0.351082865,0.0476828,0.08337,0.155401912,-0.582412829,0.286575257,0.092172649,0.071121387
0.583092031,0.300047794,-0.034010188,0.233783464,0.234192145,0.065984826,-0.464163182,-0.011092131,-0.351082865,0.0476828,0.08337,0.155401912
-0.349447065,0.262716345,-0.247437064,0.117239791,0.583092031,0.300047794,-0.034010188,0.233783464,0.234192145,0.065984826,-0.464163182,-0.011092131
-0.116754246,0.200222131,-0.361547047,0.166774391,-0.349447065,0.262716345,-0.247437064,0.117239791,0.583092031,0.300047794,-0.034010188,0.233783464
0.349854584,0.145364709,1.833758926,0.123520799,-0.116754246,0.200222131,-0.361547047,0.166774391,-0.349447065,0.262716345,-0.247437064,0.117239791
0.348634868,-0.349230956,-1.376415425,0.161889851,0.349854584,0.145364709,1.833758926,0.123520799,-0.116754246,0.200222131,-0.361547047,0.166774391
0,-0.463885409,-2.469958099,0.130862003,0.348634868,-0.349230956,-1.376415425,0.161889851,0.349854584,0.145364709,1.833758926,0.123520799
-1.991864331,-0.919495978,-2.067726764,-0.236556292,0,-0.463885409,-2.469958099,0.130862003,0.348634868,-0.349230956,-1.376415425,0.161889851
-2.395324102,-0.73801073,-1.716623699,-0.512436515,-1.991864331,-0.919495978,-2.067726764,-0.236556292,0,-0.463885409,-2.469958099,0.130862003
-1.219527309,-0.093101208,-0.398899908,-0.379389218,-2.395324102,-0.73801073,-1.716623699,-0.512436515,-1.991864331,-0.919495978,-2.067726764,-0.236556292
-0.368777308,-0.283561118,1.557356926,-0.331756497,-1.219527309,-0.093101208,-0.398899908,-0.379389218,-2.395324102,-0.73801073,-1.716623699,-0.512436515
1.467018975,0.58860953,0.307498981,0.320641557,-0.368777308,-0.283561118,1.557356926,-0.331756497,-1.219527309,-0.093101208,-0.398899908,-0.379389218
1.326119494,0.533453143,2.082144268,0.091106056,1.467018975,0.58860953,0.307498981,0.320641557,-0.368777308,-0.283561118,1.557356926,-0.331756497
0.597016699,1.295787608,1.880020752,0.319326139,1.326119494,0.533453143,2.082144268,0.091106056,1.467018975,0.58860953,0.307498981,0.320641557
1.76995771,0.690560279,-0.08122441,0.238827207,0.597016699,1.295787608,1.880020752,0.319326139,1.326119494,0.533453143,2.082144268,0.091106056
0.466745305,0.732577571,0.122852377,0.247071666,1.76995771,0.690560279,-0.08122441,0.238827207,0.597016699,1.295787608,1.880020752,0.319326139
-0.818239515,-0.179940308,0.66370147,0.251957202,0.466745305,0.732577571,0.122852377,0.247071666,1.76995771,0.690560279,-0.08122441,0.238827207
0.234466696,-0.129757804,-0.384721409,0.101044501,-0.818239515,-0.179940308,0.66370147,0.251957202,0.466745305,0.732577571,0.122852377,0.247071666
0.350672481,0.111745952,-0.547524703,0.121776637,0.234466696,-0.129757804,-0.384721409,0.101044501,-0.818239515,-0.179940308,0.66370147,0.251957202
-0.820156911,0.00720513,0.17303477,0.014252433,0.350672481,0.111745952,-0.547524703,0.121776637,0.234466696,-0.129757804,-0.384721409,0.101044501
0.703402666,-0.126164788,-0.8461243,-0.084447886,-0.820156911,0.00720513,0.17303477,0.014252433,0.350672481,0.111745952,-0.547524703,0.121776637
0.582412829,0.327697947,-0.085375454,0.156775071,0.703402666,-0.126164788,-0.8461243,-0.084447886,-0.820156911,0.00720513,0.17303477,0.014252433
1.154747242,0.659335172,-0.000262806,0.13684011,0.582412829,0.327697947,-0.085375454,0.156775071,0.703402666,-0.126164788,-0.8461243,-0.084447886
-0.229885159,0.512986056,-0.441436701,-0.098506,1.154747242,0.659335172,-0.000262806,0.13684011,0.582412829,0.327697947,-0.085375454,0.156775071
-0.461361833,-0.028430293,-0.726435859,-0.141361366,-0.229885159,0.512986056,-0.441436701,-0.098506,1.154747242,0.659335172,-0.000262806,0.13684011
-0.812540744,-0.291877476,-1.600930458,0.027411229,-0.461361833,-0.028430293,-0.726435859,-0.141361366,-0.229885159,0.512986056,-0.441436701,-0.098506
-1.17234637,-0.407201591,-0.78662179,-0.221697945,-0.812540744,-0.291877476,-1.600930458,0.027411229,-0.461361833,-0.028430293,-0.726435859,-0.141361366
-0.828897582,-0.430432172,-1.179257334,-0.201270381,-1.17234637,-0.407201591,-0.78662179,-0.221697945,-0.812540744,-0.291877476,-1.600930458,0.027411229
-2.042113006,-0.479237022,-0.540431338,-0.42255371,-0.828897582,-0.430432172,-1.179257334,-0.201270381,-1.17234637,-0.407201591,-0.78662179,-0.221697945
2.160948433,0.270528778,1.757806003,0.028741668,-2.042113006,-0.479237022,-0.540431338,-0.42255371,-0.828897582,-0.430432172,-1.179257334,-0.201270381
-0.595594375,0.201518655,-0.172460575,-0.151539482,2.160948433,0.270528778,1.757806003,0.028741668,-2.042113006,-0.479237022,-0.540431338,-0.42255371
-0.599162967,0.673572107,-0.188329627,-0.339306633,-0.595594375,0.201518655,-0.172460575,-0.151539482,2.160948433,0.270528778,1.757806003,0.028741668
-0.60277458,0.19976463,6.48E-01,-0.073334966,-0.599162967,0.673572107,-0.188329627,-0.339306633,-0.595594375,0.201518655,-0.172460575,-0.151539482
-0.363416511,-0.64352587,-1.349686078,-0.291649248,-0.60277458,0.19976463,6.48E-01,-0.073334966,-0.599162967,0.673572107,-0.188329627,-0.339306633
-0.486618965,-0.420523578,0.077829683,-0.360726982,-0.363416511,-0.64352587,-1.349686078,-0.291649248,-0.60277458,0.19976463,6.48E-01,-0.073334966
-0.488998529,-0.169427412,-0.908567437,-2.27E-01,-0.486618965,-0.420523578,0.077829683,-0.360726982,-0.363416511,-0.64352587,-1.349686078,-0.291649248
-0.73801073,-0.350579538,-0.002496799,-0.204297043,-0.488998529,-0.169427412,-0.908567437,-2.27E-01,-0.486618965,-0.420523578,0.077829683,-0.360726982
-0.867953372,-0.119550071,-0.939882215,-0.233994549,-0.73801073,-0.350579538,-0.002496799,-0.204297043,-0.488998529,-0.169427412,-0.908567437,-2.27E-01
-0.374298628,-0.079779523,0.374558445,-0.155549074,-0.867953372,-0.119550071,-0.939882215,-0.233994549,-0.73801073,-0.350579538,-0.002496799,-0.204297043
-0.878850603,0.401875959,-0.708368961,0.029324852,-0.374298628,-0.079779523,0.374558445,-0.155549074,-0.867953372,-0.119550071,-0.939882215,-0.233994549
1.873883689,0.007226217,2.318822921,0.170139928,-0.878850603,0.401875959,-0.708368961,0.029324852,-0.374298628,-0.079779523,0.374558445,-0.155549074
-0.123839025,-0.274963994,-0.611898928,-0.07658348,1.873883689,0.007226217,2.318822921,0.170139928,-0.878850603,0.401875959,-0.708368961,0.029324852
0.740744128,0.152047236,1.463186597,0.211587888,-0.123839025,-0.274963994,-0.611898928,-0.07658348,1.873883689,0.007226217,2.318822921,0.170139928
1.222509113,0.49076311,0.054700056,0.297490635,0.740744128,0.152047236,1.463186597,0.211587888,-0.123839025,-0.274963994,-0.611898928,-0.07658348
1.087624014,0.491948494,1.641962245,0.32007548,1.222509113,0.49076311,0.054700056,0.297490635,0.740744128,0.152047236,1.463186597,0.211587888
0.599162967,0.307582503,2.479939955,0.43370956,1.087624014,0.491948494,1.641962245,0.32007548,1.222509113,0.49076311,0.054700056,0.297490635
1.8935477,0.491594036,0.022711284,0.473921386,0.599162967,0.307582503,2.479939955,0.43370956,1.087624014,0.491948494,1.641962245,0.32007548
1.396995944,-0.34885412,-0.194648916,-0.37717893,1.8935477,0.491594036,0.022711284,0.473921386,0.599162967,0.307582503,2.479939955,0.43370956
1.605539075,0.781448228,1.511656692,1.231644689,1.396995944,-0.34885412,-0.194648916,-0.37717893,1.8935477,0.491594036,0.022711284,0.473921386
0.793205292,1.262212415,1.228919284,3.51E-01,1.605539075,0.781448228,1.511656692,1.231644689,1.396995944,-0.34885412,-0.194648916,-0.37717893
0.225479239,0.595664915,1.193635544,0.348377233,0.793205292,1.262212415,1.228919284,3.51E-01,1.605539075,0.781448228,1.511656692,1.231644689
0.449438959,0.740487813,1.650576535,0.416674069,0.225479239,0.595664915,1.193635544,0.348377233,0.793205292,1.262212415,1.228919284,3.51E-01
1.997846693,0.745310932,0.559114669,0.448455532,0.449438959,0.740487813,1.650576535,0.416674069,0.225479239,0.595664915,1.193635544,0.348377233
-0.109950533,1.399954906,-3.52E-02,0.559368156,1.997846693,0.745310932,0.559114669,0.448455532,0.449438959,0.740487813,1.650576535,0.416674069
1.094102818,0.649123611,-0.00270637,0.288696506,-0.109950533,1.399954906,-3.52E-02,0.559368156,1.997846693,0.745310932,0.559114669,0.448455532
0.542594929,0.144051213,0.693871728,0.361571194,1.094102818,0.649123611,-0.00270637,0.288696506,-0.109950533,1.399954906,-3.52E-02,0.559368156
0.647251451,-0.013391363,0.881575215,0.321958466,0.542594929,0.144051213,0.693871728,0.361571194,1.094102818,0.649123611,-0.00270637,0.288696506
0.536194314,0.697308689,0.970818232,0.39622523,0.647251451,-0.013391363,0.881575215,0.321958466,0.542594929,0.144051213,0.693871728,0.361571194
0.426894992,0.530557998,-0.556320636,0.340791558,0.536194314,0.697308689,0.970818232,0.39622523,0.647251451,-0.013391363,0.881575215,0.321958466
0.106439606,0.491563598,-0.294200979,0.251145057,0.426894992,0.530557998,-0.556320636,0.340791558,0.536194314,0.697308689,0.970818232,0.39622523
-0.106439606,0.842227528,0.019108273,0.316724015,0.106439606,0.491563598,-0.294200979,0.251145057,0.426894992,0.530557998,-0.556320636,0.340791558
-0.748266452,-0.598990384,0.486392374,0.328290407,-0.106439606,0.842227528,0.019108273,0.316724015,0.106439606,0.491563598,-0.294200979,0.251145057
0.107238616,0.46183407,0.85985341,0.344957693,-0.748266452,-0.598990384,0.486392374,0.328290407,-0.106439606,0.842227528,0.019108273,0.316724015
-0.537346806,1.256734461,0.218813252,0.175158782,0.107238616,0.46183407,0.85985341,0.344957693,-0.748266452,-0.598990384,0.486392374,0.328290407
0.322754449,-0.566335392,-0.047392745,0.262164252,-0.537346806,1.256734461,0.218813252,0.175158782,0.107238616,0.46183407,0.85985341,0.344957693
0.749067173,0.375757625,0.129027054,0.15364973,0.322754449,-0.566335392,-0.047392745,0.262164252,-0.537346806,1.256734461,0.218813252,0.175158782
0.319319058,0.345356593,0.713302419,0.348986276,0.749067173,0.375757625,0.129027054,0.15364973,0.322754449,-0.566335392,-0.047392745,0.262164252
0.424178791,0.485352029,0.095620472,1.67E-01,0.319319058,0.345356593,0.713302419,0.348986276,0.749067173,0.375757625,0.129027054,0.15364973
0.211416569,-0.659495063,1.071753191,0.275174219,0.424178791,0.485352029,0.095620472,1.67E-01,0.319319058,0.345356593,0.713302419,0.348986276
-0.317292704,0.376927364,-1.390134091,0.120343766,0.211416569,-0.659495063,1.071753191,0.275174219,0.424178791,0.485352029,0.095620472,1.67E-01
-0.318302656,-0.186675304,0.227956976,0.189992098,-0.317292704,0.376927364,-1.390134091,0.120343766,0.211416569,-0.659495063,1.071753191,0.275174219
0.424178791,0.012885353,1.664975699,0.236727735,-0.318302656,-0.186675304,0.227956976,0.189992098,-0.317292704,0.376927364,-1.390134091,0.120343766
0.52770571,0.019324916,0.291576167,0.186118863,0.424178791,0.012885353,1.664975699,0.236727735,-0.318302656,-0.186675304,0.227956976,0.189992098
-0.845671002,0.594026182,-1.163238604,0.224517382,0.52770571,0.019324916,0.291576167,0.186118863,0.424178791,0.012885353,1.664975699,0.236727735
0.423729448,-0.156993448,0.863996228,0.191461685,-0.845671002,0.594026182,-1.163238604,0.224517382,0.52770571,0.019324916,0.291576167,0.186118863
1.0515344,1.1350353,-0.458250697,0.217495233,0.423729448,-0.156993448,0.863996228,0.191461685,-0.845671002,0.594026182,-1.163238604,0.224517382
0.521649592,-0.463934737,1.331889395,0.100457139,1.0515344,1.1350353,-0.458250697,0.217495233,0.423729448,-0.156993448,0.863996228,0.191461685
-0.626306849,0.603329659,-0.420484799,0.120618106,0.521649592,-0.463934737,1.331889395,0.100457139,1.0515344,1.1350353,-0.458250697,0.217495233
-0.946877143,0.904498689,-0.089772221,0.078981747,-0.626306849,0.603329659,-0.420484799,0.120618106,0.521649592,-0.463934737,1.331889395,0.100457139
0.21119332,1.256427184,2.027404555,0.180007128,-0.946877143,0.904498689,-0.089772221,0.078981747,-0.626306849,0.603329659,-0.420484799,0.120618106
-0.105540907,-0.478261781,-0.936185778,0.123188787,0.21119332,1.256427184,2.027404555,0.180007128,-0.946877143,0.904498689,-0.089772221,0.078981747
-0.423281055,-0.399264388,0.75228457,-0.124199159,-0.105540907,-0.478261781,-0.936185778,0.123188787,0.21119332,1.256427184,2.027404555,0.180007128
0.528821962,-0.037512895,0.733809906,0.305676433,-0.423281055,-0.399264388,0.75228457,-0.124199159,-0.105540907,-0.478261781,-0.936185778,0.123188787
0.105429635,0.396299646,-0.082598564,0.160031437,0.528821962,-0.037512895,0.733809906,0.305676433,-0.423281055,-0.399264388,0.75228457,-0.124199159
0.105318598,0.164921544,2.400713103,0.313281577,0.105429635,0.396299646,-0.082598564,0.160031437,0.528821962,-0.037512895,0.733809906,0.305676433
0.629592846,-0.298925958,-1.322612415,0.233318586,0.105318598,0.164921544,2.400713103,0.313281577,0.105429635,0.396299646,-0.082598564,0.160031437
0.729549875,0.099741304,-0.040658217,0.164896977,0.629592846,-0.298925958,-1.322612415,0.233318586,0.105318598,0.164921544,2.400713103,0.313281577
0.517867548,0.720164528,1.838241069,0.248330876,0.729549875,0.099741304,-0.040658217,0.164896977,0.629592846,-0.298925958,-1.322612415,0.233318586
-0.303144971,-0.399795986,-2.9680671,0.148305217,0.517867548,0.720164528,1.838241069,0.248330876,0.729549875,0.099741304,-0.040658217,0.164896977
1.417777565,0.61607241,3.340306393,0.227504258,-0.303144971,-0.399795986,-2.9680671,0.148305217,0.517867548,0.720164528,1.838241069,0.248330876
0.371175235,0.015430432,-0.102555925,0.230948129,1.417777565,0.61607241,3.340306393,0.227504258,-0.303144971,-0.399795986,-2.9680671,0.148305217
0.532933965,0.067865629,-0.243581467,0.357757384,0.371175235,0.015430432,-0.102555925,0.230948129,1.417777565,0.61607241,3.340306393,0.227504258
0.627745918,-0.287201223,0.131940598,0.194154724,0.532933965,0.067865629,-0.243581467,0.357757384,0.371175235,0.015430432,-0.102555925,0.230948129
0.85651698,-0.037118377,0.268821188,0.146598018,0.627745918,-0.287201223,0.131940598,0.194154724,0.532933965,0.067865629,-0.243581467,0.357757384
0.363424955,0.302730986,0.889876741,0.327836964,0.85651698,-0.037118377,0.268821188,0.146598018,0.627745918,-0.287201223,0.131940598,0.194154724
0.301683303,0.42167532,-0.454387436,0.214377043,0.363424955,0.302730986,0.889876741,0.327836964,0.85651698,-0.037118377,0.268821188,0.146598018
-0.202344888,0.08289456,0.999567945,0.160237655,0.301683303,0.42167532,-0.454387436,0.214377043,0.363424955,0.302730986,0.889876741,0.327836964
1.317781241,1.549993729,-0.212320941,0.535515617,-0.202344888,0.08289456,0.999567945,0.160237655,0.301683303,0.42167532,-0.454387436,0.214377043
0.10381471,-0.505900717,-0.230722471,0.213405843,1.317781241,1.549993729,-0.212320941,0.535515617,-0.202344888,0.08289456,0.999567945,0.160237655
0.650787972,1.590826233,0.675110232,0.332779009,0.10381471,-0.505900717,-0.230722471,0.213405843,1.317781241,1.549993729,-0.212320941,0.535515617
0.322358543,-1.130261228,-0.203217354,0.047311683,0.650787972,1.590826233,0.675110232,0.332779009,0.10381471,-0.505900717,-0.230722471,0.213405843
0.224647389,0.43437672,1.193800668,0.452672499,0.322358543,-1.130261228,-0.203217354,0.047311683,0.650787972,1.590826233,0.675110232,0.332779009
0.011605977,0.390531619,1.346907785,0.274456538,0.224647389,0.43437672,1.193800668,0.452672499,0.322358543,-1.130261228,-0.203217354,0.047311683
0.821559604,0.203672158,-0.481956017,0.250765828,0.011605977,0.390531619,1.346907785,0.274456538,0.224647389,0.43437672,1.193800668,0.452672499
-0.261242201,-0.014961773,0.284279543,0.174780971,0.821559604,0.203672158,-0.481956017,0.250765828,0.011605977,0.390531619,1.346907785,0.274456538
0.028846986,0.271954503,0.90701054,0.344844352,-0.261242201,-0.014961773,0.284279543,0.174780971,0.821559604,0.203672158,-0.481956017,0.250765828
0.573287226,0.134210193,-0.621020688,0.228921084,0.028846986,0.271954503,0.90701054,0.344844352,-0.261242201,-0.014961773,0.284279543,0.174780971
0.568118354,0.071505187,0.287474144,0.144112736,0.573287226,0.134210193,-0.621020688,0.228921084,0.028846986,0.271954503,0.90701054,0.344844352
-0.497404427,0.148805123,0.271638589,0.22712442,0.568118354,0.071505187,0.287474144,0.144112736,0.573287226,0.134210193,-0.621020688,0.228921084
0.295691704,1.417374463,0.755071736,0.265270925,-0.497404427,0.148805123,0.271638589,0.22712442,0.568118354,0.071505187,0.287474144,0.144112736
0.574569586,-0.709128922,0.261024716,0.310632339,0.295691704,1.417374463,0.755071736,0.265270925,-0.497404427,0.148805123,0.271638589,0.22712442
0.63435338,0.73551376,1.48735441,0.284369722,0.574569586,-0.709128922,0.261024716,0.310632339,0.295691704,1.417374463,0.755071736,0.265270925
0.347561784,0.470823054,-0.079949959,0.320937449,0.63435338,0.73551376,1.48735441,0.284369722,0.574569586,-0.709128922,0.261024716,0.310632339
-0.454892278,0.5208724,-1.419789272,0.214630405,0.347561784,0.470823054,-0.079949959,0.320937449,0.63435338,0.73551376,1.48735441,0.284369722
0.858237497,0.281131085,-0.555174032,0.17695658,-0.454892278,0.5208724,-1.419789272,0.214630405,0.347561784,0.470823054,-0.079949959,0.320937449
-0.000933955,-0.199898669,0.98444411,0.158064579,0.858237497,0.281131085,-0.555174032,0.17695658,-0.454892278,0.5208724,-1.419789272,0.214630405
-0.345226354,-0.56126825,-0.405121096,0.082651924,-0.000933955,-0.199898669,0.98444411,0.158064579,0.858237497,0.281131085,-0.555174032,0.17695658
-0.32103359,-0.18973953,-0.359741622,0.135438526,-0.345226354,-0.56126825,-0.405121096,0.082651924,-0.000933955,-0.199898669,0.98444411,0.158064579
-0.99591688,0.18973953,-0.944984615,0.063018398,-0.32103359,-0.18973953,-0.359741622,0.135438526,-0.345226354,-0.56126825,-0.405121096,0.082651924
0.510536224,-0.122559763,2.662301726,0.080568615,-0.99591688,0.18973953,-0.944984615,0.063018398,-0.32103359,-0.18973953,-0.359741622,0.135438526
-0.444085362,-0.309987088,-0.850557373,0.160942752,0.510536224,-0.122559763,2.662301726,0.080568615,-0.99591688,0.18973953,-0.944984615,0.063018398
-0.368884828,0.522911377,-1.074717566,0.060979555,-0.444085362,-0.309987088,-0.850557373,0.160942752,0.510536224,-0.122559763,2.662301726,0.080568615
0.350852531,0.447701195,0.825543904,0.296974219,-0.368884828,0.522911377,-1.074717566,0.060979555,-0.444085362,-0.309987088,-0.850557373,0.160942752
0.665038848,0.280968221,0.168034255,0.098489075,0.350852531,0.447701195,0.825543904,0.296974219,-0.368884828,0.522911377,-1.074717566,0.060979555
-0.511394022,0.005784861,-0.927183707,0.274703993,0.665038848,0.280968221,0.168034255,0.098489075,0.350852531,0.447701195,0.825543904,0.296974219
0.54061849,0.556670652,1.507675896,0.274866405,-0.511394022,0.005784861,-0.927183707,0.274703993,0.665038848,0.280968221,0.168034255,0.098489075
0.312450257,0.318759693,0.844717837,0.175518831,0.54061849,0.556670652,1.507675896,0.274866405,-0.511394022,0.005784861,-0.927183707,0.274703993
-0.660871151,0.206221073,-1.131776564,0.00456669,0.312450257,0.318759693,0.844717837,0.175518831,0.54061849,0.556670652,1.507675896,0.274866405
0.713477515,-3.87E-01,0.531319389,0.25449136,-0.660871151,0.206221073,-1.131776564,0.00456669,0.312450257,0.318759693,0.844717837,0.175518831
0.178279928,0.031590586,0.368220388,0.128367969,0.713477515,-3.87E-01,0.531319389,0.25449136,-0.660871151,0.206221073,-1.131776564,0.00456669
-0.166071693,0.071759694,-0.897081037,-0.193981182,0.178279928,0.031590586,0.368220388,0.128367969,0.713477515,-3.87E-01,0.531319389,0.25449136
0.28693348,-0.598614617,1.00992015,-0.12496638,-0.166071693,0.071759694,-0.897081037,-0.193981182,0.178279928,0.031590586,0.368220388,0.128367969
0.015916634,-0.089524228,-1.73788255,-0.067565102,0.28693348,-0.598614617,1.00992015,-0.12496638,-0.166071693,0.071759694,-0.897081037,-0.193981182
-0.462614074,-0.934667627,-0.323936302,-0.185582237,0.015916634,-0.089524228,-1.73788255,-0.067565102,0.28693348,-0.598614617,1.00992015,-0.12496638
-1.282621032,0.299928883,-1.264184547,-0.154762644,-0.462614074,-0.934667627,-0.323936302,-0.185582237,0.015916634,-0.089524228,-1.73788255,-0.067565102
-0.409537338,0.81659109,-0.927144868,-0.121046517,-1.282621032,0.299928883,-1.264184547,-0.154762644,-0.462614074,-0.934667627,-0.323936302,-0.185582237
-0.511166676,-1.402726762,-1.060449007,-0.16254268,-0.409537338,0.81659109,-0.927144868,-0.121046517,-1.282621032,0.299928883,-1.264184547,-0.154762644
-0.869108846,-0.143411161,7.29E-01,-0.254906159,-0.511166676,-1.402726762,-1.060449007,-0.16254268,-0.409537338,0.81659109,-0.927144868,-0.121046517
-0.981475011,0.347928134,-0.393833229,-0.164146108,-0.869108846,-0.143411161,7.29E-01,-0.254906159,-0.511166676,-1.402726762,-1.060449007,-0.16254268
0.504123933,-0.230842385,1.898210471,-0.207874352,-0.981475011,0.347928134,-0.393833229,-0.164146108,-0.869108846,-0.143411161,7.29E-01,-0.254906159
0.826868065,-0.073162526,0.53427701,0.02774156,0.504123933,-0.230842385,1.898210471,-0.207874352,-0.981475011,0.347928134,-0.393833229,-0.164146108
0.916859491,0.280652701,-0.270849863,0.021263319,0.826868065,-0.073162526,0.53427701,0.02774156,0.504123933,-0.230842385,1.898210471,-0.207874352
0.271611953,-0.438866675,1.022252296,-0.067503528,0.916859491,0.280652701,-0.270849863,0.021263319,0.826868065,-0.073162526,0.53427701,0.02774156
0.105003923,-0.170212807,0.131458266,0.095231498,0.271611953,-0.438866675,1.022252296,-0.067503528,0.916859491,0.280652701,-0.270849863,0.021263319
0.888109522,0.173144971,0.155792481,0.025872504,0.105003923,-0.170212807,0.131458266,0.095231498,0.271611953,-0.438866675,1.022252296,-0.067503528
-0.107861607,0.067416062,0.101052831,-0.024024246,0.888109522,0.173144971,0.155792481,0.025872504,0.105003923,-0.170212807,0.131458266,0.095231498
-0.048291568,-0.343416003,-0.291292543,-0.075806604,-0.107861607,0.067416062,0.101052831,-0.024024246,0.888109522,0.173144971,0.155792481,0.025872504
-0.372913471,0.895685651,-1.420140489,-0.005549082,-0.048291568,-0.343416003,-0.291292543,-0.075806604,-0.107861607,0.067416062,0.101052831,-0.024024246
-0.294186463,-0.572782769,1.422409834,-0.045329029,-0.372913471,0.895685651,-1.420140489,-0.005549082,-0.048291568,-0.343416003,-0.291292543,-0.075806604
0.856345187,0.837606496,0.379698551,-0.006477253,-0.294186463,-0.572782769,1.422409834,-0.045329029,-0.372913471,0.895685651,-1.420140489,-0.005549082
0.627617123,0.145209563,0.371300757,0.074925425,0.856345187,0.837606496,0.379698551,-0.006477253,-0.294186463,-0.572782769,1.422409834,-0.045329029
0.44990656,0.049323257,0.235399372,0.186606859,0.627617123,0.145209563,0.371300757,0.074925425,0.856345187,0.837606496,0.379698551,-0.006477253
0.534438923,-0.017405431,-0.600329217,0.118065946,0.44990656,0.049323257,0.235399372,0.186606859,0.627617123,0.145209563,0.371300757,0.074925425
-0.325173238,-0.017408461,1.053408449,0.029494719,0.534438923,-0.017405431,-0.600329217,0.118065946,0.44990656,0.049323257,0.235399372,0.186606859
0.852144565,0.08991111,0.704369539,0.129857589,-0.325173238,-0.017408461,1.053408449,0.029494719,0.534438923,-0.017405431,-0.600329217,0.118065946
-0.054609153,0.188261246,-0.690135822,0.052447795,0.852144565,0.08991111,0.704369539,0.129857589,-0.325173238,-0.017408461,1.053408449,0.029494719
0.174829262,0.496465156,0.874526055,0.086432813,-0.054609153,0.188261246,-0.690135822,0.052447795,0.852144565,0.08991111,0.704369539,0.129857589
0.594348544,0.677209969,0.542519891,0.176311824,0.174829262,0.496465156,0.874526055,0.086432813,-0.054609153,0.188261246,-0.690135822,0.052447795
0.978248796,0.125753825,0.532613779,0.105454772,0.594348544,0.677209969,0.542519891,0.176311824,0.174829262,0.496465156,0.874526055,0.086432813
0.482842807,5.701083028,1.848189308,0.156601326,0.978248796,0.125753825,0.532613779,0.105454772,0.594348544,0.677209969,0.542519891,0.176311824
0.183629861,-6.853047046,0.285383301,0.191982506,0.482842807,5.701083028,1.848189308,0.156601326,0.978248796,0.125753825,0.532613779,0.105454772
0.590211441,0.121278638,0.060880545,0.333719639,0.183629861,-6.853047046,0.285383301,0.191982506,0.482842807,5.701083028,1.848189308,0.156601326
0.080826228,0.285290455,-0.212266833,-0.047345899,0.590211441,0.121278638,0.060880545,0.333719639,0.183629861,-6.853047046,0.285383301,0.191982506
-0.014364333,1.391669719,0.076796139,0.265575418,0.080826228,0.285290455,-0.212266833,-0.047345899,0.590211441,0.121278638,0.060880545,0.333719639
-0.228310601,0.26074156,0.384071469,0.17152118,-0.014364333,1.391669719,0.076796139,0.265575418,0.080826228,0.285290455,-0.212266833,-0.047345899
0.30280318,-0.516474374,1.172294208,0.078855422,-0.228310601,0.26074156,0.384071469,0.17152118,-0.014364333,1.391669719,0.076796139,0.265575418
0.438648237,-0.250683814,-0.782520266,0.231674312,0.30280318,-0.516474374,1.172294208,0.078855422,-0.228310601,0.26074156,0.384071469,0.17152118
0.215039455,1.052626365,1.597123577,0.077707805,0.438648237,-0.250683814,-0.782520266,0.231674312,0.30280318,-0.516474374,1.172294208,0.078855422
0.310588276,-0.098832374,0.541429315,0.188596725,0.215039455,1.052626365,1.597123577,0.077707805,0.438648237,-0.250683814,-0.782520266,0.231674312
0.098581238,0.465071233,0.509070675,0.170243471,0.310588276,-0.098832374,0.541429315,0.188596725,0.215039455,1.052626365,1.597123577,0.077707805
0.924230796,0.440523166,0.973799472,0.228337283,0.098581238,0.465071233,0.509070675,0.170243471,0.310588276,-0.098832374,0.541429315,0.188596725
0.886131625,0.488752701,1.130526832,0.218857722,0.924230796,0.440523166,0.973799472,0.228337283,0.098581238,0.465071233,0.509070675,0.170243471
0.02876381,-0.626032619,-0.301734181,0.090452763,0.886131625,0.488752701,1.130526832,0.218857722,0.924230796,0.440523166,0.973799472,0.228337283
0.765728445,1.447324104,1.046606638,0.186021607,0.02876381,-0.626032619,-0.301734181,0.090452763,0.886131625,0.488752701,1.130526832,0.218857722
0.854279149,0.278701597,1.357357042,0.338065678,0.765728445,1.447324104,1.046606638,0.186021607,0.02876381,-0.626032619,-0.301734181,0.090452763
0.082286189,0.354839526,-0.549541678,0.356449575,0.854279149,0.278701597,1.357357042,0.338065678,0.765728445,1.447324104,1.046606638,0.186021607
0.544294596,0.296109667,0.098406138,0.223354846,0.082286189,0.354839526,-0.549541678,0.356449575,0.854279149,0.278701597,1.357357042,0.338065678
0.571007695,-0.093125178,0.716835962,0.338511493,0.544294596,0.296109667,0.098406138,0.223354846,0.082286189,0.354839526,-0.549541678,0.356449575
0.17608172,0.134182262,-0.725017624,0.25555403,0.571007695,-0.093125178,0.716835962,0.338511493,0.544294596,0.296109667,0.098406138,0.223354846
0.755820736,0.295114434,2.795175727,0.254902616,0.17608172,0.134182262,-0.725017624,0.25555403,0.571007695,-0.093125178,0.716835962,0.338511493
-0.107505218,0.506219953,-0.158724715,0.238492003,0.755820736,0.295114434,2.795175727,0.254902616,0.17608172,0.134182262,-0.725017624,0.25555403
0.419287826,1.404468249,0.400132733,0.141773239,-0.107505218,0.506219953,-0.158724715,0.238492003,0.755820736,0.295114434,2.795175727,0.254902616
0.667225161,-0.22511064,1.002812887,0.465908447,0.419287826,1.404468249,0.400132733,0.141773239,-0.107505218,0.506219953,-0.158724715,0.238492003
1.157037701,0.644499269,0.958962404,0.200874,0.667225161,-0.22511064,1.002812887,0.465908447,0.419287826,1.404468249,0.400132733,0.141773239
0.410004674,0.250259708,-0.350159281,0.146704599,1.157037701,0.644499269,0.958962404,0.200874,0.667225161,-0.22511064,1.002812887,0.465908447
