0.011107881,0.001725447,0.007524437,0.001163737,0.02668068,0.004899833,0.011878666,0.004288506,0.002399423,0.006211631,0.000965633,0.002547857
-0.004409119,-0.002260157,-0.001982432,0.001831575,0.011107881,0.001725447,0.007524437,0.001163737,0.02668068,0.004899833,0.011878666,0.004288506
-0.003336466,-0.000598397,-0.002206932,-0.00101481,-0.004409119,-0.002260157,-0.001982432,0.001831575,0.011107881,0.001725447,0.007524437,0.001163737
-0.003362297,0.000850107,0.001069047,0.002767156,-0.003336466,-0.000598397,-0.002206932,-0.00101481,-0.004409119,-0.002260157,-0.001982432,0.001831575
-0.001126575,0.003196582,-0.005748631,-0.002167572,-0.003362297,0.000850107,0.001069047,0.002767156,-0.003336466,-0.000598397,-0.002206932,-0.00101481
-0.004535754,-0.000124914,-0.000342053,-0.000687592,-0.001126575,0.003196582,-0.005748631,-0.002167572,-0.003362297,0.000850107,0.001069047,0.002767156
-0.002285766,-0.000781527,-0.002107449,-0.000496382,-0.004535754,-0.000124914,-0.000342053,-0.000687592,-0.001126575,0.003196582,-0.005748631,-0.002167572
0,0.000125139,-0.002328409,-0.000128191,-0.002285766,-0.000781527,-0.002107449,-0.000496382,-0.004535754,-0.000124914,-0.000342053,-0.000687592
-0.004607942,-0.001033476,0.004848162,-0.001083119,0,0.000125139,-0.002328409,-0.000128191,-0.002285766,-0.000781527,-0.002107449,-0.000496382
-0.001159666,0.000156745,-0.002303133,-0.000651171,-0.004607942,-0.001033476,0.004848162,-0.001083119,0,0.000125139,-0.002328409,-0.000128191
-0.005845236,-0.000815695,-0.005672301,-0.00110359,-0.001159666,0.000156745,-0.002303133,-0.000651171,-0.004607942,-0.001033476,0.004848162,-0.001083119
-0.008317796,-0.00160448,0.000893427,-0.002166989,-0.005845236,-0.000815695,-0.005672301,-0.00110359,-0.001159666,0.000156745,-0.002303133,-0.000651171
0.001198055,0.003640851,-0.009256268,-0.000348697,-0.008317796,-0.00160448,0.000893427,-0.002166989,-0.005845236,-0.000815695,-0.005672301,-0.00110359
-0.001198055,0.000437356,0.001228495,-0.001251125,0.001198055,0.003640851,-0.009256268,-0.000348697,-0.008317796,-0.00160448,0.000893427,-0.002166989
0.002392813,0.000124878,0.007394225,0.001056382,-0.001198055,0.000437356,0.001228495,-0.001251125,0.001198055,0.003640851,-0.009256268,-0.000348697
0.009441556,0.002831317,-0.002378078,-0.000389749,0.002392813,0.000124878,0.007394225,0.001056382,-0.001198055,0.000437356,0.001228495,-0.001251125
0.00579841,0.002566413,0.006498602,0.001743034,0.009441556,0.002831317,-0.002378078,-0.000389749,0.002392813,0.000124878,0.007394225,0.001056382
0.006857424,0.002214067,0.00780569,0.001929429,0.00579841,0.002566413,0.006498602,0.001743034,0.009441556,0.002831317,-0.002378078,-0.000389749
0.004512191,0.000521123,-0.005263278,0.000893188,0.006857424,0.002214067,0.00780569,0.001929429,0.00579841,0.002566413,0.006498602,0.001743034
0.004465792,0.002413517,0.010144922,0.00156468,0.004512191,0.000521123,-0.005263278,0.000893188,0.006857424,0.002214067,0.00780569,0.001929429
-0.00111215,9.14E-05,0.001492477,0.00050431,0.004465792,0.002413517,0.010144922,0.00156468,0.004512191,0.000521123,-0.005263278,0.000893188
0.008818465,0.004243559,0.00570945,0.000727415,-0.00111215,9.14E-05,0.001492477,0.00050431,0.004465792,0.002413517,0.010144922,0.00156468
0.006498293,0.004501123,0.004101013,0.001960341,0.008818465,0.004243559,0.00570945,0.000727415,-0.00111215,9.14E-05,0.001492477,0.00050431
0.003213044,0.002262886,0.001785842,0.000968929,0.006498293,0.004501123,0.004101013,0.001960341,0.008818465,0.004243559,0.00570945,0.000727415
-0.003213044,-0.000981121,0.000351398,-0.00027775,0.003213044,0.002262886,0.001785842,0.000968929,0.006498293,0.004501123,0.004101013,0.001960341
0.007460457,0.001545005,0.000411086,0.002446022,-0.003213044,-0.000981121,0.000351398,-0.00027775,0.003213044,0.002262886,0.001785842,0.000968929
0.00210823,0.003368015,0.005861555,0.00070197,0.007460457,0.001545005,0.000411086,0.002446022,-0.003213044,-0.000981121,0.000351398,-0.00027775
0.001050289,0.001820821,0.000354839,0.002765266,0.00210823,0.003368015,0.005861555,0.00070197,0.007460457,0.001545005,0.000411086,0.002446022
-0.001050289,-0.000293165,-0.000508254,0.000430487,0.001050289,0.001820821,0.000354839,0.002765266,0.00210823,0.003368015,0.005861555,0.00070197
-0.001052836,0.002981037,-0.00184082,0.000367533,-0.001050289,-0.000293165,-0.000508254,0.000430487,0.001050289,0.001820821,0.000354839,0.002765266
0.004196115,0.001860061,0.001724627,0.000640483,-0.001052836,0.002981037,-0.00184082,0.000367533,-0.001050289,-0.000293165,-0.000508254,0.000430487
0.001042724,-0.000522337,0.003058871,0.001052401,0.004196115,0.001860061,0.001724627,0.000640483,-0.001052836,0.002981037,-0.00184082,0.000367533
0.002077968,-0.000377635,-0.001131456,0.000552463,0.001042724,-0.000522337,0.003058871,0.001052401,0.004196115,0.001860061,0.001724627,0.000640483
0.001035267,0.001827024,0.004259729,0.000489626,0.002077968,-0.000377635,-0.001131456,0.000552463,0.001042724,-0.000522337,0.003058871,0.001052401
0.002063161,0.001329179,0.006010706,0.000186379,0.001035267,0.001827024,0.004259729,0.000489626,0.002077968,-0.000377635,-0.001131456,0.000552463
0,0.002014891,-0.007372488,-0.000139777,0.002063161,0.001329179,0.006010706,0.000186379,0.001035267,0.001827024,0.004259729,0.000489626
0.003076479,-0.001928346,0.001914801,0.000132013,0,0.002014891,-0.007372488,-0.000139777,0.002063161,0.001329179,0.006010706,0.000186379
0.004068362,0.002846335,0.006807209,0.000930714,0.003076479,-0.001928346,0.001914801,0.000132013,0,0.002014891,-0.007372488,-0.000139777
0.003026455,-0.000114643,0.000250711,0.000758607,0.004068362,0.002846335,0.006807209,0.000930714,0.003076479,-0.001928346,0.001914801,0.000132013
0.004002742,0.001602248,0.004027587,0.002321755,0.003026455,-0.000114643,0.000250711,0.000758607,0.004068362,0.002846335,0.006807209,0.000930714
0.0049521,0.002392342,-0.002998642,0.000453644,0.004002742,0.001602248,0.004027587,0.002321755,0.003026455,-0.000114643,0.000250711,0.000758607
0.001965137,0.000454194,0.00374928,0.000384073,0.0049521,0.002392342,-0.002998642,0.000453644,0.004002742,0.001602248,0.004027587,0.002321755
-0.001965137,0.000765377,0.006397931,0.000958699,0.001965137,0.000454194,0.00374928,0.000384073,0.0049521,0.002392342,-0.002998642,0.000453644
0.00098368,0.00228807,-0.002534963,0.001033024,-0.001965137,0.000765377,0.006397931,0.000958699,0.001965137,0.000454194,0.00374928,0.000384073
0.003912589,0.003032128,0.000451604,0.001061071,0.00098368,0.00228807,-0.002534963,0.001033024,-0.001965137,0.000765377,0.006397931,0.000958699
0.002911482,0.003288859,0.004601554,0.001446203,0.003912589,0.003032128,0.000451604,0.001061071,0.00098368,0.00228807,-0.002534963,0.001033024
0.001930201,0.000222075,-0.00474302,-0.000197617,0.002911482,0.003288859,0.004601554,0.001446203,0.003912589,0.003032128,0.000451604,0.001061071
0,0.002435354,0.009489768,0.000956847,0.001930201,0.000222075,-0.00474302,-0.000197617,0.002911482,0.003288859,0.004601554,0.001446203
0.003834855,0.00077203,0.002488684,0.000128937,0,0.002435354,0.009489768,0.000956847,0.001930201,0.000222075,-0.00474302,-0.000197617
0.002854081,0.00266397,3.04E-05,0.002525503,0.003834855,0.00077203,0.002488684,0.000128937,0,0.002435354,0.009489768,0.000956847
0,0.002075877,-0.001149113,0.000971501,0.002854081,0.00266397,3.04E-05,0.002525503,0.003834855,0.00077203,0.002488684,0.000128937
0.006587475,0.002905899,0.007103127,0.000390999,0,0.002075877,-0.001149113,0.000971501,0.002854081,0.00266397,3.04E-05,0.002525503
0.0027929,0.001378242,0.004650618,0.001433155,0.006587475,0.002905899,0.007103127,0.000390999,0,0.002075877,-0.001149113,0.000971501
0.00092699,0.002314233,-0.001186711,0.001092321,0.0027929,0.001378242,0.004650618,0.001433155,0.006587475,0.002905899,0.007103127,0.000390999
0.002769156,0.002675554,0.007227966,0.001417411,0.00092699,0.002314233,-0.001186711,0.001092321,0.0027929,0.001378242,0.004650618,0.001433155
0.002751611,0.00215518,-0.00136956,0.001479609,0.002769156,0.002675554,0.007227966,0.001417411,0.00092699,0.002314233,-0.001186711,0.001092321
0.001824769,0.002619667,0.004049332,0.002132456,0.002751611,0.00215518,-0.00136956,0.001479609,0.002769156,0.002675554,0.007227966,0.001417411
-0.006420521,0.000922377,-0.006545915,-0.000791045,0.001824769,0.002619667,0.004049332,0.002132456,0.002751611,0.00215518,-0.00136956,0.001479609
0.013643881,0.003670042,0.004549306,0.003118838,-0.006420521,0.000922377,-0.006545915,-0.000791045,0.001824769,0.002619667,0.004049332,0.002132456
0.005339754,0.003483942,0.013655349,0.001620599,0.013643881,0.003670042,0.004549306,0.003118838,-0.006420521,0.000922377,-0.006545915,-0.000791045
0.004400184,-0.000155401,-0.001052886,0.000460875,0.005339754,0.003483942,0.013655349,0.001620599,0.013643881,0.003670042,0.004549306,0.003118838
0.002618869,0.000466037,0.001423995,0.002078823,0.004400184,-0.000155401,-0.001052886,0.000460875,0.005339754,0.003483942,0.013655349,0.001620599
0.006049971,0.002090999,0.009201945,0.001315087,0.002618869,0.000466037,0.001423995,0.002078823,0.004400184,-0.000155401,-0.001052886,0.000460875
0.001713195,0.001414097,0.001036663,0.001882134,0.006049971,0.002090999,0.009201945,0.001315087,0.002618869,0.000466037,0.001423995,0.002078823
0.003406249,0.004316545,-0.004609311,0.00172295,0.001713195,0.001414097,0.001036663,0.001882134,0.006049971,0.002090999,0.009201945,0.001315087
0.003379741,0.003341912,0.001932509,0.001665974,0.003406249,0.004316545,-0.004609311,0.00172295,0.001713195,0.001414097,0.001036663,0.001882134
0.004188022,0.001083123,0.007739711,0.001895158,0.003379741,0.003341912,0.001932509,0.001665974,0.003406249,0.004316545,-0.004609311,0.00172295
0.001663966,0.002183209,-0.002468314,0.00160263,0.004188022,0.001083123,0.007739711,0.001895158,0.003379741,0.003341912,0.001932509,0.001665974
0.000829598,0.000950152,-1.83E-05,0.002000315,0.001663966,0.002183209,-0.002468314,0.00160263,0.004188022,0.001083123,0.007739711,0.001895158
0.004124385,0.00513964,0.004074273,0.001490687,0.000829598,0.000950152,-1.83E-05,0.002000315,0.001663966,0.002183209,-0.002468314,0.00160263
0.00245596,0.003955865,0.006029017,0.002138762,0.004124385,0.00513964,0.004074273,0.001490687,0.000829598,0.000950152,-1.83E-05,0.002000315
0.004870643,0.002122739,0.001515627,0.00243546,0.00245596,0.003955865,0.006029017,0.002138762,0.004124385,0.00513964,0.004074273,0.001490687
0.004816624,-0.000292175,0.004772515,0.00108734,0.004870643,0.002122739,0.001515627,0.00243546,0.00245596,0.003955865,0.006029017,0.002138762
0.002388427,0.00073007,0.000473324,0.002318909,0.004816624,-0.000292175,0.004772515,0.00108734,0.004870643,0.002122739,0.001515627,0.00243546
0.006305657,0.001214063,0.006997121,0.002533826,0.002388427,0.00073007,0.000473324,0.002318909,0.004816624,-0.000292175,0.004772515,0.00108734
0,0.001838901,-0.003364991,0.001580454,0.006305657,0.001214063,0.006997121,0.002533826,0.002388427,0.00073007,0.000473324,0.002318909
0.004669878,0.001903271,-0.001533907,0.001663559,0,0.001838901,-0.003364991,0.001580454,0.006305657,0.001214063,0.006997121,0.002533826
0.001545534,0.002588518,0.004640977,0.002846771,0.004669878,0.001903271,-0.001533907,0.001663559,0,0.001838901,-0.003364991,0.001580454
0.002308036,0.001312321,-0.002594646,0.001402886,0.001545534,0.002588518,0.004640977,0.002846771,0.004669878,0.001903271,-0.001533907,0.001663559
0.000766628,0.001688245,0.002734877,0.00107451,0.002308036,0.001312321,-0.002594646,0.001402886,0.001545534,0.002588518,0.004640977,0.002846771
0.00381297,-0.00021364,-0.000793511,0.000600297,0.000766628,0.001688245,0.002734877,0.00107451,0.002308036,0.001312321,-0.002594646,0.001402886
0.003026455,0.002910689,0.00116724,0.001493763,0.00381297,-0.00021364,-0.000793511,0.000600297,0.000766628,0.001688245,0.002734877,0.00107451
-0.003026455,0.001201173,-0.001738147,0.001334651,0.003026455,0.002910689,0.00116724,0.001493763,0.00381297,-0.00021364,-0.000793511,0.000600297
0.000758593,0.000446648,0.001914519,0.001484083,-0.003026455,0.001201173,-0.001738147,0.001334651,0.003026455,0.002910689,0.00116724,0.001493763
0.002267861,0.003626648,0.002425611,0.000926648,0.000758593,0.000446648,0.001914519,0.001484083,-0.003026455,0.001201173,-0.001738147,0.001334651
-0.004547628,-0.000163133,-0.001034443,-4.66E-05,0.002267861,0.003626648,0.002425611,0.000926648,0.000758593,0.000446648,0.001914519,0.001484083
-0.003058424,0.000489215,0.002140169,0.000864956,-0.004547628,-0.000163133,-0.001034443,-4.66E-05,0.002267861,0.003626648,0.002425611,0.000926648
0.004579598,-0.000209596,0.000849701,-9.97E-05,-0.003058424,0.000489215,0.002140169,0.000864956,-0.004547628,-0.000163133,-0.001034443,-4.66E-05
-0.00381297,0.001789949,5.99E-05,0.001029284,0.004579598,-0.000209596,0.000849701,-9.97E-05,-0.003058424,0.000489215,0.002140169,0.000864956
0,0.001944294,0.000776189,0.001165785,-0.00381297,0.001789949,5.99E-05,0.001029284,0.004579598,-0.000209596,0.000849701,-9.97E-05
-0.001534611,0.002004599,-1.71E-06,0.001169261,0,0.001944294,0.000776189,0.001165785,-0.00381297,0.001789949,5.99E-05,0.001029284
0.008374036,0.001812287,0.005177157,0.000876531,-0.001534611,0.002004599,-1.71E-06,0.001169261,0,0.001944294,0.000776189,0.001165785
-0.000754639,-0.000779045,-0.001012234,0.000822198,0.008374036,0.001812287,0.005177157,0.000876531,-0.001534611,0.002004599,-1.71E-06,0.001169261
0.003760149,0.000939263,-0.003344081,0.000144546,-0.000754639,-0.000779045,-0.001012234,0.000822198,0.008374036,0.001812287,0.005177157,0.000876531
0.005949333,0.002578235,0.011828164,0.00314181,0.003760149,0.000939263,-0.003344081,0.000144546,-0.000754639,-0.000779045,-0.001012234,0.000822198
0.00513964,0.003195773,0.008832288,0.001204864,0.005949333,0.002578235,0.011828164,0.00314181,0.003760149,0.000939263,-0.003344081,0.000144546
-0.000730521,-0.000248472,-0.002081013,-0.001107047,0.00513964,0.003195773,0.008832288,0.001204864,0.005949333,0.002578235,0.011828164,0.00314181
0.001459815,0.003555384,-0.001525117,0.002749387,-0.000730521,-0.000248472,-0.002081013,-0.001107047,0.00513964,0.003195773,0.008832288,0.001204864
0.001454924,0.000694173,0.003963639,0.000666846,0.001459815,0.003555384,-0.001525117,0.002749387,-0.000730521,-0.000248472,-0.002081013,-0.001107047
0.000725638,0.001630295,-0.000393277,0.001839837,0.001454924,0.000694173,0.003963639,0.000666846,0.001459815,0.003555384,-0.001525117,0.002749387
0.005045802,0.002976762,0.002284797,0.000502179,0.000725638,0.001630295,-0.000393277,0.001839837,0.001454924,0.000694173,0.003963639,0.000666846
0.001430955,0.002186217,0.004186395,0.001849185,0.005045802,0.002976762,0.002284797,0.000502179,0.000725638,0.001630295,-0.000393277,0.001839837
-0.000714888,0.002350571,0.005182811,0.001407286,0.001430955,0.002186217,0.004186395,0.001849185,0.005045802,0.002976762,0.002284797,0.000502179
0.001428602,0.000481722,-0.006888871,0.001377277,-0.000714888,0.002350571,0.005182811,0.001407286,0.001430955,0.002186217,0.004186395,0.001849185
0.001423918,0.003444032,0.001970277,0.000928469,0.001428602,0.000481722,-0.006888871,0.001377277,-0.000714888,0.002350571,0.005182811,0.001407286
0.000710212,0.000390631,0.006602588,0.00150929,0.001423918,0.003444032,0.001970277,0.000928469,0.001428602,0.000481722,-0.006888871,0.001377277
0.005640267,0.00201268,0.003486184,0.001592375,0.000710212,0.000390631,0.006602588,0.00150929,0.001423918,0.003444032,0.001970277,0.000928469
0.001398695,0.00232566,-0.00361549,0.001925781,0.005640267,0.00201268,0.003486184,0.001592375,0.000710212,0.000390631,0.006602588,0.00150929
0.002783949,-0.000451237,0.00076739,0.000696463,0.001398695,0.00232566,-0.00361549,0.001925781,0.005640267,0.00201268,0.003486184,0.001592375
0.002766216,0.001073605,0.000814753,0.00168945,0.002783949,-0.000451237,0.00076739,0.000696463,0.001398695,0.00232566,-0.00361549,0.001925781
0.003433176,0.002587194,0.00249919,0.001552245,0.002766216,0.001073605,0.000814753,0.00168945,0.002783949,-0.000451237,0.00076739,0.000696463
-0.002056647,0.000639076,0.002077688,0.00097588,0.003433176,0.002587194,0.00249919,0.001552245,0.002766216,0.001073605,0.000814753,0.00168945
-0.001376529,0.002292917,-0.000809319,0.001438063,-0.002056647,0.000639076,0.002077688,0.00097588,0.003433176,0.002587194,0.00249919,0.001552245
0.004116566,0.00105745,-5.45E-05,0.001963433,-0.001376529,0.002292917,-0.000809319,0.001438063,-0.002056647,0.000639076,0.002077688,0.00097588
0.002043743,0.00382752,0.002061049,0.001046004,0.004116566,0.00105745,-5.45E-05,0.001963433,-0.001376529,0.002292917,-0.000809319,0.001438063
0.001357171,0.001191825,0.002307434,0.000804323,0.002043743,0.00382752,0.002061049,0.001046004,0.004116566,0.00105745,-5.45E-05,0.001963433
0,0.001459184,0.002442507,0.000208512,0.001357171,0.001191825,0.002307434,0.000804323,0.002043743,0.00382752,0.002061049,0.001046004
0,0.001267589,0.004141352,0.000979893,0,0.001459184,0.002442507,0.000208512,0.001357171,0.001191825,0.002307434,0.000804323
-0.004084304,0.001098352,-0.00570402,-0.000318223,0,0.001267589,0.004141352,0.000979893,0,0.001459184,0.002442507,0.000208512
-0.001370015,-0.000186317,-0.000528306,0.001137185,-0.004084304,0.001098352,-0.00570402,-0.000318223,0,0.001267589,0.004141352,0.000979893
-0.00831211,-0.001119583,-0.003702258,-0.000666054,-0.001370015,-0.000186317,-0.000528306,0.001137185,-0.004084304,0.001098352,-0.00570402,-0.000318223
0,-0.000997614,-0.000183456,0.000898016,-0.00831211,-0.001119583,-0.003702258,-0.000666054,-0.001370015,-0.000186317,-0.000528306,0.001137185
-0.000699911,0.00070688,-0.004935644,0.001109263,0,-0.000997614,-0.000183456,0.000898016,-0.00831211,-0.001119583,-0.003702258,-0.000666054
-0.00070104,0.001596635,-0.003144399,-0.000584753,-0.000699911,0.00070688,-0.004935644,0.001109263,0,-0.000997614,-0.000183456,0.000898016
-0.000702174,-0.001098352,0.005087189,-0.001575435,-0.00070104,0.001596635,-0.003144399,-0.000584753,-0.000699911,0.00070688,-0.004935644,0.001109263
-0.001407763,-0.00112194,0.001317961,-0.000538667,-0.000702174,-0.001098352,0.005087189,-0.001575435,-0.00070104,0.001596635,-0.003144399,-0.000584753
0.000704452,0.001868293,0.000365132,0.000391824,-0.001407763,-0.00112194,0.001317961,-0.000538667,-0.000702174,-0.001098352,0.005087189,-0.001575435
-0.000704452,0.001055143,-0.002077852,-0.001102908,0.000704452,0.001868293,0.000365132,0.000391824,-0.001407763,-0.00112194,0.001317961,-0.000538667
-0.00282929,-0.000124001,-0.00050023,0.000416984,-0.000704452,0.001055143,-0.002077852,-0.001102908,0.000704452,0.001868293,0.000365132,0.000391824
-0.008600172,-0.001947326,-0.007150526,-0.00271141,-0.00282929,-0.000124001,-0.00050023,0.000416984,-0.000704452,0.001055143,-0.002077852,-0.001102908
-0.002904991,0,-0.007305916,-0.000740738,-0.008600172,-0.001947326,-0.007150526,-0.00271141,-0.00282929,-0.000124001,-0.00050023,0.000416984
0.010083575,0.000290581,0.013994905,0.002279896,-0.002904991,0,-0.007305916,-0.000740738,-0.008600172,-0.001947326,-0.007150526,-0.00271141
0.003545281,0.002379588,0.005022192,0.000319461,0.010083575,0.000290581,0.013994905,0.002279896,-0.002904991,0,-0.007305916,-0.000740738
-0.001414641,-0.000165115,0.00301096,-0.000374776,0.003545281,0.002379588,0.005022192,0.000319461,0.010083575,0.000290581,0.013994905,0.002279896
0,0.000330168,0.001918512,0.000546696,-0.001414641,-0.000165115,0.00301096,-0.000374776,0.003545281,0.002379588,0.005022192,0.000319461
0.002120238,0.000329917,0.002067468,0.001164806,0,0.000330168,0.001918512,0.000546696,-0.001414641,-0.000165115,0.00301096,-0.000374776
0.002109937,0.001994774,0.003046454,0.001180008,0.002120238,0.000329917,0.002067468,0.001164806,0,0.000330168,0.001918512,0.000546696
0.002099736,-0.00047216,0.00522982,0.000207545,0.002109937,0.001994774,0.003046454,0.001180008,0.002120238,0.000329917,0.002067468,0.001164806
-0.001398695,0.000595247,-0.002334175,0.000341623,0.002099736,-0.00047216,0.00522982,0.000207545,0.002109937,0.001994774,0.003046454,0.001180008
-0.002106525,0.00265837,-0.002868337,6.10E-06,-0.001398695,0.000595247,-0.002334175,0.000341623,0.002099736,-0.00047216,0.00522982,0.000207545
0.006982377,-2.04E-05,0.00495661,0.001868041,-0.002106525,0.00265837,-0.002868337,6.10E-06,-0.001398695,0.000595247,-0.002334175,0.000341623
0.002761818,0.000957157,0.001286444,3.04E-05,0.006982377,-2.04E-05,0.00495661,0.001868041,-0.002106525,0.00265837,-0.002868337,6.10E-06
0.002059899,0.002494961,0.006929396,0.001224681,0.002761818,0.000957157,0.001286444,3.04E-05,0.006982377,-2.04E-05,0.00495661,0.001868041
0.004768772,0.00390624,0.003025596,0.00158332,0.002059899,0.002494961,0.006929396,0.001224681,0.002761818,0.000957157,0.001286444,3.04E-05
0.01004581,0.002119587,0.004427631,0.001847949,0.004768772,0.00390624,0.003025596,0.00158332,0.002059899,0.002494961,0.006929396,0.001224681
0.002640096,0.002208535,-0.004077012,0.00133142,0.01004581,0.002119587,0.004427631,0.001847949,0.004768772,0.00390624,0.003025596,0.00158332
0.00327771,0.001347449,0.007700253,0.001691364,0.002640096,0.002208535,-0.004077012,0.00133142,0.01004581,0.002119587,0.004427631,0.001847949
0.007125051,0.002564428,0.003374091,0.001506511,0.00327771,0.001347449,0.007700253,0.001691364,0.002640096,0.002208535,-0.004077012,0.00133142
-0.000642923,0.00151182,0.002169766,0.001661215,0.007125051,0.002564428,0.003374091,0.001506511,0.00327771,0.001347449,0.007700253,0.001691364
0.001284896,-0.003265831,0.001884052,0.001784645,-0.000642923,0.00151182,0.002169766,0.001661215,0.007125051,0.002564428,0.003374091,0.001506511
-0.000641973,0.006565646,0.001483951,-4.13E-05,0.001284896,-0.003265831,0.001884052,0.001784645,-0.000642923,0.00151182,0.002169766,0.001661215
0.005743876,0.004624211,0.007402673,0.001724643,-0.000641973,0.006565646,0.001483951,-4.13E-05,0.001284896,-0.003265831,0.001884052,0.001784645
0.004415523,0.002150167,0.004726084,0.001091281,0.005743876,0.004624211,0.007402673,0.001724643,-0.000641973,0.006565646,0.001483951,-4.13E-05
0.006231018,0.0041928,0.005402068,0.002407527,0.004415523,0.002150167,0.004726084,0.001091281,0.005743876,0.004624211,0.007402673,0.001724643
0.005532489,0.004565804,0.006253462,0.002057996,0.006231018,0.0041928,0.005402068,0.002407527,0.004415523,0.002150167,0.004726084,0.001091281
0.003649555,0.002582309,0.006260449,0.00204829,0.005532489,0.004565804,0.006253462,0.002057996,0.006231018,0.0041928,0.005402068,0.002407527
0.000605289,0.000615241,0.005793745,0.001377442,0.003649555,0.002582309,0.006260449,0.00204829,0.005532489,0.004565804,0.006253462,0.002057996
0.006006935,9.31E-05,0.001287106,0.002490181,0.000605289,0.000615241,0.005793745,0.001377442,0.003649555,0.002582309,0.006260449,0.00204829
0,-0.000149037,-0.002855908,0.001308212,0.006006935,9.31E-05,0.001287106,0.002490181,0.000605289,0.000615241,0.005793745,0.001377442
0.001191481,-0.001268886,-0.002127565,0.000997075,0,-0.000149037,-0.002855908,0.001308212,0.006006935,9.31E-05,0.001287106,0.002490181
0.0023732,0.004202943,-0.001611057,0.001159423,0.001191481,-0.001268886,-0.002127565,0.000997075,0,-0.000149037,-0.002855908,0.001308212
0.002948378,0.001644042,-0.001029652,0.001258218,0.0023732,0.004202943,-0.001611057,0.001159423,0.001191481,-0.001268886,-0.002127565,0.000997075
0.002928497,-9.22E-05,0.005942168,0.000113174,0.002948378,0.001644042,-0.001029652,0.001258218,0.0023732,0.004202943,-0.001611057,0.001159423
-0.000584122,0.002500813,-0.00600652,0.001468586,0.002928497,-9.22E-05,0.005942168,0.000113174,0.002948378,0.001644042,-0.001029652,0.001258218
0.003493004,0.002012235,-0.000442845,0.000822496,-0.000584122,0.002500813,-0.00600652,0.001468586,0.002928497,-9.22E-05,0.005942168,0.000113174
0.001736023,0.00538692,0.009644913,0.001898178,0.003493004,0.002012235,-0.000442845,0.000822496,-0.000584122,0.002500813,-0.00600652,0.001468586
0,0.003393574,0.005482923,0.00185086,0.001736023,0.00538692,0.009644913,0.001898178,0.003493004,0.002012235,-0.000442845,0.000822496
-0.006986121,-0.00114618,-0.006355621,0.000886287,0,0.003393574,0.005482923,0.00185086,0.001736023,0.00538692,0.009644913,0.001898178
-0.00590886,-0.005613193,0.001503603,-0.000217224,-0.006986121,-0.00114618,-0.006355621,0.000886287,0,0.003393574,0.005482923,0.00185086
-0.001788449,-0.004859239,-0.001414708,0.001246167,-0.00590886,-0.005613193,0.001503603,-0.000217224,-0.006986121,-0.00114618,-0.006355621,0.000886287
0.001788449,-0.005397558,0.004579778,0,-0.001788449,-0.004859239,-0.001414708,0.001246167,-0.00590886,-0.005613193,0.001503603,-0.000217224
-0.000595332,-0.002237771,-0.001836872,0.000466392,0.001788449,-0.005397558,0.004579778,0,-0.001788449,-0.004859239,-0.001414708,0.001246167
0.005328834,0.000280353,0.001327976,0.000809444,-0.000595332,-0.002237771,-0.001836872,0.000466392,0.001788449,-0.005397558,0.004579778,0
0.001175358,0.001082331,-0.001707047,0.000149527,0.005328834,0.000280353,0.001327976,0.000809444,-0.000595332,-0.002237771,-0.001836872,0.000466392
-0.002353905,0.000856487,0.001455567,0.000459334,0.001175358,0.001082331,-0.001707047,0.000149527,0.005328834,0.000280353,0.001327976,0.000809444
-0.001181754,-0.001359995,-0.00554773,-0.000215771,-0.002353905,0.000856487,0.001455567,0.000459334,0.001175358,0.001082331,-0.001707047,0.000149527
0.001771428,0.000522146,-0.004581787,0.000110665,-0.001181754,-0.001359995,-0.00554773,-0.000215771,-0.002353905,0.000856487,0.001455567,0.000459334
-0.002956407,0.001284042,-0.006335507,0.000392634,0.001771428,0.000522146,-0.004581787,0.000110665,-0.001181754,-0.001359995,-0.00554773,-0.000215771
-0.01264148,-0.004201166,-0.005875087,-0.001833486,-0.002956407,0.001284042,-0.006335507,0.000392634,0.001771428,0.000522146,-0.004581787,0.000110665
-0.018722489,-0.001767261,-0.014650067,-0.003751943,-0.01264148,-0.004201166,-0.005875087,-0.001833486,-0.002956407,0.001284042,-0.006335507,0.000392634
-0.011633584,-0.005440719,0.002527405,-0.002358013,-0.018722489,-0.001767261,-0.014650067,-0.003751943,-0.01264148,-0.004201166,-0.005875087,-0.001833486
-0.006600347,-0.003966887,-0.0022105,-0.00227467,-0.011633584,-0.005440719,0.002527405,-0.002358013,-0.018722489,-0.001767261,-0.014650067,-0.003751943
-0.008055152,0.000596387,-0.01290591,-0.001831763,-0.006600347,-0.003966887,-0.0022105,-0.00227467,-0.011633584,-0.005440719,0.002527405,-0.002358013
0.004046251,-0.000480893,0.006939204,-0.000688196,-0.008055152,0.000596387,-0.01290591,-0.001831763,-0.006600347,-0.003966887,-0.0022105,-0.00227467
-0.001344566,0.001441085,-0.000521513,0.00091546,0.004046251,-0.000480893,0.006939204,-0.000688196,-0.008055152,0.000596387,-0.01290591,-0.001831763
0.005353467,0.001378957,0.003724208,-0.000403474,-0.001344566,0.001441085,-0.000521513,0.00091546,0.004046251,-0.000480893,0.006939204,-0.000688196
0.002652188,0.000439579,0.004127673,0.001351016,0.005353467,0.001378957,0.003724208,-0.000403474,-0.001344566,0.001441085,-0.000521513,0.00091546
0.007860748,0.004068807,0.002863178,0.002001751,0.002652188,0.000439579,0.004127673,0.001351016,0.005353467,0.001378957,0.003724208,-0.000403474
0.004520578,0.002829413,0.001845377,0.001171881,0.007860748,0.004068807,0.002863178,0.002001751,0.002652188,0.000439579,0.004127673,0.001351016
0.001923078,0.003128545,0.0003821,0.001746311,0.004520578,0.002829413,0.001845377,0.001171881,0.007860748,0.004068807,0.002863178,0.002001751
0.004454341,0.000429117,-0.002022505,0.000671945,0.001923078,0.003128545,0.0003821,0.001746311,0.004520578,0.002829413,0.001845377,0.001171881
0.003153932,-0.000167865,0.004637487,0.001653032,0.004454341,0.000429117,-0.002022505,0.000671945,0.001923078,0.003128545,0.0003821,0.001746311
0.004999128,0.003900041,0.010937312,0.002284873,0.003153932,-0.000167865,0.004637487,0.001653032,0.004454341,0.000429117,-0.002022505,0.000671945
0.007392425,0.0024888,0.002447802,0.001549749,0.004999128,0.003900041,0.010937312,0.002284873,0.003153932,-0.000167865,0.004637487,0.001653032
-0.001223366,0.001504783,0.003270359,0.001175224,0.007392425,0.0024888,0.002447802,0.001549749,0.004999128,0.003900041,0.010937312,0.002284873
0.001833758,0.00180983,0.003871951,0.001732198,-0.001223366,0.001504783,0.003270359,0.001175224,0.007392425,0.0024888,0.002447802,0.001549749
0.004852503,0.001893147,-0.001059073,0.000318193,0.001833758,0.00180983,0.003871951,0.001732198,-0.001223366,0.001504783,0.003270359,0.001175224
0.000602768,-0.000508882,0.00468835,0.000361798,0.004852503,0.001893147,-0.001059073,0.000318193,0.001833758,0.00180983,0.003871951,0.001732198
0.002402742,0.000744946,0.001428893,0.001242069,0.000602768,-0.000508882,0.00468835,0.000361798,0.004852503,0.001893147,-0.001059073,0.000318193
0.002389522,0.001051649,-0.001102095,0.000524214,0.002402742,0.000744946,0.001428893,0.001242069,0.000602768,-0.000508882,0.00468835,0.000361798
0.001189849,0.000723794,0.000494876,0.001422015,0.002389522,0.001051649,-0.001102095,0.000524214,0.002402742,0.000744946,0.001428893,0.001242069
0.001778683,-3.62E-05,-0.004504168,0,0.001189849,0.000723794,0.000494876,0.001422015,0.002389522,0.001051649,-0.001102095,0.000524214
0.007042768,0.004138911,0.007210205,0.00162335,0.001778683,-3.62E-05,-0.004504168,0,0.001189849,0.000723794,0.000494876,0.001422015
0.003479013,0.001323306,0.012745182,0.001066259,0.007042768,0.004138911,0.007210205,0.00162335,0.001778683,-3.62E-05,-0.004504168,0
0.001729111,8.93E-05,-0.002656228,0.000966569,0.003479013,0.001323306,0.012745182,0.001066259,0.007042768,0.004138911,0.007210205,0.00162335
0.002294824,0.00124782,0.005312328,0.001491525,0.001729111,8.93E-05,-0.002656228,0.000966569,0.003479013,0.001323306,0.012745182,0.001066259
0.003986994,0.00129749,0.004759681,0.002289222,0.002294824,0.00124782,0.005312328,0.001491525,0.001729111,8.93E-05,-0.002656228,0.000966569
0.006192249,0.000992714,0.001238937,0.002075046,0.003986994,0.00129749,0.004759681,0.002289222,0.002294824,0.00124782,0.005312328,0.001491525
0.003340743,0.003034939,-0.001135354,0.001948643,0.006192249,0.000992714,0.001238937,0.002075046,0.003986994,0.00129749,0.004759681,0.002289222
0.003315241,0.000685215,0.003945727,0.002135038,0.003340743,0.003034939,-0.001135354,0.001948643,0.006192249,0.000992714,0.001238937,0.002075046
0,0.00401917,0.000961279,0.001993423,0.003315241,0.000685215,0.003945727,0.002135038,0.003340743,0.003034939,-0.001135354,0.001948643
0.000550088,0.002428364,0.000361286,0.001121545,0,0.00401917,0.000961279,0.001993423,0.003315241,0.000685215,0.003945727,0.002135038
0.002193411,0.002363255,0.000694029,0.002385422,0.000550088,0.002428364,0.000361286,0.001121545,0,0.00401917,0.000961279,0.001993423
0,0.000550153,0.001976168,0.001195602,0.002193411,0.002363255,0.000694029,0.002385422,0.000550088,0.002428364,0.000361286,0.001121545
0.000546626,0.001166767,0.002563498,0.00191648,0,0.000550153,0.001976168,0.001195602,0.002193411,0.002363255,0.000694029,0.002385422
-0.002190645,0.002102546,0.005528514,0.001238616,0.000546626,0.001166767,0.002563498,0.00191648,0,0.000550153,0.001976168,0.001195602
-0.001650266,0.000545339,-0.010027318,0.000993497,-0.002190645,0.002102546,0.005528514,0.001238616,0.000546626,0.001166767,0.002563498,0.00191648
0.001100874,0.002089796,0.00840726,0.001765177,-0.001650266,0.000545339,-0.010027318,0.000993497,-0.002190645,0.002102546,0.005528514,0.001238616
0.005462896,0.004803912,0.003333531,0.002705639,0.001100874,0.002089796,0.00840726,0.001765177,-0.001650266,0.000545339,-0.010027318,0.000993497
0.010723865,0.004933702,0.011723291,0.003774933,0.005462896,0.004803912,0.003333531,0.002705639,0.001100874,0.002089796,0.00840726,0.001765177
0.001585983,0.000496923,-0.000776042,0.001616454,0.010723865,0.004933702,0.011723291,0.003774933,0.005462896,0.004803912,0.003333531,0.002705639
0.004201189,0.002739413,0.001106094,0.002040911,0.001585983,0.000496923,-0.000776042,0.001616454,0.010723865,0.004933702,0.011723291,0.003774933
0.001043978,0.000328886,-0.002673798,0.001129154,0.004201189,0.002739413,0.001106094,0.002040911,0.001585983,0.000496923,-0.000776042,0.001616454
0.001561276,0.002098996,0.00659582,0.001429708,0.001043978,0.000328886,-0.002673798,0.001129154,0.004201189,0.002739413,0.001106094,0.002040911
0.002589718,0.002267947,-0.001390116,0.000546726,0.001561276,0.002098996,0.00659582,0.001429708,0.001043978,0.000328886,-0.002673798,0.001129154
0.002060713,0.002709229,0.004899188,0.001799329,0.002589718,0.002267947,-0.001390116,0.000546726,0.001561276,0.002098996,0.00659582,0.001429708
0.003582886,0.001146727,0.002099705,0.002230116,0.002060713,0.002709229,0.004899188,0.001799329,0.002589718,0.002267947,-0.001390116,0.000546726
0.001018276,0.001658198,0.00143782,0.001522911,0.003582886,0.001146727,0.002099705,0.002230116,0.002060713,0.002709229,0.004899188,0.001799329
-0.001528311,-0.000192863,-0.001322085,0.000827988,0.001018276,0.001658198,0.00143782,0.001522911,0.003582886,0.001146727,0.002099705,0.002230116
0.003557728,0.002084797,-0.004091653,0.001256112,-0.001528311,-0.000192863,-0.001322085,0.000827988,0.001018276,0.001658198,0.00143782,0.001522911
0.001515864,0.001915586,0.011527156,0.002147001,0.003557728,0.002084797,-0.004091653,0.001256112,-0.001528311,-0.000192863,-0.001322085,0.000827988
-0.004563557,-0.002235673,-0.013409254,-0.000306065,0.001515864,0.001915586,0.011527156,0.002147001,0.003557728,0.002084797,-0.004091653,0.001256112
0.005067671,-0.000208183,0.011658933,0.001542702,-0.004563557,-0.002235673,-0.013409254,-0.000306065,0.001515864,0.001915586,0.011527156,0.002147001
-0.000504114,0.0010559,-0.00680376,0.001324866,0.005067671,-0.000208183,0.011658933,0.001542702,-0.004563557,-0.002235673,-0.013409254,-0.000306065
-0.002529387,0.001244581,0.000400301,0.000308876,-0.000504114,0.0010559,-0.00680376,0.001324866,0.005067671,-0.000208183,0.011658933,0.001542702
-0.001524734,0.000207084,0.000362071,0.000674902,-0.002529387,0.001244581,0.000400301,0.000308876,-0.000504114,0.0010559,-0.00680376,0.001324866
0.001017084,0.000286568,-0.002015835,-4.82E-05,-0.001524734,0.000207084,0.000362071,0.000674902,-0.002529387,0.001244581,0.000400301,0.000308876
0.002532337,0.001303091,-0.000147704,0.001015309,0.001017084,0.000286568,-0.002015835,-4.82E-05,-0.001524734,0.000207084,0.000362071,0.000674902
-0.001517629,0.001140963,-0.001074606,0.000509166,0.002532337,0.001303091,-0.000147704,0.001015309,0.001017084,0.000286568,-0.002015835,-4.82E-05
-0.000507057,0.000869554,-0.001570179,0.000724292,-0.001517629,0.001140963,-0.001074606,0.000509166,0.002532337,0.001303091,-0.000147704,0.001015309
0.001519399,0.000631311,0.007963914,0.000536444,-0.000507057,0.000869554,-0.001570179,0.000724292,-0.001517629,0.001140963,-0.001074606,0.000509166
0.001514102,-0.001516691,-0.005977696,0.000703079,0.001519399,0.000631311,0.007963914,0.000536444,-0.000507057,0.000869554,-0.001570179,0.000724292
0,-0.002014629,-0.010726892,0.000568326,0.001514102,-0.001516691,-0.005977696,0.000703079,0.001519399,0.000631311,0.007963914,0.000536444
-0.008650557,-0.00399332,-0.008980023,-0.001027351,0,-0.002014629,-0.010726892,0.000568326,0.001514102,-0.001516691,-0.005977696,0.000703079
-0.01040276,-0.00320514,-0.007455202,-0.002225484,-0.008650557,-0.00399332,-0.008980023,-0.001027351,0,-0.002014629,-0.010726892,0.000568326
-0.00529634,-0.000404333,-0.0017324,-0.001647666,-0.01040276,-0.00320514,-0.007455202,-0.002225484,-0.008650557,-0.00399332,-0.008980023,-0.001027351
-0.00160158,-0.00123149,0.006763515,-0.0014408,-0.00529634,-0.000404333,-0.0017324,-0.001647666,-0.01040276,-0.00320514,-0.007455202,-0.002225484
0.006371182,0.002556299,0.001335451,0.001392529,-0.00160158,-0.00123149,0.006763515,-0.0014408,-0.00529634,-0.000404333,-0.0017324,-0.001647666
0.005759264,0.002316758,0.009042638,0.000395669,0.006371182,0.002556299,0.001335451,0.001392529,-0.00160158,-0.00123149,0.006763515,-0.0014408
0.002592811,0.005627534,0.008164826,0.001386816,0.005759264,0.002316758,0.009042638,0.000395669,0.006371182,0.002556299,0.001335451,0.001392529
0.007686829,0.002999065,-0.000352753,0.001037213,0.002592811,0.005627534,0.008164826,0.001386816,0.005759264,0.002316758,0.009042638,0.000395669
0.002027049,0.003181544,0.000533541,0.001073019,0.007686829,0.002999065,-0.000352753,0.001037213,0.002592811,0.005627534,0.008164826,0.001386816
-0.003553569,-0.000781471,0.002882419,0.001094236,0.002027049,0.003181544,0.000533541,0.001073019,0.007686829,0.002999065,-0.000352753,0.001037213
0.001018276,-0.000563531,-0.001670824,0.000438831,-0.003553569,-0.000781471,0.002882419,0.001094236,0.002027049,0.003181544,0.000533541,0.001073019
0.001522951,0.000485307,-0.00237787,0.000528869,0.001018276,-0.000563531,-0.001670824,0.000438831,-0.003553569,-0.000781471,0.002882419,0.001094236
-0.003561896,3.13E-05,0.00075148,6.19E-05,0.001522951,0.000485307,-0.00237787,0.000528869,0.001018276,-0.000563531,-0.001670824,0.000438831
0.003054839,-0.000547927,-0.003674671,-0.000366753,-0.003561896,3.13E-05,0.00075148,6.19E-05,0.001522951,0.000485307,-0.00237787,0.000528869
0.002529387,0.001423174,-0.000370781,0.000680865,0.003054839,-0.000547927,-0.003674671,-0.000366753,-0.003561896,3.13E-05,0.00075148,6.19E-05
0.005015004,0.002863456,-1.14E-06,0.000594289,0.002529387,0.001423174,-0.000370781,0.000680865,0.003054839,-0.000547927,-0.003674671,-0.000366753
-0.000998379,0.00222787,-0.001917135,-0.000427806,0.005015004,0.002863456,-1.14E-06,0.000594289,0.002529387,0.001423174,-0.000370781,0.000680865
-0.002003669,-0.000123471,-0.003154871,-0.000613925,-0.000998379,0.00222787,-0.001917135,-0.000427806,0.005015004,0.002863456,-1.14E-06,0.000594289
-0.00352882,-0.001267608,-0.006952753,0.000119045,-0.002003669,-0.000123471,-0.003154871,-0.000613925,-0.000998379,0.00222787,-0.001917135,-0.000427806
-0.005091436,-0.001768454,-0.003416255,-0.000962822,-0.00352882,-0.001267608,-0.006952753,0.000119045,-0.002003669,-0.000123471,-0.003154871,-0.000613925
-0.003599856,-0.001869343,-0.00512145,-0.000874106,-0.005091436,-0.001768454,-0.003416255,-0.000962822,-0.00352882,-0.001267608,-0.006952753,0.000119045
-0.008868784,-0.0020813,-0.002347063,-0.001835127,-0.003599856,-0.001869343,-0.00512145,-0.000874106,-0.005091436,-0.001768454,-0.003416255,-0.000962822
0.00938488,0.001174892,0.007634054,0.000124823,-0.008868784,-0.0020813,-0.002347063,-0.001835127,-0.003599856,-0.001869343,-0.00512145,-0.000874106
-0.002586634,0.000875184,-0.000748987,-0.000658128,0.00938488,0.001174892,0.007634054,0.000124823,-0.008868784,-0.0020813,-0.002347063,-0.001835127
-0.002602132,0.002925286,-0.000817905,-0.00147359,-0.002586634,0.000875184,-0.000748987,-0.000658128,0.00938488,0.001174892,0.007634054,0.000124823
-0.002617817,0.000867567,0.00281234,-0.00031849,-0.002602132,0.002925286,-0.000817905,-0.00147359,-0.002586634,0.000875184,-0.000748987,-0.000658128
-0.001578298,-0.002794797,-0.005861612,-0.001266617,-0.002617817,0.000867567,0.00281234,-0.00031849,-0.002602132,0.002925286,-0.000817905,-0.00147359
-0.002113359,-0.001826311,0.00033801,-0.001566617,-0.001578298,-0.002794797,-0.005861612,-0.001266617,-0.002617817,0.000867567,0.00281234,-0.00031849
-0.002123694,-0.000735814,-0.003945858,-0.000987492,-0.002113359,-0.001826311,0.00033801,-0.001566617,-0.001578298,-0.002794797,-0.005861612,-0.001266617
-0.00320514,-0.001522548,-1.08E-05,-0.000887251,-0.002123694,-0.000735814,-0.003945858,-0.000987492,-0.002113359,-0.001826311,0.00033801,-0.001566617
-0.003769474,-0.000519199,-0.004081857,-0.001016225,-0.00320514,-0.001522548,-1.08E-05,-0.000887251,-0.002123694,-0.000735814,-0.003945858,-0.000987492
-0.001625558,-0.000346478,0.001626687,-0.000675541,-0.003769474,-0.000519199,-0.004081857,-0.001016225,-0.00320514,-0.001522548,-1.08E-05,-0.000887251
-0.0038168,0.001745325,-0.003076407,0.000127356,-0.001625558,-0.000346478,0.001626687,-0.000675541,-0.003769474,-0.000519199,-0.004081857,-0.001016225
0.008138173,3.14E-05,0.01007052,0.000738908,-0.0038168,0.001745325,-0.003076407,0.000127356,-0.001625558,-0.000346478,0.001626687,-0.000675541
-0.000537826,-0.001194153,-0.002657443,-0.000332598,0.008138173,3.14E-05,0.01007052,0.000738908,-0.0038168,0.001745325,-0.003076407,0.000127356
0.003217011,0.000660333,0.006354539,0.000918915,-0.000537826,-0.001194153,-0.002657443,-0.000332598,0.008138173,3.14E-05,0.01007052,0.000738908
0.00530929,0.002131357,0.000237559,0.001291985,0.003217011,0.000660333,0.006354539,0.000918915,-0.000537826,-0.001194153,-0.002657443,-0.000332598
0.004723491,0.002136505,0.007130951,0.00139007,0.00530929,0.002131357,0.000237559,0.001291985,0.003217011,0.000660333,0.006354539,0.000918915
0.002602132,0.001335814,0.010770242,0.001883577,0.004723491,0.002136505,0.007130951,0.00139007,0.00530929,0.002131357,0.000237559,0.001291985
0.008223573,0.002134966,9.86E-05,0.002058214,0.002602132,0.001335814,0.010770242,0.001883577,0.004723491,0.002136505,0.007130951,0.00139007
0.006067076,-0.001515054,-0.00084535,-0.001638067,0.008223573,0.002134966,9.86E-05,0.002058214,0.002602132,0.001335814,0.010770242,0.001883577
0.006972768,0.003393787,0.006565042,0.005348965,0.006067076,-0.001515054,-0.00084535,-0.001638067,0.008223573,0.002134966,9.86E-05,0.002058214
0.003444847,0.005481719,0.005337129,0.00152304,0.006972768,0.003393787,0.006565042,0.005348965,0.006067076,-0.001515054,-0.00084535,-0.001638067
0.000979244,0.00258694,0.005183893,0.001512983,0.003444847,0.005481719,0.005337129,0.00152304,0.006972768,0.003393787,0.006565042,0.005348965
0.001951889,0.003215898,0.007168363,0.001809592,0.000979244,0.00258694,0.005183893,0.001512983,0.003444847,0.005481719,0.005337129,0.00152304
0.008676538,0.003236844,0.002428204,0.001947618,0.001951889,0.003215898,0.007168363,0.001809592,0.000979244,0.00258694,0.005183893,0.001512983
-0.000477509,0.006079927,-0.000152768,0.002429305,0.008676538,0.003236844,0.002428204,0.001947618,0.001951889,0.003215898,0.007168363,0.001809592
0.004751628,0.002819108,-1.18E-05,0.001253793,-0.000477509,0.006079927,-0.000152768,0.002429305,0.008676538,0.003236844,0.002428204,0.001947618
0.00235646,0.000625606,0.003013447,0.001570284,0.004751628,0.002819108,-1.18E-05,0.001253793,-0.000477509,0.006079927,-0.000152768,0.002429305
0.002810977,-5.82E-05,0.003828633,0.001398248,0.00235646,0.000625606,0.003013447,0.001570284,0.004751628,0.002819108,-1.18E-05,0.001253793
0.002328662,0.003028373,0.00421621,0.001720784,0.002810977,-5.82E-05,0.003828633,0.001398248,0.00235646,0.000625606,0.003013447,0.001570284
0.001853981,0.002304184,-0.00241607,0.001480039,0.002328662,0.003028373,0.00421621,0.001720784,0.002810977,-5.82E-05,0.003828633,0.001398248
0.000462261,0.002134834,-0.001277699,0.001090709,0.001853981,0.002304184,-0.00241607,0.001480039,0.002328662,0.003028373,0.00421621,0.001720784
-0.000462261,0.003657748,8.30E-05,0.001375515,0.000462261,0.002134834,-0.001277699,0.001090709,0.001853981,0.002304184,-0.00241607,0.001480039
-0.00324968,-0.002601382,0.002112375,0.001425747,-0.000462261,0.003657748,8.30E-05,0.001375515,0.000462261,0.002134834,-0.001277699,0.001090709
0.000465731,0.00200572,0.003734296,0.001498132,-0.00324968,-0.002601382,0.002112375,0.001425747,-0.000462261,0.003657748,8.30E-05,0.001375515
-0.002333668,0.005457928,0.000950294,0.000760705,0.000465731,0.00200572,0.003734296,0.001498132,-0.00324968,-0.002601382,0.002112375,0.001425747
0.001401705,-0.002459563,-0.000205824,0.001138565,-0.002333668,0.005457928,0.000950294,0.000760705,0.000465731,0.00200572,0.003734296,0.001498132
0.003253157,0.001631895,0.000560357,0.000667292,0.001401705,-0.002459563,-0.000205824,0.001138565,-0.002333668,0.005457928,0.000950294,0.000760705
0.001386785,0.001499865,0.003097833,0.001515628,0.003253157,0.001631895,0.000560357,0.000667292,0.001401705,-0.002459563,-0.000205824,0.001138565
0.001842185,0.002107857,0.000415274,0.000726703,0.001386785,0.001499865,0.003097833,0.001515628,0.003253157,0.001631895,0.000560357,0.000667292
0.00091817,-0.002864151,0.004654565,0.001195066,0.001842185,0.002107857,0.000415274,0.000726703,0.001386785,0.001499865,0.003097833,0.001515628
-0.001377985,0.001636975,-0.006037276,0.000522646,0.00091817,-0.002864151,0.004654565,0.001195066,0.001842185,0.002107857,0.000415274,0.000726703
-0.001382371,-0.000810721,0.000990005,0.000825125,-0.001377985,0.001636975,-0.006037276,0.000522646,0.00091817,-0.002864151,0.004654565,0.001195066
0.001842185,5.60E-05,0.007230898,0.001028095,-0.001382371,-0.000810721,0.000990005,0.000825125,-0.001377985,0.001636975,-0.006037276,0.000522646
0.002291797,8.39E-05,0.001266299,0.000808304,0.001842185,5.60E-05,0.007230898,0.001028095,-0.001382371,-0.000810721,0.000990005,0.000825125
-0.003672703,0.002579823,-0.005051881,0.000975067,0.002291797,8.39E-05,0.001266299,0.000808304,0.001842185,5.60E-05,0.007230898,0.001028095
0.001840234,-0.000681814,0.003752288,0.000831508,-0.003672703,0.002579823,-0.005051881,0.000975067,0.002291797,8.39E-05,0.001266299,0.000808304
0.004566756,0.004929396,-0.001990157,0.00094457,0.001840234,-0.000681814,0.003752288,0.000831508,-0.003672703,0.002579823,-0.005051881,0.000975067
0.002265495,-0.002014843,0.005784322,0.00043628,0.004566756,0.004929396,-0.001990157,0.00094457,0.001840234,-0.000681814,0.003752288,0.000831508
-0.002720016,0.002620227,-0.001826142,0.000523838,0.002265495,-0.002014843,0.005784322,0.00043628,0.004566756,0.004929396,-0.001990157,0.00094457
-0.004112235,0.003928188,-0.000389876,0.000343013,-0.002720016,0.002620227,-0.001826142,0.000523838,0.002265495,-0.002014843,0.005784322,0.00043628
0.000917201,0.005456594,0.008804906,0.000781761,-0.004112235,0.003928188,-0.000389876,0.000343013,-0.002720016,0.002620227,-0.001826142,0.000523838
-0.000458358,-0.002077065,-0.004065803,0.000535002,0.000917201,0.005456594,0.008804906,0.000781761,-0.004112235,0.003928188,-0.000389876,0.000343013
-0.001838286,-0.001733983,0.00326713,-0.00053939,-0.000458358,-0.002077065,-0.004065803,0.000535002,0.000917201,0.005456594,0.008804906,0.000781761
0.002296645,-0.000162916,0.003186896,0.001327536,-0.001838286,-0.001733983,0.00326713,-0.00053939,-0.000458358,-0.002077065,-0.004065803,0.000535002
0.000457875,0.001721108,-0.000358721,0.000695008,0.002296645,-0.000162916,0.003186896,0.001327536,-0.001838286,-0.001733983,0.00326713,-0.00053939
0.000457393,0.000716245,0.010426165,0.001360565,0.000457875,0.001721108,-0.000358721,0.000695008,0.002296645,-0.000162916,0.003186896,0.001327536
0.002734287,-0.001298219,-0.005744033,0.00101329,0.000457393,0.000716245,0.010426165,0.001360565,0.000457875,0.001721108,-0.000358721,0.000695008
0.003168395,0.000433171,-0.000176576,0.000716138,0.002734287,-0.001298219,-0.005744033,0.00101329,0.000457393,0.000716245,0.010426165,0.001360565
0.00224907,0.003127635,0.00798338,0.001078487,0.003168395,0.000433171,-0.000176576,0.000716138,0.002734287,-0.001298219,-0.005744033,0.00101329
-0.001316542,-0.001736292,-0.012890152,0.000644081,0.00224907,0.003127635,0.00798338,0.001078487,0.003168395,0.000433171,-0.000176576,0.000716138
0.00615733,0.002675568,0.014506766,0.000988038,-0.001316542,-0.001736292,-0.012890152,0.000644081,0.00224907,0.003127635,0.00798338,0.001078487
0.001611994,6.70E-05,-0.000445395,0.001002995,0.00615733,0.002675568,0.014506766,0.000988038,-0.001316542,-0.001736292,-0.012890152,0.000644081
0.002314503,0.000294737,-0.001057861,0.001553721,0.001611994,6.70E-05,-0.000445395,0.001002995,0.00615733,0.002675568,0.014506766,0.000988038
0.002726266,-0.001247299,0.000573011,0.000843203,0.002314503,0.000294737,-0.001057861,0.001553721,0.001611994,6.70E-05,-0.000445395,0.001002995
0.003719806,-0.000161203,0.001167476,0.000636667,0.002726266,-0.001247299,0.000573011,0.000843203,0.002314503,0.000294737,-0.001057861,0.001553721
0.001578335,0.001314744,0.003864686,0.001423778,0.003719806,-0.000161203,0.001167476,0.000636667,0.002726266,-0.001247299,0.000573011,0.000843203
0.001310194,0.001831313,-0.00197338,0.000931028,0.001578335,0.001314744,0.003864686,0.001423778,0.003719806,-0.000161203,0.001167476,0.000636667
-0.000878773,0.000360007,0.004341068,0.000695903,0.001310194,0.001831313,-0.00197338,0.000931028,0.001578335,0.001314744,0.003864686,0.001423778
0.005723051,0.006731537,-0.000922098,0.002325715,-0.000878773,0.000360007,0.004341068,0.000695903,0.001310194,0.001831313,-0.00197338,0.000931028
0.000450862,-0.002197099,-0.001002015,0.00092681,0.005723051,0.006731537,-0.000922098,0.002325715,-0.000878773,0.000360007,0.004341068,0.000695903
0.002826336,0.006908871,0.002931966,0.001445241,0.000450862,-0.002197099,-0.001002015,0.00092681,0.005723051,0.006731537,-0.000922098,0.002325715
0.001399985,-0.004908662,-0.000882562,0.000205472,0.002826336,0.006908871,0.002931966,0.001445241,0.000450862,-0.002197099,-0.001002015,0.00092681
0.000975631,0.001886474,0.00518461,0.001965932,0.001399985,-0.004908662,-0.000882562,0.000205472,0.002826336,0.006908871,0.002931966,0.001445241
5.04E-05,0.001696057,0.005849546,0.00119195,0.000975631,0.001886474,0.00518461,0.001965932,0.001399985,-0.004908662,-0.000882562,0.000205472
0.003567988,0.000884537,-0.002093108,0.001089062,5.04E-05,0.001696057,0.005849546,0.00119195,0.000975631,0.001886474,0.00518461,0.001965932
-0.00113456,-6.50E-05,0.00123461,0.000759064,0.003567988,0.000884537,-0.002093108,0.001089062,5.04E-05,0.001696057,0.005849546,0.00119195
0.000125281,0.001181083,0.003939097,0.00149764,-0.00113456,-6.50E-05,0.00123461,0.000759064,0.003567988,0.000884537,-0.002093108,0.001089062
0.002489755,0.000582867,-0.002697059,0.000994192,0.000125281,0.001181083,0.003939097,0.00149764,-0.00113456,-6.50E-05,0.00123461,0.000759064
0.002467307,0.000310543,0.001248484,0.000625874,0.002489755,0.000582867,-0.002697059,0.000994192,0.000125281,0.001181083,0.003939097,0.00149764
-0.0021602,0.000646252,0.001179711,0.000986389,0.002467307,0.000310543,0.001248484,0.000625874,0.002489755,0.000582867,-0.002697059,0.000994192
0.001284173,0.006155579,0.003279235,0.001152057,-0.0021602,0.000646252,0.001179711,0.000986389,0.002467307,0.000310543,0.001248484,0.000625874
0.002495324,-0.003079708,0.001133616,0.001349059,0.001284173,0.006155579,0.003279235,0.001152057,-0.0021602,0.000646252,0.001179711,0.000986389
0.002754962,0.003194296,0.006459498,0.001235002,0.002495324,-0.003079708,0.001133616,0.001349059,0.001284173,0.006155579,0.003279235,0.001152057
0.001509442,0.002044759,-0.000347218,0.001393814,0.002754962,0.003194296,0.006459498,0.001235002,0.002495324,-0.003079708,0.001133616,0.001349059
-0.001975572,0.00226212,-0.006166066,0.000932128,0.001509442,0.002044759,-0.000347218,0.001393814,0.002754962,0.003194296,0.006459498,0.001235002
0.003727278,0.001220937,-0.00241109,0.000768513,-0.001975572,0.00226212,-0.006166066,0.000932128,0.001509442,0.002044759,-0.000347218,0.001393814
-4.06E-06,-0.000868149,0.004275386,0.000686466,0.003727278,0.001220937,-0.00241109,0.000768513,-0.001975572,0.00226212,-0.006166066,0.000932128
-0.001499299,-0.002437557,-0.001759419,0.000358953,-4.06E-06,-0.000868149,0.004275386,0.000686466,0.003727278,0.001220937,-0.00241109,0.000768513
-0.001394231,-0.000824028,-0.001562338,0.000588202,-0.001499299,-0.002437557,-0.001759419,0.000358953,-4.06E-06,-0.000868149,0.004275386,0.000686466
-0.004325212,0.000824028,-0.004104016,0.000273685,-0.001394231,-0.000824028,-0.001562338,0.000588202,-0.001499299,-0.002437557,-0.001759419,0.000358953
0.002217231,-0.00053227,0.011562229,0.000349905,-0.004325212,0.000824028,-0.004104016,0.000273685,-0.001394231,-0.000824028,-0.001562338,0.000588202
-0.001928638,-0.001346257,-0.003693924,0.000698965,0.002217231,-0.00053227,0.011562229,0.000349905,-0.004325212,0.000824028,-0.004104016,0.000273685
-0.001602046,0.002270975,-0.004667439,0.000264831,-0.001928638,-0.001346257,-0.003693924,0.000698965,0.002217231,-0.00053227,0.011562229,0.000349905
0.001523733,0.001944342,0.003585292,0.001289743,-0.001602046,0.002270975,-0.004667439,0.000264831,-0.001928638,-0.001346257,-0.003693924,0.000698965
0.002888227,0.001220229,0.000729764,0.000427733,0.001523733,0.001944342,0.003585292,0.001289743,-0.001602046,0.002270975,-0.004667439,0.000264831
-0.002220956,2.51E-05,-0.004026708,0.001193024,0.002888227,0.001220229,0.000729764,0.000427733,0.001523733,0.001944342,0.003585292,0.001289743
0.002347876,0.00241759,0.006547753,0.00119373,-0.002220956,2.51E-05,-0.004026708,0.001193024,0.002888227,0.001220229,0.000729764,0.000427733
0.001356954,0.001384356,0.003668563,0.000762269,0.002347876,0.00241759,0.006547753,0.00119373,-0.002220956,2.51E-05,-0.004026708,0.001193024
-0.002870127,0.000895607,-0.004915243,1.98E-05,0.001356954,0.001384356,0.003668563,0.000762269,0.002347876,0.00241759,0.006547753,0.00119373
0.003098593,-0.001680781,0.002307491,0.001105242,-0.002870127,0.000895607,-0.004915243,1.98E-05,0.001356954,0.001384356,0.003668563,0.000762269
0.00077426,0.000137196,0.001599161,0.000557495,0.003098593,-0.001680781,0.002307491,0.001105242,-0.002870127,0.000895607,-0.004915243,1.98E-05
-0.00072124,0.000311648,-0.003895973,-0.00084245,0.00077426,0.000137196,0.001599161,0.000557495,0.003098593,-0.001680781,0.002307491,0.001105242
0.001246136,-0.00259975,0.004386027,-0.000542722,-0.00072124,0.000311648,-0.003895973,-0.00084245,0.00077426,0.000137196,0.001599161,0.000557495
6.91E-05,-0.000388799,-0.007547528,-0.000293432,0.001246136,-0.00259975,0.004386027,-0.000542722,-0.00072124,0.000311648,-0.003895973,-0.00084245
-0.002009107,-0.00405921,-0.001406837,-0.000805973,6.91E-05,-0.000388799,-0.007547528,-0.000293432,0.001246136,-0.00259975,0.004386027,-0.000542722
-0.005570352,0.001302575,-0.005490284,-0.000672126,-0.002009107,-0.00405921,-0.001406837,-0.000805973,6.91E-05,-0.000388799,-0.007547528,-0.000293432
-0.001778598,0.00354641,-0.004026539,-0.000525698,-0.005570352,0.001302575,-0.005490284,-0.000672126,-0.002009107,-0.00405921,-0.001406837,-0.000805973
-0.002219969,-0.006091965,-0.004605472,-0.000705914,-0.001778598,0.00354641,-0.004026539,-0.000525698,-0.005570352,0.001302575,-0.005490284,-0.000672126
-0.003774492,-0.000622827,0.003165507,-0.001107043,-0.002219969,-0.006091965,-0.004605472,-0.000705914,-0.001778598,0.00354641,-0.004026539,-0.000525698
-0.004262492,0.001511033,-0.001710396,-0.000712877,-0.003774492,-0.000622827,0.003165507,-0.001107043,-0.002219969,-0.006091965,-0.004605472,-0.000705914
0.002189382,-0.001002536,0.008243823,-0.000902787,-0.004262492,0.001511033,-0.001710396,-0.000712877,-0.003774492,-0.000622827,0.003165507,-0.001107043
0.003591042,-0.000317741,0.002320336,0.00012048,0.002189382,-0.001002536,0.008243823,-0.000902787,-0.004262492,0.001511033,-0.001710396,-0.000712877
0.00398187,0.001218859,-0.001176286,9.23E-05,0.003591042,-0.000317741,0.002320336,0.00012048,0.002189382,-0.001002536,0.008243823,-0.000902787
0.001179596,-0.001905974,0.004439585,-0.000293164,0.00398187,0.001218859,-0.001176286,9.23E-05,0.003591042,-0.000317741,0.002320336,0.00012048
0.000456026,-0.000739225,0.000570916,0.000413585,0.001179596,-0.001905974,0.004439585,-0.000293164,0.00398187,0.001218859,-0.001176286,9.23E-05
0.003857011,0.000751959,0.000676598,0.000112363,0.000456026,-0.000739225,0.000570916,0.000413585,0.001179596,-0.001905974,0.004439585,-0.000293164
-0.000468437,0.000292784,0.000438867,-0.000104336,0.003857011,0.000751959,0.000676598,0.000112363,0.000456026,-0.000739225,0.000570916,0.000413585
-0.000209728,-0.001491437,-0.001265067,-0.000329224,-0.000468437,0.000292784,0.000438867,-0.000104336,0.003857011,0.000751959,0.000676598,0.000112363
-0.001619543,0.003889913,-0.006167592,-2.41E-05,-0.000209728,-0.001491437,-0.001265067,-0.000329224,-0.000468437,0.000292784,0.000438867,-0.000104336
-0.001277636,-0.002487564,0.006177447,-0.000196861,-0.001619543,0.003889913,-0.006167592,-2.41E-05,-0.000209728,-0.001491437,-0.001265067,-0.000329224
0.00371906,0.003637679,0.00164901,-2.81E-05,-0.001277636,-0.002487564,0.006177447,-0.000196861,-0.001619543,0.003889913,-0.006167592,-2.41E-05
0.002725707,0.000630637,0.001612539,0.000325397,0.00371906,0.003637679,0.00164901,-2.81E-05,-0.001277636,-0.002487564,0.006177447,-0.000196861
0.001953919,0.000214208,0.001022326,0.000810423,0.002725707,0.000630637,0.001612539,0.000325397,0.00371906,0.003637679,0.00164901,-2.81E-05
0.002321039,-7.56E-05,-0.002607197,0.000512754,0.001953919,0.000214208,0.001022326,0.000810423,0.002725707,0.000630637,0.001612539,0.000325397
-0.001412209,-7.56E-05,0.004574895,0.000128094,0.002321039,-7.56E-05,-0.002607197,0.000512754,0.001953919,0.000214208,0.001022326,0.000810423
0.003700817,0.000390479,0.003059038,0.000563964,-0.001412209,-7.56E-05,0.004574895,0.000128094,0.002321039,-7.56E-05,-0.002607197,0.000512754
-0.000237165,0.000817608,-0.002997222,0.000227778,0.003700817,0.000390479,0.003059038,0.000563964,-0.001412209,-7.56E-05,0.004574895,0.000128094
0.000759274,0.002156121,0.003798018,0.000375373,-0.000237165,0.000817608,-0.002997222,0.000227778,0.003700817,0.000390479,0.003059038,0.000563964
0.002581223,0.002941086,0.002356134,0.000765713,0.000759274,0.002156121,0.003798018,0.000375373,-0.000237165,0.000817608,-0.002997222,0.000227778
0.004248481,0.000546142,0.002313112,0.000457984,0.002581223,0.002941086,0.002356134,0.000765713,0.000759274,0.002156121,0.003798018,0.000375373
0.00209696,0.024759489,0.008026584,0.000680111,0.004248481,0.000546142,0.002313112,0.000457984,0.002581223,0.002941086,0.002356134,0.000765713
0.000797494,-0.029762405,0.001239404,0.000833769,0.00209696,0.024759489,0.008026584,0.000680111,0.004248481,0.000546142,0.002313112,0.000457984
0.002563256,0.000526706,0.000264401,0.001449326,0.000797494,-0.029762405,0.001239404,0.000833769,0.00209696,0.024759489,0.008026584,0.000680111
0.000351024,0.001239001,-0.000921863,-0.000205621,0.002563256,0.000526706,0.000264401,0.001449326,0.000797494,-0.029762405,0.001239404,0.000833769
-6.24E-05,0.006043945,0.000333521,0.001153379,0.000351024,0.001239001,-0.000921863,-0.000205621,0.002563256,0.000526706,0.000264401,0.001449326
-0.00099154,0.001132386,0.001668001,0.000744907,-6.24E-05,0.006043945,0.000333521,0.001153379,0.000351024,0.001239001,-0.000921863,-0.000205621
0.001315058,-0.00224302,0.005091209,0.000342465,-0.00099154,0.001132386,0.001668001,0.000744907,-6.24E-05,0.006043945,0.000333521,0.001153379
0.001905025,-0.001088706,-0.003398442,0.001006149,0.001315058,-0.00224302,0.005091209,0.000342465,-0.00099154,0.001132386,0.001668001,0.000744907
0.000933904,0.004571498,0.00693622,0.000337481,0.001905025,-0.001088706,-0.003398442,0.001006149,0.001315058,-0.00224302,0.005091209,0.000342465
0.001348868,-0.000429224,0.002351398,0.000819065,0.000933904,0.004571498,0.00693622,0.000337481,0.001905025,-0.001088706,-0.003398442,0.001006149
0.000428133,0.002019779,0.002210866,0.000739358,0.001348868,-0.000429224,0.002351398,0.000819065,0.000933904,0.004571498,0.00693622,0.000337481
0.004013883,0.001913168,0.004229157,0.000991656,0.000428133,0.002019779,0.002210866,0.000739358,0.001348868,-0.000429224,0.002351398,0.000819065
0.003848421,0.002122626,0.004909816,0.000950487,0.004013883,0.001913168,0.004229157,0.000991656,0.000428133,0.002019779,0.002210866,0.000739358
0.00012492,-0.002718825,-0.001310415,0.000392831,0.003848421,0.002122626,0.004909816,0.000950487,0.004013883,0.001913168,0.004229157,0.000991656
0.003325516,0.006285649,0.004545355,0.000807882,0.00012492,-0.002718825,-0.001310415,0.000392831,0.003848421,0.002122626,0.004909816,0.000950487
0.003710087,0.001210386,0.005894927,0.001468201,0.003325516,0.006285649,0.004545355,0.000807882,0.00012492,-0.002718825,-0.001310415,0.000392831
0.000357364,0.001541048,-0.002386629,0.001548041,0.003710087,0.001210386,0.005894927,0.001468201,0.003325516,0.006285649,0.004545355,0.000807882
0.002363841,0.001285988,0.000427372,0.000970018,0.000357364,0.001541048,-0.002386629,0.001548041,0.003710087,0.001210386,0.005894927,0.001468201
0.002479855,-0.000404438,0.003113179,0.001470137,0.002363841,0.001285988,0.000427372,0.000970018,0.000357364,0.001541048,-0.002386629,0.001548041
0.000764713,0.000582746,-0.003148712,0.001109857,0.002479855,-0.000404438,0.003113179,0.001470137,0.002363841,0.001285988,0.000427372,0.000970018
0.003282488,0.001281666,0.012139294,0.001107028,0.000764713,0.000582746,-0.003148712,0.001109857,0.002479855,-0.000404438,0.003113179,0.001470137
-0.000466889,0.002198485,-0.000689333,0.001035758,0.003282488,0.001281666,0.012139294,0.001107028,0.000764713,0.000582746,-0.003148712,0.001109857
0.001820944,0.006099528,0.001737754,0.000615713,-0.000466889,0.002198485,-0.000689333,0.001035758,0.003282488,0.001281666,0.012139294,0.001107028
0.002897722,-0.000977643,0.004355161,0.002023415,0.001820944,0.006099528,0.001737754,0.000615713,-0.000466889,0.002198485,-0.000689333,0.001035758
0.005024951,0.002799025,0.004164721,0.000872385,0.002897722,-0.000977643,0.004355161,0.002023415,0.001820944,0.006099528,0.001737754,0.000615713
0.001780628,0.001086864,-0.001520722,0.00063713,0.005024951,0.002799025,0.004164721,0.000872385,0.002897722,-0.000977643,0.004355161,0.002023415