CLI,CLI_t-1,CLI_t-2,y0,y1,y2,y4,y0_t-1,y1_t-1,y2_t-1,y4_t-1,y0_t-2,y1_t-2,y2_t-2,y4_t-2
0.03,-0.01,-0.03,0.35781246,0.013407707,1.441,-0.0366,0.379469006,0.056312277,1.4274,0.0755,0.401125552,0.116966524,1.3703,-0.0973
0.07,0.03,-0.01,0.336155914,-0.003548924,1.4374,-0.0364,0.35781246,0.013407707,1.441,-0.0366,0.379469006,0.056312277,1.4274,0.0755
0.05,0.07,0.03,0.233148561,-0.011140496,1.4261,0.0147,0.336155914,-0.003548924,1.4374,-0.0364,0.35781246,0.013407707,1.441,-0.0366
0.04,0.05,0.07,0.130141208,0.005521109,1.4317,-0.0338,0.233148561,-0.011140496,1.4261,0.0147,0.336155914,-0.003548924,1.4374,-0.0364
0.04,0.04,0.05,0.027133855,-0.033427091,1.3978,-0.0003,0.130141208,0.005521109,1.4317,-0.0338,0.233148561,-0.011140496,1.4261,0.0147
0.04,0.04,0.04,0.313075329,-0.054651225,1.3424,0.0095,0.027133855,-0.033427091,1.3978,-0.0003,0.130141208,0.005521109,1.4317,-0.0338
0.07,0.04,0.04,0.599016803,-0.042241984,1.2996,0.0294,0.313075329,-0.054651225,1.3424,0.0095,0.027133855,-0.033427091,1.3978,-0.0003
0.14,0.07,0.04,0.884958277,-0.01036583,1.2891,0.0341,0.599016803,-0.042241984,1.2996,0.0294,0.313075329,-0.054651225,1.3424,0.0095
0.25,0.14,0.07,0.604743628,-0.067453495,1.2208,0.0295,0.884958277,-0.01036583,1.2891,0.0341,0.599016803,-0.042241984,1.2996,0.0294
0.35,0.25,0.14,0.324528979,-0.069377395,1.1506,-0.0016,0.604743628,-0.067453495,1.2208,0.0295,0.884958277,-0.01036583,1.2891,0.0341
0.47,0.35,0.25,0.04431433,-0.013347327,1.1371,-0.0141,0.324528979,-0.069377395,1.1506,-0.0016,0.604743628,-0.067453495,1.2208,0.0295
0.4,0.47,0.35,0.189392439,0.032425967,1.1699,0.0857,0.04431433,-0.013347327,1.1371,-0.0141,0.324528979,-0.069377395,1.1506,-0.0016
0.42,0.4,0.47,0.334470548,0.052472198,1.223,0.0136,0.189392439,0.032425967,1.1699,0.0857,0.04431433,-0.013347327,1.1371,-0.0141
0.41,0.42,0.4,0.479548658,0.057677761,1.2814,-0.0132,0.334470548,0.052472198,1.223,0.0136,0.189392439,0.032425967,1.1699,0.0857
0.34,0.41,0.42,0.670642287,0.032281073,1.3141,0.0513,0.479548658,0.057677761,1.2814,-0.0132,0.334470548,0.052472198,1.223,0.0136
0.2,0.34,0.41,0.861735916,0.050523143,1.3653,0.0094,0.670642287,0.032281073,1.3141,0.0513,0.479548658,0.057677761,1.2814,-0.0132
0.03,0.2,0.34,1.052829546,0.064892673,1.4311,-0.0205,0.861735916,0.050523143,1.3653,0.0094,0.670642287,0.032281073,1.3141,0.0513
-0.13,0.03,0.2,0.750056696,0.033219006,1.4648,0.0561,1.052829546,0.064892673,1.4311,-0.0205,0.861735916,0.050523143,1.3653,0.0094
-0.25,-0.13,0.03,0.447283847,-0.033711952,1.4306,-0.0372,0.750056696,0.033219006,1.4648,0.0561,1.052829546,0.064892673,1.4311,-0.0205
-0.32,-0.25,-0.13,0.144510998,-0.117193062,1.3118,0.0477,0.447283847,-0.033711952,1.4306,-0.0372,0.750056696,0.033219006,1.4648,0.0561
-0.34,-0.32,-0.25,0.341588404,-0.1127849,1.1976,0.0262,0.144510998,-0.117193062,1.3118,0.0477,0.447283847,-0.033711952,1.4306,-0.0372
-0.32,-0.34,-0.32,0.53866581,0.041790677,1.2399,-0.0316,0.341588404,-0.1127849,1.1976,0.0262,0.144510998,-0.117193062,1.3118,0.0477
-0.24,-0.32,-0.34,0.735743216,0.125267345,1.3668,0.0024,0.53866581,0.041790677,1.2399,-0.0316,0.341588404,-0.1127849,1.1976,0.0262
-0.16,-0.24,-0.32,0.477398386,0.114370462,1.4828,0.0061,0.735743216,0.125267345,1.3668,0.0024,0.53866581,0.041790677,1.2399,-0.0316
-0.07,-0.16,-0.24,0.219053557,0.079390803,1.5634,-0.013,0.477398386,0.114370462,1.4828,0.0061,0.735743216,0.125267345,1.3668,0.0024
0.01,-0.07,-0.16,-0.039291273,0.03071501,1.5946,-0.0301,0.219053557,0.079390803,1.5634,-0.013,0.477398386,0.114370462,1.4828,0.0061
0.04,0.01,-0.07,0.165769262,0.035527073,1.6307,0.0412,-0.039291273,0.03071501,1.5946,-0.0301,0.219053557,0.079390803,1.5634,-0.013
0,0.04,0.01,0.370829797,0.03010448,1.6613,-0.0374,0.165769262,0.035527073,1.6307,0.0412,-0.039291273,0.03071501,1.5946,-0.0301
-0.06,0,0.04,0.575890331,0.045139735,1.7072,0.0094,0.370829797,0.03010448,1.6613,-0.0374,0.165769262,0.035527073,1.6307,0.0412
-0.1,-0.06,0,0.46019762,0.084226008,1.7929,0.0159,0.575890331,0.045139735,1.7072,0.0094,0.370829797,0.03010448,1.6613,-0.0374
-0.16,-0.1,-0.06,0.344504909,0.045866942,1.8396,-0.0037,0.46019762,0.084226008,1.7929,0.0159,0.575890331,0.045139735,1.7072,0.0094
-0.17,-0.16,-0.1,0.228812198,-0.013551639,1.8258,-0.0121,0.344504909,0.045866942,1.8396,-0.0037,0.46019762,0.084226008,1.7929,0.0159
-0.13,-0.17,-0.16,0.198292041,-0.038013309,1.7871,-0.017,0.228812198,-0.013551639,1.8258,-0.0121,0.344504909,0.045866942,1.8396,-0.0037
-0.09,-0.13,-0.17,0.167771885,-0.042647109,1.7437,0.0151,0.198292041,-0.038013309,1.7871,-0.017,0.228812198,-0.013551639,1.8258,-0.0121
-0.02,-0.09,-0.13,0.137251728,-0.025361051,1.7179,-0.0712,0.167771885,-0.042647109,1.7437,0.0151,0.198292041,-0.038013309,1.7871,-0.017
0.01,-0.02,-0.09,0.172915183,-0.110661209,1.6054,-0.0135,0.137251728,-0.025361051,1.7179,-0.0712,0.167771885,-0.042647109,1.7437,0.0151
0.02,0.01,-0.02,0.208578638,-0.171298954,1.4315,-0.0196,0.172915183,-0.110661209,1.6054,-0.0135,0.137251728,-0.025361051,1.7179,-0.0712
0.03,0.02,0.01,0.244242093,-0.157471491,1.2719,-0.0403,0.208578638,-0.171298954,1.4315,-0.0196,0.172915183,-0.110661209,1.6054,-0.0135
0.02,0.03,0.02,0.180360838,-0.083374746,1.1875,-0.0022,0.244242093,-0.157471491,1.2719,-0.0403,0.208578638,-0.171298954,1.4315,-0.0196
-0.05,0.02,0.03,0.116479583,0.003755334,1.1913,-0.0143,0.180360838,-0.083374746,1.1875,-0.0022,0.244242093,-0.157471491,1.2719,-0.0403
-0.1,-0.05,0.02,0.052598328,0.075077081,1.2673,0.0293,0.116479583,0.003755334,1.1913,-0.0143,0.180360838,-0.083374746,1.1875,-0.0022
-0.15,-0.1,-0.05,0.020370835,0.096924099,1.3655,-0.0241,0.052598328,0.075077081,1.2673,0.0293,0.116479583,0.003755334,1.1913,-0.0143
-0.2,-0.15,-0.1,-0.011856659,0.108459346,1.4755,-0.0437,0.020370835,0.096924099,1.3655,-0.0241,0.052598328,0.075077081,1.2673,0.0293
-0.22,-0.2,-0.15,-0.044084152,-0.003547717,1.4719,0.0115,-0.011856659,0.108459346,1.4755,-0.0437,0.020370835,0.096924099,1.3655,-0.0241
-0.16,-0.22,-0.2,0.022877697,-0.049286869,1.4219,-0.0368,-0.044084152,-0.003547717,1.4719,0.0115,-0.011856659,0.108459346,1.4755,-0.0437
-0.13,-0.16,-0.22,0.089839545,-0.025244283,1.3963,0.015,0.022877697,-0.049286869,1.4219,-0.0368,-0.044084152,-0.003547717,1.4719,0.0115
-0.11,-0.13,-0.16,0.156801393,-0.018148265,1.3779,-0.0181,0.089839545,-0.025244283,1.3963,0.015,0.022877697,-0.049286869,1.4219,-0.0368
-0.09,-0.11,-0.13,0.245960107,-0.066308616,1.3107,-0.0198,0.156801393,-0.018148265,1.3779,-0.0181,0.089839545,-0.025244283,1.3963,0.015
-0.03,-0.09,-0.11,0.33511882,-0.062105517,1.2478,-0.0394,0.245960107,-0.066308616,1.3107,-0.0198,0.156801393,-0.018148265,1.3779,-0.0181
0.03,-0.03,-0.09,0.424277533,-0.033389015,1.214,0.046,0.33511882,-0.062105517,1.2478,-0.0394,0.245960107,-0.066308616,1.3107,-0.0198
0.05,0.03,-0.03,0.083811797,-0.084707948,1.1283,-0.0189,0.424277533,-0.033389015,1.214,0.046,0.33511882,-0.062105517,1.2478,-0.0394
0.01,0.05,0.03,-0.256653939,-0.123285789,1.0037,0.0055,0.083811797,-0.084707948,1.1283,-0.0189,0.424277533,-0.033389015,1.214,0.046
-0.06,0.01,0.05,-0.597119675,-0.21834903,0.7834,-0.0407,-0.256653939,-0.123285789,1.0037,0.0055,0.083811797,-0.084707948,1.1283,-0.0189
-0.13,-0.06,0.01,-0.419066141,-0.393496588,0.3876,-0.0175,-0.597119675,-0.21834903,0.7834,-0.0407,-0.256653939,-0.123285789,1.0037,0.0055
-0.17,-0.13,-0.06,-0.241012607,-0.432371126,-0.04551,-0.0338,-0.419066141,-0.393496588,0.3876,-0.0175,-0.597119675,-0.21834903,0.7834,-0.0407
-0.18,-0.17,-0.13,-0.062959073,-0.283269563,-0.32825,-0.0281,-0.241012607,-0.432371126,-0.04551,-0.0338,-0.419066141,-0.393496588,0.3876,-0.0175
-0.18,-0.18,-0.17,-0.118247624,-0.068096632,-0.3961,-0.03,-0.062959073,-0.283269563,-0.32825,-0.0281,-0.241012607,-0.432371126,-0.04551,-0.0338
-0.13,-0.18,-0.18,-0.173536176,0.042358846,-0.3539,-0.0383,-0.118247624,-0.068096632,-0.3961,-0.03,-0.062959073,-0.283269563,-0.32825,-0.0281
-0.03,-0.13,-0.18,-0.228824727,0.091772809,-0.26241,-0.0052,-0.173536176,0.042358846,-0.3539,-0.0383,-0.118247624,-0.068096632,-0.3961,-0.03
0.11,-0.03,-0.13,-0.144257642,0.256804722,-0.00595,-0.0995,-0.228824727,0.091772809,-0.26241,-0.0052,-0.173536176,0.042358846,-0.3539,-0.0383
0.23,0.11,-0.03,-0.059690558,0.377558856,0.3723,0.0408,-0.144257642,0.256804722,-0.00595,-0.0995,-0.228824727,0.091772809,-0.26241,-0.0052
0.26,0.23,0.11,0.024876527,0.140278938,0.5132,0.0625,-0.059690558,0.377558856,0.3723,0.0408,-0.144257642,0.256804722,-0.00595,-0.0995
0.28,0.26,0.23,-0.021528574,-0.009153446,0.504,-0.0656,0.024876527,0.140278938,0.5132,0.0625,-0.059690558,0.377558856,0.3723,0.0408
0.27,0.28,0.26,-0.067933674,-0.045381624,0.4584,0.0387,-0.021528574,-0.009153446,0.504,-0.0656,0.024876527,0.140278938,0.5132,0.0625
0.26,0.27,0.28,-0.114338774,-0.062632592,0.3955,0.0192,-0.067933674,-0.045381624,0.4584,0.0387,-0.021528574,-0.009153446,0.504,-0.0656
0.24,0.26,0.27,-0.053481632,-0.044932425,0.3504,0.019,-0.114338774,-0.062632592,0.3955,0.0192,-0.067933674,-0.045381624,0.4584,0.0387
0.16,0.24,0.26,0.00737551,-0.056218864,0.294,0.0629,-0.053481632,-0.044932425,0.3504,0.019,-0.114338774,-0.062632592,0.3955,0.0192
0.06,0.16,0.24,0.068232652,-0.184927701,0.1087,-0.0044,0.00737551,-0.056218864,0.294,0.0629,-0.053481632,-0.044932425,0.3504,0.019
-0.03,0.06,0.16,0.050566327,-0.262459204,-0.1537,0.0267,0.068232652,-0.184927701,0.1087,-0.0044,0.00737551,-0.056218864,0.294,0.0629
-0.05,-0.03,0.06,0.032900003,-0.1904838,-0.34371,-0.0316,0.050566327,-0.262459204,-0.1537,0.0267,0.068232652,-0.184927701,0.1087,-0.0044
-0.03,-0.05,-0.03,0.015233679,-0.057393678,-0.40089,-0.0355,0.032900003,-0.1904838,-0.34371,-0.0316,0.050566327,-0.262459204,-0.1537,0.0267
0.02,-0.03,-0.05,-0.036708423,0.095266704,-0.30596,0.004,0.015233679,-0.057393678,-0.40089,-0.0355,0.032900003,-0.1904838,-0.34371,-0.0316
0.04,0.02,-0.03,-0.088650526,0.164348127,-0.14198,0.0276,-0.036708423,0.095266704,-0.30596,0.004,0.015233679,-0.057393678,-0.40089,-0.0355
0,0.04,0.02,-0.140592629,0.09641046,-0.04566,0.0258,-0.088650526,0.164348127,-0.14198,0.0276,-0.036708423,0.095266704,-0.30596,0.004
-0.13,0,0.04,-0.026201316,0.004772065,-0.04089,0.0809,-0.140592629,0.09641046,-0.04566,0.0258,-0.088650526,0.164348127,-0.14198,0.0276
-0.27,-0.13,0,0.088189996,-0.099780544,-0.14058,-0.0381,-0.026201316,0.004772065,-0.04089,0.0809,-0.140592629,0.09641046,-0.04566,0.0258
-0.36,-0.27,-0.13,0.202581309,-0.195896875,-0.33601,-0.0508,0.088189996,-0.099780544,-0.14058,-0.0381,-0.026201316,0.004772065,-0.04089,0.0809
-0.31,-0.36,-0.27,0.236164676,-0.221237106,-0.55626,-0.071,0.202581309,-0.195896875,-0.33601,-0.0508,0.088189996,-0.099780544,-0.14058,-0.0381
-0.19,-0.31,-0.36,0.269748044,-0.190358951,-0.74538,0.0029,0.236164676,-0.221237106,-0.55626,-0.071,0.202581309,-0.195896875,-0.33601,-0.0508
-0.04,-0.19,-0.31,0.303331412,-0.063644491,-0.80853,0.0593,0.269748044,-0.190358951,-0.74538,0.0029,0.236164676,-0.221237106,-0.55626,-0.071
0.1,-0.04,-0.19,0.254419103,0.129564274,-0.67993,-0.0499,0.303331412,-0.063644491,-0.80853,0.0593,0.269748044,-0.190358951,-0.74538,0.0029
0.18,0.1,-0.04,0.205506793,0.151908215,-0.52894,0.0417,0.254419103,0.129564274,-0.67993,-0.0499,0.303331412,-0.063644491,-0.80853,0.0593
0.21,0.18,0.1,0.156594484,0.070206832,-0.45908,0.0274,0.205506793,0.151908215,-0.52894,0.0417,0.254419103,0.129564274,-0.67993,-0.0499
0.22,0.21,0.18,0.130344585,-0.001255773,-0.46033,0.0408,0.156594484,0.070206832,-0.45908,0.0274,0.205506793,0.151908215,-0.52894,0.0417
0.22,0.22,0.21,0.104094687,-0.008238261,-0.46853,0.0312,0.130344585,-0.001255773,-0.46033,0.0408,0.156594484,0.070206832,-0.45908,0.0274
0.2,0.22,0.22,0.077844788,-0.025733866,-0.49414,0.0458,0.104094687,-0.008238261,-0.46853,0.0312,0.130344585,-0.001255773,-0.46033,0.0408
0.19,0.2,0.22,0.176444116,-0.112800675,-0.60632,0.0175,0.077844788,-0.025733866,-0.49414,0.0458,0.104094687,-0.008238261,-0.46853,0.0312
0.16,0.19,0.2,0.275043444,-0.157236156,-0.76248,-0.0183,0.176444116,-0.112800675,-0.60632,0.0175,0.077844788,-0.025733866,-0.49414,0.0458
0.16,0.16,0.19,0.373642773,-0.127008421,-0.88844,-0.0442,0.275043444,-0.157236156,-0.76248,-0.0183,0.176444116,-0.112800675,-0.60632,0.0175
0.15,0.16,0.16,0.306545862,-0.047876713,-0.93588,0.0721,0.373642773,-0.127008421,-0.88844,-0.0442,0.275043444,-0.157236156,-0.76248,-0.0183
0.11,0.15,0.16,0.239448952,0.022356756,-0.91373,0.0263,0.306545862,-0.047876713,-0.93588,0.0721,0.373642773,-0.127008421,-0.88844,-0.0442
0.05,0.11,0.15,0.172352041,0.094468963,-0.82008,-0.0603,0.239448952,0.022356756,-0.91373,0.0263,0.306545862,-0.047876713,-0.93588,0.0721
0,0.05,0.11,0.242463038,0.176482755,-0.64489,0.0434,0.172352041,0.094468963,-0.82008,-0.0603,0.239448952,0.022356756,-0.91373,0.0263
-0.05,0,0.05,0.312574035,0.308606567,-0.3378,-0.0116,0.242463038,0.176482755,-0.64489,0.0434,0.172352041,0.094468963,-0.82008,-0.0603
-0.09,-0.05,0,0.382685031,0.320620257,-0.01775,0.027,0.312574035,0.308606567,-0.3378,-0.0116,0.242463038,0.176482755,-0.64489,0.0434
-0.15,-0.09,-0.05,0.341754707,0.218549841,0.201,0.0277,0.382685031,0.320620257,-0.01775,0.027,0.312574035,0.308606567,-0.3378,-0.0116
-0.18,-0.15,-0.09,0.300824383,0.146996228,0.3484,-0.0218,0.341754707,0.218549841,0.201,0.0277,0.382685031,0.320620257,-0.01775,0.027
-0.17,-0.18,-0.15,0.259894059,0.153944688,0.503,-0.0208,0.300824383,0.146996228,0.3484,-0.0218,0.341754707,0.218549841,0.201,0.0277
-0.12,-0.17,-0.18,0.309202102,0.155893666,0.6598,0.0575,0.259894059,0.153944688,0.503,-0.0208,0.300824383,0.146996228,0.3484,-0.0218
-0.07,-0.12,-0.17,0.358510144,0.128072389,0.7888,0.0214,0.309202102,0.155893666,0.6598,0.0575,0.259894059,0.153944688,0.503,-0.0208
-0.05,-0.07,-0.12,0.407818186,0.091436602,0.881,-0.0377,0.358510144,0.128072389,0.7888,0.0214,0.309202102,0.155893666,0.6598,0.0575
-0.03,-0.05,-0.07,0.289535309,0.098978567,0.9809,0.0953,0.407818186,0.091436602,0.881,-0.0377,0.358510144,0.128072389,0.7888,0.0214
-0.07,-0.03,-0.05,0.171252433,0.071572079,1.0532,-0.0304,0.289535309,0.098978567,0.9809,0.0953,0.407818186,0.091436602,0.881,-0.0377
-0.09,-0.07,-0.03,0.052969556,0.02434065,1.0778,0.0067,0.171252433,0.071572079,1.0532,-0.0304,0.289535309,0.098978567,0.9809,0.0953
-0.11,-0.09,-0.07,0.115505178,-0.018700216,1.0589,0.0201,0.052969556,0.02434065,1.0778,0.0067,0.171252433,0.071572079,1.0532,-0.0304
-0.11,-0.11,-0.09,0.178040799,-0.028205353,1.0304,0.0217,0.115505178,-0.018700216,1.0589,0.0201,0.052969556,0.02434065,1.0778,0.0067
-0.07,-0.11,-0.11,0.240576421,-0.047323688,0.9826,-0.0233,0.178040799,-0.028205353,1.0304,0.0217,0.115505178,-0.018700216,1.0589,0.0201
-0.03,-0.07,-0.11,0.136815095,-0.124256976,0.8572,0.0412,0.240576421,-0.047323688,0.9826,-0.0233,0.178040799,-0.028205353,1.0304,0.0217
0,-0.03,-0.07,0.033053769,-0.136622954,0.7195,-0.0249,0.136815095,-0.124256976,0.8572,0.0412,0.240576421,-0.047323688,0.9826,-0.0233
0.03,0,-0.03,-0.070707557,-0.04230463,0.6769,-0.0374,0.033053769,-0.136622954,0.7195,-0.0249,0.136815095,-0.124256976,0.8572,0.0412
0.07,0.03,0,0.13462312,0.023140665,0.7002,0.0442,-0.070707557,-0.04230463,0.6769,-0.0374,0.033053769,-0.136622954,0.7195,-0.0249
0.07,0.07,0.03,0.339953796,0.096576792,0.7975,-0.0588,0.13462312,0.023140665,0.7002,0.0442,-0.070707557,-0.04230463,0.6769,-0.0374
0.06,0.07,0.07,0.545284473,0.068827223,0.8669,-0.038,0.339953796,0.096576792,0.7975,-0.0588,0.13462312,0.023140665,0.7002,0.0442
0.04,0.06,0.07,0.348725085,-0.021515814,0.8452,0.0254,0.545284473,0.068827223,0.8669,-0.038,0.339953796,0.096576792,0.7975,-0.0588
0.01,0.04,0.06,0.152165697,-0.131972351,0.7122,-0.0238,0.348725085,-0.021515814,0.8452,0.0254,0.545284473,0.068827223,0.8669,-0.038
-0.01,0.01,0.04,-0.044393692,-0.11534548,0.5961,-0.0196,0.152165697,-0.131972351,0.7122,-0.0238,0.348725085,-0.021515814,0.8452,0.0254
-0.03,-0.01,0.01,0.083932726,-0.077866327,0.5178,-0.0232,-0.044393692,-0.11534548,0.5961,-0.0196,0.152165697,-0.131972351,0.7122,-0.0238
-0.01,-0.03,-0.01,0.212259144,-0.024078236,0.4936,-0.0484,0.083932726,-0.077866327,0.5178,-0.0232,-0.044393692,-0.11534548,0.5961,-0.0196
0,-0.01,-0.03,0.340585562,0.00218917,0.4958,0.0464,0.212259144,-0.024078236,0.4936,-0.0484,0.083932726,-0.077866327,0.5178,-0.0232
0.02,0,-0.01,0.227594465,0.037805378,0.5338,-0.0085,0.340585562,0.00218917,0.4958,0.0464,0.212259144,-0.024078236,0.4936,-0.0484
0.02,0.02,0,0.114603369,0.08163075,0.6159,-0.008,0.227594465,0.037805378,0.5338,-0.0085,0.340585562,0.00218917,0.4958,0.0464
0.02,0.02,0.02,0.001612272,0.027824732,0.6439,-0.0209,0.114603369,0.08163075,0.6159,-0.008,0.227594465,0.037805378,0.5338,-0.0085
-0.02,0.02,0.02,0.109993563,-0.00685609,0.637,-0.0255,0.001612272,0.027824732,0.6439,-0.0209,0.114603369,0.08163075,0.6159,-0.008
-0.01,-0.02,0.02,0.218374855,0.02344787,0.6606,0.0341,0.109993563,-0.00685609,0.637,-0.0255,0.001612272,0.027824732,0.6439,-0.0209
-0.01,-0.01,-0.02,0.326756147,0.03814072,0.699,0.0184,0.218374855,0.02344787,0.6606,0.0341,0.109993563,-0.00685609,0.637,-0.0255
0.03,-0.01,-0.01,0.374936108,0.041997555,0.7413,0.0288,0.326756147,0.03814072,0.699,0.0184,0.218374855,0.02344787,0.6606,0.0341
0.04,0.03,-0.01,0.423116069,0.020049349,0.7615,0.0161,0.374936108,0.041997555,0.7413,0.0288,0.326756147,0.03814072,0.699,0.0184
0.05,0.04,0.03,0.47129603,0.005259807,0.7668,0.0174,0.423116069,0.020049349,0.7615,0.0161,0.374936108,0.041997555,0.7413,0.0288
0.05,0.05,0.04,0.509059923,-0.014589202,0.7521,0.0302,0.47129603,0.005259807,0.7668,0.0174,0.423116069,0.020049349,0.7615,0.0161
0.05,0.05,0.05,0.546823815,-0.029085509,0.7228,-0.0751,0.509059923,-0.014589202,0.7521,0.0302,0.47129603,0.005259807,0.7668,0.0174
0.08,0.05,0.05,0.584587708,0.02581009,0.7488,0.006,0.546823815,-0.029085509,0.7228,-0.0751,0.509059923,-0.014589202,0.7521,0.0302
0.1,0.08,0.05,0.507029257,0.083340945,0.8328,-0.0015,0.584587708,0.02581009,0.7488,0.006,0.546823815,-0.029085509,0.7228,-0.0751
0.11,0.1,0.08,0.429470806,0.112499275,0.9463,0.0389,0.507029257,0.083340945,0.8328,-0.0015,0.584587708,0.02581009,0.7488,0.006
0.12,0.11,0.1,0.351912356,0.144427944,1.0922,-0.0143,0.429470806,0.112499275,0.9463,0.0389,0.507029257,0.083340945,0.8328,-0.0015
0.1,0.12,0.11,0.307551104,0.164861921,1.259,-0.0287,0.351912356,0.144427944,1.0922,-0.0143,0.429470806,0.112499275,0.9463,0.0389
0.08,0.1,0.12,0.263189853,0.150983643,1.412,-0.0129,0.307551104,0.164861921,1.259,-0.0287,0.351912356,0.144427944,1.0922,-0.0143
0.07,0.08,0.1,0.218828602,0.102597924,1.5161,0.0514,0.263189853,0.150983643,1.412,-0.0129,0.307551104,0.164861921,1.259,-0.0287
0.08,0.07,0.08,0.357102996,0.025411459,1.5419,-0.021,0.218828602,0.102597924,1.5161,0.0514,0.263189853,0.150983643,1.412,-0.0129
0.06,0.08,0.07,0.495377391,-0.012803416,1.5289,0.0128,0.357102996,0.025411459,1.5419,-0.021,0.218828602,0.102597924,1.5161,0.0514
0.02,0.06,0.08,0.633651786,-0.053890804,1.4742,0.0478,0.495377391,-0.012803416,1.5289,0.0128,0.357102996,0.025411459,1.5419,-0.021
-0.01,0.02,0.06,0.471209662,-0.048694179,1.4248,-0.0366,0.633651786,-0.053890804,1.4742,0.0478,0.495377391,-0.012803416,1.5289,0.0128
-0.02,-0.01,0.02,0.308767538,-0.037571834,1.3867,0.0081,0.471209662,-0.048694179,1.4248,-0.0366,0.633651786,-0.053890804,1.4742,0.0478
-0.03,-0.02,-0.01,0.146325414,0.053838722,1.4413,-0.0476,0.308767538,-0.037571834,1.3867,0.0081,0.471209662,-0.048694179,1.4248,-0.0366
-0.04,-0.03,-0.02,0.179651108,0.082772244,1.5253,0.0154,0.146325414,0.053838722,1.4413,-0.0476,0.308767538,-0.037571834,1.3867,0.0081
-0.08,-0.04,-0.03,0.212976802,0.035846706,1.5617,-0.0275,0.179651108,0.082772244,1.5253,0.0154,0.146325414,0.053838722,1.4413,-0.0476
-0.15,-0.08,-0.04,0.246302495,0.008368946,1.5702,-0.0278,0.212976802,0.035846706,1.5617,-0.0275,0.179651108,0.082772244,1.5253,0.0154
-0.24,-0.15,-0.08,0.175447575,-0.035252772,1.5344,-0.0552,0.246302495,0.008368946,1.5702,-0.0278,0.212976802,0.035846706,1.5617,-0.0275
-0.32,-0.24,-0.15,0.104592654,-0.061968644,1.4715,-0.0333,0.175447575,-0.035252772,1.5344,-0.0552,0.246302495,0.008368946,1.5702,-0.0278
-0.37,-0.32,-0.24,0.033737733,-0.053033874,1.4177,0.0013,0.104592654,-0.061968644,1.4715,-0.0333,0.175447575,-0.035252772,1.5344,-0.0552
-0.32,-0.37,-0.32,0.111972913,-0.06766394,1.3491,-0.0709,0.033737733,-0.053033874,1.4177,0.0013,0.104592654,-0.061968644,1.4715,-0.0333
-0.21,-0.32,-0.37,0.190208092,-0.054282602,1.2941,-0.0006,0.111972913,-0.06766394,1.3491,-0.0709,0.033737733,-0.053033874,1.4177,0.0013
-0.06,-0.21,-0.32,0.268443271,0.007897483,1.3021,-0.0751,0.190208092,-0.054282602,1.2941,-0.0006,0.111972913,-0.06766394,1.3491,-0.0709
0.13,-0.06,-0.21,0.26768109,0.105371697,1.4089,-0.0132,0.268443271,0.007897483,1.3021,-0.0751,0.190208092,-0.054282602,1.2941,-0.0006
0.28,0.13,-0.06,0.266918909,0.110383011,1.5209,0.0912,0.26768109,0.105371697,1.4089,-0.0132,0.268443271,0.007897483,1.3021,-0.0751
0.41,0.28,0.13,0.266156728,0.148922407,1.6722,-0.0245,0.266918909,0.110383011,1.5209,0.0912,0.26768109,0.105371697,1.4089,-0.0132
0.48,0.41,0.28,0.191541909,0.095850469,1.7697,0.0056,0.266156728,0.148922407,1.6722,-0.0245,0.266918909,0.110383011,1.5209,0.0912
0.5,0.48,0.41,0.11692709,-0.011300662,1.7582,0.0195,0.191541909,0.095850469,1.7697,0.0056,0.266156728,0.148922407,1.6722,-0.0245
0.42,0.5,0.48,0.042312272,-0.030174111,1.7275,0.0521,0.11692709,-0.011300662,1.7582,0.0195,0.191541909,0.095850469,1.7697,0.0056
0.32,0.42,0.5,0.247494842,0.016808201,1.7446,0.1214,0.042312272,-0.030174111,1.7275,0.0521,0.11692709,-0.011300662,1.7582,0.0195
0.22,0.32,0.42,0.452677411,0.04461158,1.79,-0.0603,0.247494842,0.016808201,1.7446,0.1214,0.042312272,-0.030174111,1.7275,0.0521
0.09,0.22,0.32,0.657859981,0.036931975,1.8276,-0.0422,0.452677411,0.04461158,1.79,-0.0603,0.247494842,0.016808201,1.7446,0.1214
-0.05,0.09,0.22,0.582857593,0.041139516,1.8695,0.0892,0.657859981,0.036931975,1.8276,-0.0422,0.452677411,0.04461158,1.79,-0.0603
-0.18,-0.05,0.09,0.507855206,0.064473491,1.9352,0.0527,0.582857593,0.041139516,1.8695,0.0892,0.657859981,0.036931975,1.8276,-0.0422
-0.24,-0.18,-0.05,0.432852818,0.073058952,2.0097,-0.0113,0.507855206,0.064473491,1.9352,0.0527,0.582857593,0.041139516,1.8695,0.0892
-0.24,-0.24,-0.18,0.43393159,0.099157075,2.1109,-0.0167,0.432852818,0.073058952,2.0097,-0.0113,0.507855206,0.064473491,1.9352,0.0527
-0.2,-0.24,-0.24,0.435010361,0.104733165,2.2179,0.0212,0.43393159,0.099157075,2.1109,-0.0167,0.432852818,0.073058952,2.0097,-0.0113
-0.16,-0.2,-0.24,0.436089133,0.110877981,2.3313,-0.0048,0.435010361,0.104733165,2.2179,0.0212,0.43393159,0.099157075,2.1109,-0.0167
-0.11,-0.16,-0.2,0.355967355,0.008892289,2.3404,-0.0241,0.436089133,0.110877981,2.3313,-0.0048,0.435010361,0.104733165,2.2179,0.0212
-0.08,-0.11,-0.16,0.275845578,-0.049259544,2.29,-0.0102,0.355967355,0.008892289,2.3404,-0.0241,0.436089133,0.110877981,2.3313,-0.0048
-0.08,-0.08,-0.11,0.195723801,-0.019945287,2.2696,-0.048,0.275845578,-0.049259544,2.29,-0.0102,0.355967355,0.008892289,2.3404,-0.0241
-0.06,-0.08,-0.08,0.200223472,-0.008116133,2.2613,0.0115,0.195723801,-0.019945287,2.2696,-0.048,0.275845578,-0.049259544,2.29,-0.0102
-0.06,-0.06,-0.08,0.204723142,-0.031492921,2.2291,-0.0308,0.200223472,-0.008116133,2.2613,0.0115,0.195723801,-0.019945287,2.2696,-0.048
-0.04,-0.06,-0.06,0.209222813,-0.006162819,2.2228,0.0409,0.204723142,-0.031492921,2.2291,-0.0308,0.200223472,-0.008116133,2.2613,0.0115
-0.02,-0.04,-0.06,0.192971154,-0.056852793,2.1647,-0.024,0.209222813,-0.006162819,2.2228,0.0409,0.204723142,-0.031492921,2.2291,-0.0308
0.03,-0.02,-0.04,0.176719495,-0.125170436,2.0369,0.0395,0.192971154,-0.056852793,2.1647,-0.024,0.209222813,-0.006162819,2.2228,0.0409
0.07,0.03,-0.02,0.160467835,-0.092656467,1.9424,0.0224,0.176719495,-0.125170436,2.0369,0.0395,0.192971154,-0.056852793,2.1647,-0.024
0.08,0.07,0.03,0.233163546,-0.125247124,1.8148,-0.0201,0.160467835,-0.092656467,1.9424,0.0224,0.176719495,-0.125170436,2.0369,0.0395
0.06,0.08,0.07,0.305859258,-0.201745778,1.6096,0.0779,0.233163546,-0.125247124,1.8148,-0.0201,0.160467835,-0.092656467,1.9424,0.0224
0.01,0.06,0.08,0.378554969,-0.198997983,1.4076,-0.0153,0.305859258,-0.201745778,1.6096,0.0779,0.233163546,-0.125247124,1.8148,-0.0201
-0.03,0.01,0.06,0.274502,-0.164620138,1.2408,-0.0972,0.378554969,-0.198997983,1.4076,-0.0153,0.305859258,-0.201745778,1.6096,0.0779
-0.06,-0.03,0.01,0.170449031,-0.095362759,1.1443,-0.0498,0.274502,-0.164620138,1.2408,-0.0972,0.378554969,-0.198997983,1.4076,-0.0153
-0.08,-0.06,-0.03,0.066396063,-0.064681008,1.0789,0.0184,0.170449031,-0.095362759,1.1443,-0.0498,0.274502,-0.164620138,1.2408,-0.0972
-0.08,-0.08,-0.06,0.112951953,-0.044232661,1.0342,-0.0216,0.066396063,-0.064681008,1.0789,0.0184,0.170449031,-0.095362759,1.1443,-0.0498
-0.09,-0.08,-0.08,0.159507843,-0.039994457,0.9938,0.0253,0.112951953,-0.044232661,1.0342,-0.0216,0.066396063,-0.064681008,1.0789,0.0184
-0.12,-0.09,-0.08,0.206063734,-0.089154112,0.9038,0.0208,0.159507843,-0.039994457,0.9938,0.0253,0.112951953,-0.044232661,1.0342,-0.0216
-0.12,-0.12,-0.09,0.163976223,-0.191355153,0.7109,-0.0705,0.206063734,-0.089154112,0.9038,0.0208,0.159507843,-0.039994457,0.9938,0.0253
-0.1,-0.12,-0.12,0.121888713,-0.254815203,0.4546,-0.0071,0.163976223,-0.191355153,0.7109,-0.0705,0.206063734,-0.089154112,0.9038,0.0208
-0.07,-0.1,-0.12,0.079801203,-0.122817405,0.3313,-0.0071,0.121888713,-0.254815203,0.4546,-0.0071,0.163976223,-0.191355153,0.7109,-0.0705
0,-0.07,-0.1,0.083160986,0.057592553,0.3891,-0.0337,0.079801203,-0.122817405,0.3313,-0.0071,0.121888713,-0.254815203,0.4546,-0.0071
0.04,0,-0.07,0.08652077,0.181925896,0.5719,-0.0519,0.083160986,0.057592553,0.3891,-0.0337,0.079801203,-0.122817405,0.3313,-0.0071
0.09,0.04,0,0.089880554,0.16581338,0.7388,0.081,0.08652077,0.181925896,0.5719,-0.0519,0.083160986,0.057592553,0.3891,-0.0337
0.12,0.09,0.04,0.116009091,0.123213201,0.863,0.0296,0.089880554,0.16581338,0.7388,0.081,0.08652077,0.181925896,0.5719,-0.0519
0.13,0.12,0.09,0.142137628,0.103750331,0.9677,-0.0097,0.116009091,0.123213201,0.863,0.0296,0.089880554,0.16581338,0.7388,0.081
0.1,0.13,0.12,0.168266164,0.02713371,0.9951,0.0683,0.142137628,0.103750331,0.9677,-0.0097,0.116009091,0.123213201,0.863,0.0296
0.01,0.1,0.13,0.190795831,-0.012476631,0.9825,-0.0414,0.168266164,0.02713371,0.9951,0.0683,0.142137628,0.103750331,0.9677,-0.0097
-0.05,0.01,0.1,0.213325498,-0.112161508,0.8693,0.0514,0.190795831,-0.012476631,0.9825,-0.0414,0.168266164,0.02713371,0.9951,0.0683
-0.09,-0.05,0.01,0.235855165,-0.150803703,0.7173,0.024,0.213325498,-0.112161508,0.8693,0.0514,0.190795831,-0.012476631,0.9825,-0.0414
-0.12,-0.09,-0.05,0.252710711,-0.146755727,0.5696,0.0029,0.235855165,-0.150803703,0.7173,0.024,0.213325498,-0.112161508,0.8693,0.0514
-0.15,-0.12,-0.09,0.269566257,-0.144083641,0.4248,-0.0503,0.252710711,-0.146755727,0.5696,0.0029,0.235855165,-0.150803703,0.7173,0.024
-0.2,-0.15,-0.12,0.286421802,-0.158053957,0.2662,0.0233,0.269566257,-0.144083641,0.4248,-0.0503,0.252710711,-0.146755727,0.5696,0.0029
-0.25,-0.2,-0.15,0.258828293,-0.113562326,0.1524,0.0195,0.286421802,-0.158053957,0.2662,0.0233,0.269566257,-0.144083641,0.4248,-0.0503
-0.29,-0.25,-0.2,0.231234783,-0.143084412,0.0092,-0.0684,0.258828293,-0.113562326,0.1524,0.0195,0.286421802,-0.158053957,0.2662,0.0233
-0.28,-0.29,-0.25,0.203641273,-0.199580687,-0.1902,0.0174,0.231234783,-0.143084412,0.0092,-0.0684,0.258828293,-0.113562326,0.1524,0.0195
-0.19,-0.28,-0.29,0.242854899,-0.171091416,-0.36082,-0.0403,0.203641273,-0.199580687,-0.1902,0.0174,0.231234783,-0.143084412,0.0092,-0.0684
-0.07,-0.19,-0.28,0.282068524,-0.009564968,-0.37035,-0.0262,0.242854899,-0.171091416,-0.36082,-0.0403,0.203641273,-0.199580687,-0.1902,0.0174
0.05,-0.07,-0.19,0.32128215,0.24196423,-0.12899,-0.0018,0.282068524,-0.009564968,-0.37035,-0.0262,0.242854899,-0.171091416,-0.36082,-0.0403
0.12,0.05,-0.07,0.312610938,0.270073811,0.1411,0.0155,0.32128215,0.24196423,-0.12899,-0.0018,0.282068524,-0.009564968,-0.37035,-0.0262
0.16,0.12,0.05,0.303939726,0.16463192,0.3061,0.0276,0.312610938,0.270073811,0.1411,0.0155,0.32128215,0.24196423,-0.12899,-0.0018
0.16,0.16,0.12,0.295268514,0.067869146,0.3742,-0.0294,0.303939726,0.16463192,0.3061,0.0276,0.312610938,0.270073811,0.1411,0.0155
0.17,0.16,0.16,0.297243146,-0.007073781,0.3671,0.0361,0.295268514,0.067869146,0.3742,-0.0294,0.303939726,0.16463192,0.3061,0.0276
0.16,0.17,0.16,0.299217777,0.006675271,0.3738,-0.0367,0.297243146,-0.007073781,0.3671,0.0361,0.295268514,0.067869146,0.3742,-0.0294
0.16,0.16,0.17,0.301192409,0.069715008,0.4438,0.0004,0.299217777,0.006675271,0.3738,-0.0367,0.297243146,-0.007073781,0.3671,0.0361
0.16,0.16,0.16,0.22548412,0.128844778,0.5733,0.0892,0.301192409,0.069715008,0.4438,0.0004,0.299217777,0.006675271,0.3738,-0.0367
0.15,0.16,0.16,0.149775831,0.136324951,0.7105,0.0183,0.22548412,0.128844778,0.5733,0.0892,0.301192409,0.069715008,0.4438,0.0004
0.12,0.15,0.16,0.074067541,0.140403124,0.852,0.0806,0.149775831,0.136324951,0.7105,0.0183,0.22548412,0.128844778,0.5733,0.0892
0.06,0.12,0.15,0.131707284,-0.012692671,0.8392,-0.067,0.074067541,0.140403124,0.852,0.0806,0.149775831,0.136324951,0.7105,0.0183
0.01,0.06,0.12,0.189347027,-0.043246504,0.7956,0.044,0.131707284,-0.012692671,0.8392,-0.067,0.074067541,0.140403124,0.852,0.0806
-0.04,0.01,0.06,0.246986769,-0.039295149,0.756,-0.0418,0.189347027,-0.043246504,0.7956,0.044,0.131707284,-0.012692671,0.8392,-0.067
-0.06,-0.04,0.01,0.198906281,-0.021837312,0.734,0.0989,0.246986769,-0.039295149,0.756,-0.0418,0.189347027,-0.043246504,0.7956,0.044
-0.05,-0.06,-0.04,0.150825792,0.042181425,0.7765,-0.0328,0.198906281,-0.021837312,0.734,0.0989,0.246986769,-0.039295149,0.756,-0.0418
-0.04,-0.05,-0.06,0.102745304,0.054858854,0.8318,-0.0362,0.150825792,0.042181425,0.7765,-0.0328,0.198906281,-0.021837312,0.734,0.0989
0.02,-0.04,-0.05,0.123487881,0.00109092,0.8329,0.0629,0.102745304,0.054858854,0.8318,-0.0362,0.150825792,0.042181425,0.7765,-0.0328
0.06,0.02,-0.04,0.144230459,-0.024201379,0.8085,-0.0601,0.123487881,0.00109092,0.8329,0.0629,0.102745304,0.054858854,0.8318,-0.0362
0.08,0.06,0.02,0.164973036,0.003372675,0.8119,0.0308,0.144230459,-0.024201379,0.8085,-0.0601,0.123487881,0.00109092,0.8329,0.0629
0.09,0.08,0.06,0.189526282,0.053154197,0.8655,-0.0409,0.164973036,0.003372675,0.8119,0.0308,0.144230459,-0.024201379,0.8085,-0.0601
0.06,0.09,0.08,0.214079528,0.092357613,0.9587,-0.0082,0.189526282,0.053154197,0.8655,-0.0409,0.164973036,0.003372675,0.8119,0.0308
0.01,0.06,0.09,0.238632774,0.073567383,1.033,0.0338,0.214079528,0.092357613,0.9587,-0.0082,0.189526282,0.053154197,0.8655,-0.0409
-0.01,0.01,0.06,0.251262278,-0.019698475,1.0131,-0.0038,0.238632774,0.073567383,1.033,0.0338,0.214079528,0.092357613,0.9587,-0.0082
-0.05,-0.01,0.01,0.263891782,-0.130563323,0.8813,-0.0558,0.251262278,-0.019698475,1.0131,-0.0038,0.238632774,0.073567383,1.033,0.0338
-0.07,-0.05,-0.01,0.276521285,-0.143042524,0.7371,-0.0485,0.263891782,-0.130563323,0.8813,-0.0558,0.251262278,-0.019698475,1.0131,-0.0038
-0.07,-0.07,-0.05,0.266977897,-0.056201644,0.6805,-0.0242,0.276521285,-0.143042524,0.7371,-0.0485,0.263891782,-0.130563323,0.8813,-0.0558
-0.04,-0.07,-0.07,0.257434508,0.038232469,0.719,-0.02,0.266977897,-0.056201644,0.6805,-0.0242,0.276521285,-0.143042524,0.7371,-0.0485
-0.03,-0.04,-0.07,0.24789112,-0.036444651,0.6823,0.0703,0.257434508,0.038232469,0.719,-0.02,0.266977897,-0.056201644,0.6805,-0.0242
0.01,-0.03,-0.04,0.280592711,-0.200135976,0.481,-0.0669,0.24789112,-0.036444651,0.6823,0.0703,0.257434508,0.038232469,0.719,-0.02
0.02,0.01,-0.03,0.313294303,-0.242528714,0.2376,0.0598,0.280592711,-0.200135976,0.481,-0.0669,0.24789112,-0.036444651,0.6823,0.0703
0.06,0.02,0.01,0.345995895,-0.020054366,0.2175,0.0214,0.313294303,-0.242528714,0.2376,0.0598,0.280592711,-0.200135976,0.481,-0.0669
0.11,0.06,0.02,0.275206723,0.22246795,0.4407,-0.0412,0.345995895,-0.020054366,0.2175,0.0214,0.313294303,-0.242528714,0.2376,0.0598
0.14,0.11,0.06,0.204417552,0.313921127,0.7565,-0.0048,0.275206723,0.22246795,0.4407,-0.0412,0.345995895,-0.020054366,0.2175,0.0214
0.14,0.14,0.11,0.13362838,0.217515963,0.9759,-0.0129,0.204417552,0.313921127,0.7565,-0.0048,0.275206723,0.22246795,0.4407,-0.0412
0.16,0.14,0.14,0.137175353,0.04564404,1.022,0.0562,0.13362838,0.217515963,0.9759,-0.0129,0.204417552,0.313921127,0.7565,-0.0048
0.15,0.16,0.14,0.140722326,-0.037919723,0.9837,0.001,0.137175353,0.04564404,1.022,0.0562,0.13362838,0.217515963,0.9759,-0.0129
0.14,0.15,0.16,0.144269299,-0.101850457,0.8809,0.0646,0.140722326,-0.037919723,0.9837,0.001,0.137175353,0.04564404,1.022,0.0562
0.12,0.14,0.15,0.123210349,-0.167565464,0.712,-0.034,0.144269299,-0.101850457,0.8809,0.0646,0.140722326,-0.037919723,0.9837,0.001
0.11,0.12,0.14,0.1021514,-0.092087029,0.6193,0.0028,0.123210349,-0.167565464,0.712,-0.034,0.144269299,-0.101850457,0.8809,0.0646
0.12,0.11,0.12,0.081092451,-0.025942722,0.5932,0.0537,0.1021514,-0.092087029,0.6193,0.0028,0.123210349,-0.167565464,0.712,-0.034
0.16,0.12,0.11,0.102575487,0.026539028,0.6199,-0.0502,0.081092451,-0.025942722,0.5932,0.0537,0.1021514,-0.092087029,0.6193,0.0028
0.23,0.16,0.12,0.124058523,0.140529457,0.7614,0.0399,0.102575487,0.026539028,0.6199,-0.0502,0.081092451,-0.025942722,0.5932,0.0537
0.26,0.23,0.16,0.145541559,0.199975776,0.9631,-0.0581,0.124058523,0.140529457,0.7614,0.0399,0.102575487,0.026539028,0.6199,-0.0502
0.26,0.26,0.23,0.214556087,0.110771198,1.075,0.0785,0.145541559,0.199975776,0.9631,-0.0581,0.124058523,0.140529457,0.7614,0.0399
0.25,0.26,0.26,0.283570614,0.052620336,1.1282,-0.0147,0.214556087,0.110771198,1.075,0.0785,0.145541559,0.199975776,0.9631,-0.0581
0.24,0.25,0.26,0.352585142,0.008305944,1.1366,-0.033,0.283570614,0.052620336,1.1282,-0.0147,0.214556087,0.110771198,1.075,0.0785
0.21,0.24,0.25,0.3032831,-0.060728406,1.0752,0.0962,0.352585142,0.008305944,1.1366,-0.033,0.283570614,0.052620336,1.1282,-0.0147
0.17,0.21,0.24,0.253981058,-0.076506971,0.9979,-0.0155,0.3032831,-0.060728406,1.0752,0.0962,0.352585142,0.008305944,1.1366,-0.033
0.11,0.17,0.21,0.204679017,-0.021884037,0.9758,-0.0322,0.253981058,-0.076506971,0.9979,-0.0155,0.3032831,-0.060728406,1.0752,0.0962
0.04,0.11,0.17,0.219849187,0.018418559,0.9944,0.0229,0.204679017,-0.021884037,0.9758,-0.0322,0.253981058,-0.076506971,0.9979,-0.0155
-0.06,0.04,0.11,0.235019358,-0.024756912,0.9694,0.0689,0.219849187,0.018418559,0.9944,0.0229,0.204679017,-0.021884037,0.9758,-0.0322
-0.15,-0.06,0.04,0.250189528,-0.043289808,0.9257,-0.1029,0.235019358,-0.024756912,0.9694,0.0689,0.219849187,0.018418559,0.9944,0.0229
-0.19,-0.15,-0.06,0.22743326,-0.150123975,0.7743,0.0331,0.250189528,-0.043289808,0.9257,-0.1029,0.235019358,-0.024756912,0.9694,0.0689
-0.2,-0.19,-0.15,0.204676992,-0.193888021,0.5791,0.0199,0.22743326,-0.150123975,0.7743,0.0331,0.250189528,-0.043289808,0.9257,-0.1029
-0.24,-0.2,-0.19,0.181920724,-0.235714174,0.3423,-0.0509,0.204676992,-0.193888021,0.5791,0.0199,0.22743326,-0.150123975,0.7743,0.0331
-0.28,-0.24,-0.2,0.199842827,-0.271839906,0.0699,0.0282,0.181920724,-0.235714174,0.3423,-0.0509,0.204676992,-0.193888021,0.5791,0.0199
-0.34,-0.28,-0.24,0.21776493,-0.209823463,-0.13985,-0.048,0.199842827,-0.271839906,0.0699,0.0282,0.181920724,-0.235714174,0.3423,-0.0509
-0.39,-0.34,-0.28,0.235687033,-0.217460061,-0.35677,0.0404,0.21776493,-0.209823463,-0.13985,-0.048,0.199842827,-0.271839906,0.0699,0.0282
-0.47,-0.39,-0.34,0.098313312,-0.309279488,-0.66447,-0.0304,0.235687033,-0.217460061,-0.35677,0.0404,0.21776493,-0.209823463,-0.13985,-0.048
-0.55,-0.47,-0.39,-0.039060409,-0.372402459,-1.03371,0.0312,0.098313312,-0.309279488,-0.66447,-0.0304,0.235687033,-0.217460061,-0.35677,0.0404
-0.67,-0.55,-0.47,-0.17643413,-0.459980232,-1.48789,-0.1089,-0.039060409,-0.372402459,-1.03371,0.0312,0.098313312,-0.309279488,-0.66447,-0.0304
-0.79,-0.67,-0.55,-0.291831058,-0.454182257,-1.9343,-0.0171,-0.17643413,-0.459980232,-1.48789,-0.1089,-0.039060409,-0.372402459,-1.03371,0.0312
-0.89,-0.79,-0.67,-0.407227987,-0.357327097,-2.28409,0.0718,-0.291831058,-0.454182257,-1.9343,-0.0171,-0.17643413,-0.459980232,-1.48789,-0.1089
-0.92,-0.89,-0.79,-0.522624915,-0.111722811,-2.3932,-0.0563,-0.407227987,-0.357327097,-2.28409,0.0718,-0.291831058,-0.454182257,-1.9343,-0.0171
-0.89,-0.92,-0.89,-0.587115784,0.083760303,-2.31141,-0.0702,-0.522624915,-0.111722811,-2.3932,-0.0563,-0.407227987,-0.357327097,-2.28409,0.0718
-0.8,-0.89,-0.92,-0.651606654,0.012610708,-2.29909,-0.0533,-0.587115784,0.083760303,-2.31141,-0.0702,-0.522624915,-0.111722811,-2.3932,-0.0563
-0.69,-0.8,-0.89,-0.716097523,-0.271050261,-2.56355,-0.0672,-0.651606654,0.012610708,-2.29909,-0.0533,-0.587115784,0.083760303,-2.31141,-0.0702
-0.5,-0.69,-0.8,-0.744368965,-0.250198687,-2.80703,-0.052,-0.716097523,-0.271050261,-2.56355,-0.0672,-0.651606654,0.012610708,-2.29909,-0.0533
-0.28,-0.5,-0.69,-0.772640406,-0.139551859,-2.94257,0.0154,-0.744368965,-0.250198687,-2.80703,-0.052,-0.716097523,-0.271050261,-2.56355,-0.0672
-0.06,-0.28,-0.5,-0.800911848,-0.064559944,-3.00521,-0.0697,-0.772640406,-0.139551859,-2.94257,0.0154,-0.744368965,-0.250198687,-2.80703,-0.052
0.19,-0.06,-0.28,-0.527131631,0.010247448,-2.99527,-0.0569,-0.800911848,-0.064559944,-3.00521,-0.0697,-0.772640406,-0.139551859,-2.94257,0.0154
0.45,0.19,-0.06,-0.253351414,0.234167789,-2.76785,-0.0353,-0.527131631,0.010247448,-2.99527,-0.0569,-0.800911848,-0.064559944,-3.00521,-0.0697
0.7,0.45,0.19,0.020428804,0.469123021,-2.31064,0.0841,-0.253351414,0.234167789,-2.76785,-0.0353,-0.527131631,0.010247448,-2.99527,-0.0569
0.88,0.7,0.45,0.023244213,0.465383813,-1.85495,0.0331,0.020428804,0.469123021,-2.31064,0.0841,-0.253351414,0.234167789,-2.76785,-0.0353
1,0.88,0.7,0.026059622,0.346903657,-1.51389,0.0448,0.023244213,0.465383813,-1.85495,0.0331,0.020428804,0.469123021,-2.31064,0.0841
1.06,1,0.88,0.028875031,0.22546275,-1.29159,0.0103,0.026059622,0.346903657,-1.51389,0.0448,0.023244213,0.465383813,-1.85495,0.0331
1.01,1.06,1,0.04172162,0.210065242,-1.08402,0.0532,0.028875031,0.22546275,-1.29159,0.0103,0.026059622,0.346903657,-1.51389,0.0448
0.9,1.01,1.06,0.05456821,0.222073228,-0.86411,0.0401,0.04172162,0.210065242,-1.08402,0.0532,0.028875031,0.22546275,-1.29159,0.0103
0.72,0.9,1.01,0.067414799,0.099329394,-0.76559,0.0565,0.05456821,0.222073228,-0.86411,0.0401,0.04172162,0.210065242,-1.08402,0.0532
0.5,0.72,0.9,0.15357809,0.028141519,-0.73766,-0.029,0.067414799,0.099329394,-0.76559,0.0565,0.05456821,0.222073228,-0.86411,0.0401
0.3,0.5,0.72,0.239741381,0.059863802,-0.67822,-0.0179,0.15357809,0.028141519,-0.73766,-0.029,0.067414799,0.099329394,-0.76559,0.0565
0.14,0.3,0.5,0.325904672,0.067807043,-0.61085,0.0502,0.239741381,0.059863802,-0.67822,-0.0179,0.15357809,0.028141519,-0.73766,-0.029
0.03,0.14,0.3,0.353782451,0.016237879,-0.59471,-0.0035,0.325904672,0.067807043,-0.61085,0.0502,0.239741381,0.059863802,-0.67822,-0.0179
-0.07,0.03,0.14,0.381660229,-0.002273547,-0.59697,0.0116,0.353782451,0.016237879,-0.59471,-0.0035,0.325904672,0.067807043,-0.61085,0.0502
-0.13,-0.07,0.03,0.409538007,-0.022667874,-0.6195,0.0339,0.381660229,-0.002273547,-0.59697,0.0116,0.353782451,0.016237879,-0.59471,-0.0035
-0.19,-0.13,-0.07,0.340955269,-0.051663315,-0.67083,0.0567,0.409538007,-0.022667874,-0.6195,0.0339,0.381660229,-0.002273547,-0.59697,0.0116
-0.21,-0.19,-0.13,0.27237253,-0.04667392,-0.71718,-0.0255,0.340955269,-0.051663315,-0.67083,0.0567,0.409538007,-0.022667874,-0.6195,0.0339
-0.19,-0.21,-0.19,0.203789792,-0.046907331,-0.76374,0.0401,0.27237253,-0.04667392,-0.71718,-0.0255,0.340955269,-0.051663315,-0.67083,0.0567
-0.14,-0.19,-0.21,0.126680022,0.019013419,-0.74487,0.01,0.203789792,-0.046907331,-0.76374,0.0401,0.27237253,-0.04667392,-0.71718,-0.0255
-0.09,-0.14,-0.19,0.049570251,0.026312558,-0.71875,-0.0031,0.126680022,0.019013419,-0.74487,0.01,0.203789792,-0.046907331,-0.76374,0.0401
-0.03,-0.09,-0.14,-0.027539519,0.042879065,-0.67617,0.0069,0.049570251,0.026312558,-0.71875,-0.0031,0.126680022,0.019013419,-0.74487,0.01
0,-0.03,-0.09,0.032314628,0.078973011,-0.5977,-0.0127,-0.027539519,0.042879065,-0.67617,0.0069,0.049570251,0.026312558,-0.71875,-0.0031
0,0,-0.03,0.092168776,0.032780588,-0.56511,0.0521,0.032314628,0.078973011,-0.5977,-0.0127,-0.027539519,0.042879065,-0.67617,0.0069
0,0,0,0.152022923,-0.040939686,-0.60581,-0.0265,0.092168776,0.032780588,-0.56511,0.0521,0.032314628,0.078973011,-0.5977,-0.0127
-0.02,0,0,0.094825493,-0.108868417,-0.71396,0.0131,0.152022923,-0.040939686,-0.60581,-0.0265,0.092168776,0.032780588,-0.56511,0.0521
-0.09,-0.02,0,0.037628063,-0.22639058,-0.93848,0.0683,0.094825493,-0.108868417,-0.71396,0.0131,0.152022923,-0.040939686,-0.60581,-0.0265
-0.14,-0.09,-0.02,-0.019569368,-0.130428266,-1.0676,-0.0628,0.037628063,-0.22639058,-0.93848,0.0683,0.094825493,-0.108868417,-0.71396,0.0131
-0.22,-0.14,-0.09,0.042264279,-0.00782383,-1.07534,0.0071,-0.019569368,-0.130428266,-1.0676,-0.0628,0.037628063,-0.22639058,-0.93848,0.0683
-0.32,-0.22,-0.14,0.104097927,-0.083209017,-1.15762,0.0075,0.042264279,-0.00782383,-1.07534,0.0071,-0.019569368,-0.130428266,-1.0676,-0.0628
-0.37,-0.32,-0.22,0.165931574,-0.235236407,-1.38986,-0.0701,0.104097927,-0.083209017,-1.15762,0.0075,0.042264279,-0.00782383,-1.07534,0.0071
-0.4,-0.37,-0.32,0.079419179,-0.279885899,-1.66547,0.0367,0.165931574,-0.235236407,-1.38986,-0.0701,0.104097927,-0.083209017,-1.15762,0.0075
-0.37,-0.4,-0.37,-0.007093216,-0.111314815,-1.77487,-0.0597,0.079419179,-0.279885899,-1.66547,0.0367,0.165931574,-0.235236407,-1.38986,-0.0701
-0.31,-0.37,-0.4,-0.093605611,0.014516616,-1.76061,-0.0593,-0.007093216,-0.111314815,-1.77487,-0.0597,0.079419179,-0.279885899,-1.66547,0.0367
-0.22,-0.31,-0.37,0.105494618,0.133492714,-1.62938,0.0069,-0.093605611,0.014516616,-1.76061,-0.0593,-0.007093216,-0.111314815,-1.77487,-0.0597
-0.13,-0.22,-0.31,0.304594847,0.186588895,-1.44566,-0.0213,0.105494618,0.133492714,-1.62938,0.0069,-0.093605611,0.014516616,-1.76061,-0.0593
-0.04,-0.13,-0.22,0.503695077,0.207244255,-1.2412,0.1035,0.304594847,0.186588895,-1.44566,-0.0213,0.105494618,0.133492714,-1.62938,0.0069
0.01,-0.04,-0.13,0.244481383,0.147543766,-1.09538,0.0131,0.503695077,0.207244255,-1.2412,0.1035,0.304594847,0.186588895,-1.44566,-0.0213
0.03,0.01,-0.04,-0.01473231,0.067163382,-1.02893,0.0053,0.244481383,0.147543766,-1.09538,0.0131,0.503695077,0.207244255,-1.2412,0.1035
0.05,0.03,0.01,-0.273946004,-0.00060624,-1.02953,0.027,-0.01473231,0.067163382,-1.02893,0.0053,0.244481383,0.147543766,-1.09538,0.0131
0.07,0.05,0.03,0.008218812,-0.034561734,-1.06373,-0.1293,-0.273946004,-0.00060624,-1.02953,0.027,-0.01473231,0.067163382,-1.02893,0.0053
0.12,0.07,0.05,0.290383627,-0.093892358,-1.15658,0.0438,0.008218812,-0.034561734,-1.06373,-0.1293,-0.273946004,-0.00060624,-1.02953,0.027
0.18,0.12,0.07,0.572548443,-0.052359122,-1.20832,0.0564,0.290383627,-0.093892358,-1.15658,0.0438,0.008218812,-0.034561734,-1.06373,-0.1293
0.21,0.18,0.12,0.316479262,-0.000668075,-1.20898,-0.0866,0.572548443,-0.052359122,-1.20832,0.0564,0.290383627,-0.093892358,-1.15658,0.0438
0.23,0.21,0.18,0.06041008,0.042636486,-1.16685,0.0471,0.316479262,-0.000668075,-1.20898,-0.0866,0.572548443,-0.052359122,-1.20832,0.0564
0.21,0.23,0.21,-0.195659101,0.059901222,-1.10763,0.0477,0.06041008,0.042636486,-1.16685,0.0471,0.316479262,-0.000668075,-1.20898,-0.0866
0.18,0.21,0.23,-0.086495305,0.009039723,-1.09869,-0.0802,-0.195659101,0.059901222,-1.10763,0.0477,0.06041008,0.042636486,-1.16685,0.0471
0.18,0.18,0.21,0.022668491,-0.048625939,-1.14677,0.0488,-0.086495305,0.009039723,-1.09869,-0.0802,-0.195659101,0.059901222,-1.10763,0.0477
0.19,0.18,0.18,0.131832287,0.067825055,-1.0797,-0.0332,0.022668491,-0.048625939,-1.14677,0.0488,-0.086495305,0.009039723,-1.09869,-0.0802
0.22,0.19,0.18,0.169373437,0.117671992,-0.96323,-0.0068,0.131832287,0.067825055,-1.0797,-0.0332,0.022668491,-0.048625939,-1.14677,0.0488
0.26,0.22,0.19,0.206914588,0.109908835,-0.85432,0.0455,0.169373437,0.117671992,-0.96323,-0.0068,0.131832287,0.067825055,-1.0797,-0.0332
0.27,0.26,0.22,0.244455739,0.106826045,-0.74835,-0.0098,0.206914588,0.109908835,-0.85432,0.0455,0.169373437,0.117671992,-0.96323,-0.0068
0.27,0.27,0.26,0.256971477,0.145654673,-0.60368,-0.0125,0.244455739,0.106826045,-0.74835,-0.0098,0.206914588,0.109908835,-0.85432,0.0455
0.27,0.27,0.27,0.269487214,0.129498377,-0.47488,-0.0464,0.256971477,0.145654673,-0.60368,-0.0125,0.244455739,0.106826045,-0.74835,-0.0098
0.27,0.27,0.27,0.282002952,0.105425316,-0.3699,0.0762,0.269487214,0.129498377,-0.47488,-0.0464,0.256971477,0.145654673,-0.60368,-0.0125
0.23,0.27,0.27,0.260012048,0.014342026,-0.35561,0.0568,0.282002952,0.105425316,-0.3699,0.0762,0.269487214,0.129498377,-0.47488,-0.0464
0.18,0.23,0.27,0.238021144,-0.051867848,-0.40728,0.1006,0.260012048,0.014342026,-0.35561,0.0568,0.282002952,0.105425316,-0.3699,0.0762
0.12,0.18,0.23,0.21603024,-0.072330634,-0.47929,-0.0955,0.238021144,-0.051867848,-0.40728,0.1006,0.260012048,0.014342026,-0.35561,0.0568
0.1,0.12,0.18,0.232971296,0.026855125,-0.45256,0.086,0.21603024,-0.072330634,-0.47929,-0.0955,0.238021144,-0.051867848,-0.40728,0.1006
0.1,0.1,0.12,0.249912352,0.085370065,-0.36754,-0.0344,0.232971296,0.026855125,-0.45256,0.086,0.21603024,-0.072330634,-0.47929,-0.0955
0.1,0.1,0.1,0.266853408,0.055147536,-0.31258,-0.0264,0.249912352,0.085370065,-0.36754,-0.0344,0.232971296,0.026855125,-0.45256,0.086
0.08,0.1,0.1,0.283374296,0.048078761,-0.26464,-0.0001,0.266853408,0.055147536,-0.31258,-0.0264,0.249912352,0.085370065,-0.36754,-0.0344
0.06,0.08,0.1,0.299895183,0.088414987,-0.17642,-0.0341,0.283374296,0.048078761,-0.26464,-0.0001,0.266853408,0.055147536,-0.31258,-0.0264
0.03,0.06,0.08,0.31641607,0.108812849,-0.06774,0.07,0.299895183,0.088414987,-0.17642,-0.0341,0.283374296,0.048078761,-0.26464,-0.0001
-0.03,0.03,0.06,0.2960008,0.051641654,-0.01612,-0.0225,0.31641607,0.108812849,-0.06774,0.07,0.299895183,0.088414987,-0.17642,-0.0341
-0.09,-0.03,0.03,0.275585529,0.011531194,-0.00459,0.0366,0.2960008,0.051641654,-0.01612,-0.0225,0.31641607,0.108812849,-0.06774,0.07
-0.13,-0.09,-0.03,0.255170259,-0.02413402,-0.02872,-0.0472,0.275585529,0.011531194,-0.00459,0.0366,0.2960008,0.051641654,-0.01612,-0.0225
-0.15,-0.13,-0.09,0.260621906,-0.019937713,-0.04865,0.0235,0.255170259,-0.02413402,-0.02872,-0.0472,0.275585529,0.011531194,-0.00459,0.0366
-0.17,-0.15,-0.13,0.266073552,0.010474548,-0.03818,-0.0324,0.260621906,-0.019937713,-0.04865,0.0235,0.255170259,-0.02413402,-0.02872,-0.0472
-0.15,-0.17,-0.15,0.271525199,0.05288621,0.0147,-0.0187,0.266073552,0.010474548,-0.03818,-0.0324,0.260621906,-0.019937713,-0.04865,0.0235
-0.13,-0.15,-0.17,0.191045148,0.106427692,0.1212,0.0188,0.271525199,0.05288621,0.0147,-0.0187,0.266073552,0.010474548,-0.03818,-0.0324
-0.1,-0.13,-0.15,0.110565098,0.184406161,0.306,0.0057,0.191045148,0.106427692,0.1212,0.0188,0.271525199,0.05288621,0.0147,-0.0187
-0.06,-0.1,-0.13,0.030085047,0.203071639,0.5099,-0.003,0.110565098,0.184406161,0.306,0.0057,0.191045148,0.106427692,0.1212,0.0188
-0.01,-0.06,-0.1,0.106913641,0.134920517,0.6456,0.0332,0.030085047,0.203071639,0.5099,-0.003,0.110565098,0.184406161,0.306,0.0057
0,-0.01,-0.06,0.183742234,0.05979596,0.7058,-0.0705,0.106913641,0.134920517,0.6456,0.0332,0.030085047,0.203071639,0.5099,-0.003
0,0,-0.01,0.260570827,-0.001588799,0.7042,0.0199,0.183742234,0.05979596,0.7058,-0.0705,0.106913641,0.134920517,0.6456,0.0332
-0.04,0,0,0.201115059,-0.065559964,0.6382,-0.0292,0.260570827,-0.001588799,0.7042,0.0199,0.183742234,0.05979596,0.7058,-0.0705
-0.07,-0.04,0,0.141659291,-0.050987676,0.5869,-0.0269,0.201115059,-0.065559964,0.6382,-0.0292,0.260570827,-0.001588799,0.7042,0.0199
-0.11,-0.07,-0.04,0.082203523,-0.106730868,0.4796,0.0361,0.141659291,-0.050987676,0.5869,-0.0269,0.201115059,-0.065559964,0.6382,-0.0292
-0.16,-0.11,-0.07,0.137789828,-0.086423028,0.3928,-0.0165,0.082203523,-0.106730868,0.4796,0.0361,0.141659291,-0.050987676,0.5869,-0.0269
-0.17,-0.16,-0.11,0.193376134,-0.02659907,0.3661,-0.012,0.137789828,-0.086423028,0.3928,-0.0165,0.082203523,-0.106730868,0.4796,0.0361
-0.17,-0.17,-0.16,0.248962439,0.105059966,0.4716,-0.0187,0.193376134,-0.02659907,0.3661,-0.012,0.137789828,-0.086423028,0.3928,-0.0165
-0.17,-0.17,-0.17,0.194383256,0.133878549,0.6062,-0.0216,0.248962439,0.105059966,0.4716,-0.0187,0.193376134,-0.02659907,0.3661,-0.012
-0.15,-0.17,-0.17,0.139804074,0.04432144,0.6508,-0.0043,0.194383256,0.133878549,0.6062,-0.0216,0.248962439,0.105059966,0.4716,-0.0187
-0.15,-0.15,-0.17,0.085224891,-0.067384309,0.583,0.0237,0.139804074,0.04432144,0.6508,-0.0043,0.194383256,0.133878549,0.6062,-0.0216
-0.12,-0.15,-0.15,0.138889703,-0.10812839,0.4743,-0.04,0.085224891,-0.067384309,0.583,0.0237,0.139804074,0.04432144,0.6508,-0.0043
-0.08,-0.12,-0.15,0.192554515,-0.06312063,0.4109,0.0465,0.138889703,-0.10812839,0.4743,-0.04,0.085224891,-0.067384309,0.583,0.0237
-0.04,-0.08,-0.12,0.246219327,0.004581071,0.4155,0.0064,0.192554515,-0.06312063,0.4109,0.0465,0.138889703,-0.10812839,0.4743,-0.04
-0.01,-0.04,-0.08,0.195890653,0.05177143,0.4675,0.0174,0.246219327,0.004581071,0.4155,0.0064,0.192554515,-0.06312063,0.4109,0.0465
0.03,-0.01,-0.04,0.145561978,-0.011148505,0.4563,0.0295,0.195890653,0.05177143,0.4675,0.0174,0.246219327,0.004581071,0.4155,0.0064
0.09,0.03,-0.01,0.095233303,-0.078672099,0.3773,-0.0372,0.145561978,-0.011148505,0.4563,0.0295,0.195890653,0.05177143,0.4675,0.0174
0.18,0.09,0.03,0.130629696,-0.01564221,0.3616,0.0103,0.095233303,-0.078672099,0.3773,-0.0372,0.145561978,-0.011148505,0.4563,0.0295
0.21,0.18,0.09,0.166026089,0.035166631,0.3969,0.0081,0.130629696,-0.01564221,0.3616,0.0103,0.095233303,-0.078672099,0.3773,-0.0372
0.2,0.21,0.18,0.201422481,0.036249529,0.4333,-0.0052,0.166026089,0.035166631,0.3969,0.0081,0.130629696,-0.01564221,0.3616,0.0103
0.15,0.2,0.21,0.233618291,0.069474722,0.5031,0.0812,0.201422481,0.036249529,0.4333,-0.0052,0.166026089,0.035166631,0.3969,0.0081
0.11,0.15,0.2,0.265814101,0.055008046,0.5584,-0.0308,0.233618291,0.069474722,0.5031,0.0812,0.201422481,0.036249529,0.4333,-0.0052
0.06,0.11,0.15,0.29800991,-0.005370158,0.553,0.0404,0.265814101,0.055008046,0.5584,-0.0308,0.233618291,0.069474722,0.5031,0.0812
0.04,0.06,0.11,0.259683422,0.023268602,0.5764,0.0133,0.29800991,-0.005370158,0.553,0.0404,0.265814101,0.055008046,0.5584,-0.0308
0.02,0.04,0.06,0.221356933,0.098682208,0.6757,-0.0132,0.259683422,0.023268602,0.5764,0.0133,0.29800991,-0.005370158,0.553,0.0404
0.02,0.02,0.04,0.183030445,0.106126191,0.7826,-0.0203,0.221356933,0.098682208,0.6757,-0.0132,0.259683422,0.023268602,0.5764,0.0133
0.05,0.02,0.02,0.182885456,0.070225558,0.8534,0.0273,0.183030445,0.106126191,0.7826,-0.0203,0.221356933,0.098682208,0.6757,-0.0132
0.04,0.05,0.02,0.182740466,0.024190606,0.8778,0.0261,0.182885456,0.070225558,0.8534,0.0273,0.183030445,0.106126191,0.7826,-0.0203
0,0.04,0.05,0.182595477,0.030725529,0.9088,0.0292,0.182740466,0.024190606,0.8778,0.0261,0.182885456,0.070225558,0.8534,0.0273
-0.04,0,0.04,0.221610664,0.061422751,0.9708,-0.0329,0.182595477,0.030725529,0.9088,0.0292,0.182740466,0.024190606,0.8778,0.0261
-0.07,-0.04,0,0.260625851,0.072074073,1.0436,-0.0215,0.221610664,0.061422751,0.9708,-0.0329,0.182595477,0.030725529,0.9088,0.0292
-0.12,-0.07,-0.04,0.299641038,0.085174457,1.1297,-0.0187,0.260625851,0.072074073,1.0436,-0.0215,0.221610664,0.061422751,0.9708,-0.0329
-0.15,-0.12,-0.07,0.189463889,0.0242,1.1542,0.0341,0.299641038,0.085174457,1.1297,-0.0187,0.260625851,0.072074073,1.0436,-0.0215
-0.15,-0.15,-0.12,0.07928674,-0.00790903,1.1462,0.0093,0.189463889,0.0242,1.1542,0.0341,0.299641038,0.085174457,1.1297,-0.0187
-0.13,-0.15,-0.15,-0.03089041,9.88667E-05,1.1463,0.0073,0.07928674,-0.00790903,1.1462,0.0093,0.189463889,0.0242,1.1542,0.0341
-0.13,-0.13,-0.15,0.003435863,0.017695572,1.1642,-0.0767,-0.03089041,9.88667E-05,1.1463,0.0073,0.07928674,-0.00790903,1.1462,0.0093
-0.1,-0.13,-0.13,0.037762135,0.008698351,1.173,-0.0795,0.003435863,0.017695572,1.1642,-0.0767,-0.03089041,9.88667E-05,1.1463,0.0073
-0.09,-0.1,-0.13,0.072088408,-0.012256986,1.1606,0.0694,0.037762135,0.008698351,1.173,-0.0795,0.003435863,0.017695572,1.1642,-0.0767
-0.11,-0.09,-0.1,0.094215763,-0.005041616,1.1555,-0.016,0.072088408,-0.012256986,1.1606,0.0694,0.037762135,0.008698351,1.173,-0.0795
-0.16,-0.11,-0.09,0.116343118,0.014234496,1.1699,0.0359,0.094215763,-0.005041616,1.1555,-0.016,0.072088408,-0.012256986,1.1606,0.0694
-0.25,-0.16,-0.11,0.138470474,0.018580876,1.1887,0.0224,0.116343118,0.014234496,1.1699,0.0359,0.094215763,-0.005041616,1.1555,-0.016
-0.32,-0.25,-0.16,0.074039263,-0.048732728,1.1394,-0.006,0.138470474,0.018580876,1.1887,0.0224,0.116343118,0.014234496,1.1699,0.0359
-0.37,-0.32,-0.25,0.009608052,-0.071412113,1.0672,-0.028,0.074039263,-0.048732728,1.1394,-0.006,0.138470474,0.018580876,1.1887,0.0224
-0.36,-0.37,-0.32,-0.054823158,-0.092159382,0.9741,-0.0421,0.009608052,-0.071412113,1.0672,-0.028,0.074039263,-0.048732728,1.1394,-0.006
-0.32,-0.36,-0.37,0.079097737,-0.104933416,0.8682,0.0538,-0.054823158,-0.092159382,0.9741,-0.0421,0.009608052,-0.071412113,1.0672,-0.028
-0.26,-0.32,-0.36,0.213018632,-0.076664037,0.7909,0.0294,0.079097737,-0.104933416,0.8682,0.0538,-0.054823158,-0.092159382,0.9741,-0.0421
-0.16,-0.26,-0.32,0.346939528,-0.02758566,0.7631,-0.0459,0.213018632,-0.076664037,0.7909,0.0294,0.079097737,-0.104933416,0.8682,0.0538
-0.07,-0.16,-0.26,0.225246486,0.065577904,0.8292,-0.0501,0.346939528,-0.02758566,0.7631,-0.0459,0.213018632,-0.076664037,0.7909,0.0294
0,-0.07,-0.16,0.103553443,0.078418741,0.9083,-0.0226,0.225246486,0.065577904,0.8292,-0.0501,0.346939528,-0.02758566,0.7631,-0.0459
0.02,0,-0.07,-0.018139599,0.014665706,0.9231,-0.0274,0.103553443,0.078418741,0.9083,-0.0226,0.225246486,0.065577904,0.8292,-0.0501
0.02,0.02,0,0.125981456,-0.030126482,0.8927,-0.066,-0.018139599,0.014665706,0.9231,-0.0274,0.103553443,0.078418741,0.9083,-0.0226
0,0.02,0.02,0.270102511,-0.092814886,0.7991,0.0259,0.125981456,-0.030126482,0.8927,-0.066,-0.018139599,0.014665706,0.9231,-0.0274
-0.02,0,0.02,0.414223566,-0.12656929,0.6716,-0.0545,0.270102511,-0.092814886,0.7991,0.0259,0.125981456,-0.030126482,0.8927,-0.066
-0.04,-0.02,0,0.151341597,-0.149707323,0.521,0.0441,0.414223566,-0.12656929,0.6716,-0.0545,0.270102511,-0.092814886,0.7991,0.0259
-0.02,-0.04,-0.02,-0.111540372,-0.021589859,0.4993,-0.1445,0.151341597,-0.149707323,0.521,0.0441,0.414223566,-0.12656929,0.6716,-0.0545
0.05,-0.02,-0.04,-0.37442234,0.071815503,0.5715,0.0744,-0.111540372,-0.021589859,0.4993,-0.1445,0.151341597,-0.149707323,0.521,0.0441
0.17,0.05,-0.02,0.205145957,0.139901992,0.7123,0.0471,-0.37442234,0.071815503,0.5715,0.0744,-0.111540372,-0.021589859,0.4993,-0.1445
0.27,0.17,0.05,0.784714254,0.100830571,0.8139,-0.0572,0.205145957,0.139901992,0.7123,0.0471,-0.37442234,0.071815503,0.5715,0.0744
0.37,0.27,0.17,1.364282551,-0.069458987,0.7439,0.0477,0.784714254,0.100830571,0.8139,-0.0572,0.205145957,0.139901992,0.7123,0.0471
0.46,0.37,0.27,-3.150784893,-0.480187505,0.2613,0.0363,1.364282551,-0.069458987,0.7439,0.0477,0.784714254,0.100830571,0.8139,-0.0572
-3.19,0.46,0.37,-7.665852337,-1.037214284,-0.77325,-0.119,-3.150784893,-0.480187505,0.2613,0.0363,1.364282551,-0.069458987,0.7439,0.0477
-8.92,-3.19,0.46,-12.18091978,-1.118573956,-1.87699,-0.2776,-7.665852337,-1.037214284,-0.77325,-0.119,-3.150784893,-0.480187505,0.2613,0.0363
2.57,-8.92,-3.19,-4.513917708,-0.347903245,-2.21777,0.0373,-12.18091978,-1.118573956,-1.87699,-0.2776,-7.665852337,-1.037214284,-0.77325,-0.119
5.52,2.57,-8.92,3.153084365,0.208950431,-2.01324,0.0858,-4.513917708,-0.347903245,-2.21777,0.0373,-12.18091978,-1.118573956,-1.87699,-0.2776
4.28,5.52,2.57,10.82008644,0.278292913,-1.74017,0.2121,3.153084365,0.208950431,-2.01324,0.0858,-4.513917708,-0.347903245,-2.21777,0.0373
-0.05,4.28,5.52,6.741894018,0.252744072,-1.49151,-0.0991,10.82008644,0.278292913,-1.74017,0.2121,3.153084365,0.208950431,-2.01324,0.0858
-0.83,-0.05,4.28,2.663701598,0.213854239,-1.28062,0.0623,6.741894018,0.252744072,-1.49151,-0.0991,10.82008644,0.278292913,-1.74017,0.2121
-0.45,-0.83,-0.05,-1.414490822,0.079749892,-1.20186,0.1709,2.663701598,0.213854239,-1.28062,0.0623,6.741894018,0.252744072,-1.49151,-0.0991
0,-0.45,-0.83,-1.260078891,0.011952952,-1.19005,-0.1662,-1.414490822,0.079749892,-1.20186,0.1709,2.663701598,0.213854239,-1.28062,0.0623
1.05,0,-0.45,-1.10566696,0.114902141,-1.07645,0.0862,-1.260078891,0.011952952,-1.19005,-0.1662,-1.414490822,0.079749892,-1.20186,0.1709
-0.36,1.05,0,-0.951255028,0.140292785,-0.93757,-0.1321,-1.10566696,0.114902141,-1.07645,0.0862,-1.260078891,0.011952952,-1.19005,-0.1662
0.83,-0.36,1.05,0.593480717,0.278214713,-0.66158,0.1094,-0.951255028,0.140292785,-0.93757,-0.1321,-1.10566696,0.114902141,-1.07645,0.0862
1.05,0.83,-0.36,2.138216463,0.408913637,-0.25454,0.2077,0.593480717,0.278214713,-0.66158,0.1094,-0.951255028,0.140292785,-0.93757,-0.1321
0.67,1.05,0.83,3.682952208,0.324040572,0.0692,-0.0009,2.138216463,0.408913637,-0.25454,0.2077,0.593480717,0.278214713,-0.66158,0.1094
0.48,0.67,1.05,2.416045482,0.245528218,0.3152,0.0971,3.682952208,0.324040572,0.0692,-0.0009,2.138216463,0.408913637,-0.25454,0.2077
0.34,0.48,0.67,1.149138756,0.151208652,0.467,0.0192,2.416045482,0.245528218,0.3152,0.0971,3.682952208,0.324040572,0.0692,-0.0009
0.14,0.34,0.48,-0.11776797,-0.099784009,0.3668,0.052,1.149138756,0.151208652,0.467,0.0192,2.416045482,0.245528218,0.3152,0.0971
-0.04,0.14,0.34,0.155303237,-0.238610269,0.1276,-0.0622,-0.11776797,-0.099784009,0.3668,0.052,1.149138756,0.151208652,0.467,0.0192
-0.17,-0.04,0.14,0.428374443,-0.163875269,-0.03635,0.0122,0.155303237,-0.238610269,0.1276,-0.0622,-0.11776797,-0.099784009,0.3668,0.052
-0.26,-0.17,-0.04,0.70144565,-0.183164162,-0.21928,0.0275,0.428374443,-0.163875269,-0.03635,0.0122,0.155303237,-0.238610269,0.1276,-0.0622
-0.36,-0.26,-0.17,0.521264144,-0.227326105,-0.44585,0.0438,0.70144565,-0.183164162,-0.21928,0.0275,0.428374443,-0.163875269,-0.03635,0.0122
-0.51,-0.36,-0.26,0.341082638,-0.240439536,-0.68493,-0.0171,0.521264144,-0.227326105,-0.44585,0.0438,0.70144565,-0.183164162,-0.21928,0.0275
-0.7,-0.51,-0.36,0.160901132,-0.335041599,-1.01712,-0.0253,0.341082638,-0.240439536,-0.68493,-0.0171,0.521264144,-0.227326105,-0.44585,0.0438
-0.87,-0.7,-0.51,0.143692079,-0.464551459,-1.47588,-0.0239,0.160901132,-0.335041599,-1.01712,-0.0253,0.341082638,-0.240439536,-0.68493,-0.0171
-0.92,-0.87,-0.7,0.126483027,-0.546279848,-2.01263,-0.0024,0.143692079,-0.464551459,-1.47588,-0.0239,0.160901132,-0.335041599,-1.01712,-0.0253
-0.84,-0.92,-0.87,0.109273974,-0.397267733,-2.40113,-0.0842,0.126483027,-0.546279848,-2.01263,-0.0024,0.143692079,-0.464551459,-1.47588,-0.0239
-0.71,-0.84,-0.92,0.07119848,-0.376614294,-2.76801,0.0871,0.109273974,-0.397267733,-2.40113,-0.0842,0.126483027,-0.546279848,-2.01263,-0.0024
-0.56,-0.71,-0.84,0.033122985,-0.378667784,-3.1355,-0.0941,0.07119848,-0.376614294,-2.76801,0.0871,0.109273974,-0.397267733,-2.40113,-0.0842
-0.41,-0.56,-0.71,-0.004952509,-0.207101247,-3.3359,-0.0314,0.033122985,-0.378667784,-3.1355,-0.0941,0.07119848,-0.376614294,-2.76801,0.0871
-0.29,-0.41,-0.56,0.043115142,0.004551741,-3.3315,-0.1222,-0.004952509,-0.207101247,-3.3359,-0.0314,0.033122985,-0.378667784,-3.1355,-0.0941
-0.15,-0.29,-0.41,0.091182794,0.019952803,-3.31221,-0.0344,0.043115142,0.004551741,-3.3315,-0.1222,-0.004952509,-0.207101247,-3.3359,-0.0314
0.03,-0.15,-0.29,0.139250445,0.099301384,-3.21615,0.1075,0.091182794,0.019952803,-3.31221,-0.0344,0.043115142,0.004551741,-3.3315,-0.1222
0.21,0.03,-0.15,0.099004595,0.186035599,-3.03593,-0.073,0.139250445,0.099301384,-3.21615,0.1075,0.091182794,0.019952803,-3.31221,-0.0344
0.33,0.21,0.03,0.058758745,0.278642622,-2.76537,-0.017,0.099004595,0.186035599,-3.03593,-0.073,0.139250445,0.099301384,-3.21615,0.1075
0.43,0.33,0.21,0.018512895,0.311717241,-2.4618,0.0413,0.058758745,0.278642622,-2.76537,-0.017,0.099004595,0.186035599,-3.03593,-0.073
0.48,0.43,0.33,0.011613031,0.254100287,-2.21364,-0.0539,0.018512895,0.311717241,-2.4618,0.0413,0.058758745,0.278642622,-2.76537,-0.017
0.46,0.48,0.43,0.004713168,0.174360994,-2.04299,0.0177,0.011613031,0.254100287,-2.21364,-0.0539,0.018512895,0.311717241,-2.4618,0.0413
0.44,0.46,0.48,-0.002186696,0.213895623,-1.83324,-0.0443,0.004713168,0.174360994,-2.04299,0.0177,0.011613031,0.254100287,-2.21364,-0.0539
0.41,0.44,0.46,-0.004166494,0.190931181,-1.64563,-0.0162,-0.002186696,0.213895623,-1.83324,-0.0443,0.004713168,0.174360994,-2.04299,0.0177
0.36,0.41,0.44,-0.006146291,0.178520975,-1.46989,0.0192,-0.004166494,0.190931181,-1.64563,-0.0162,-0.002186696,0.213895623,-1.83324,-0.0443
0.3,0.36,0.41,-0.008126089,0.0793047,-1.39172,0.1053,-0.006146291,0.178520975,-1.46989,0.0192,-0.004166494,0.190931181,-1.64563,-0.0162
0.3,0.3,0.36,-0.066822186,-0.103797675,-1.49402,-0.0989,-0.008126089,0.0793047,-1.39172,0.1053,-0.006146291,0.178520975,-1.46989,0.0192
0.26,0.3,0.3,-0.125518283,-0.16397213,-1.65541,0.0023,-0.066822186,-0.103797675,-1.49402,-0.0989,-0.008126089,0.0793047,-1.39172,0.1053
0.23,0.26,0.3,-0.18421438,-0.104167741,-1.7578,0.0808,-0.125518283,-0.16397213,-1.65541,0.0023,-0.066822186,-0.103797675,-1.49402,-0.0989
0.2,0.23,0.26,0.021571878,0.109943184,-1.64973,-0.1196,-0.18421438,-0.104167741,-1.7578,0.0808,-0.125518283,-0.16397213,-1.65541,0.0023
0.19,0.2,0.23,0.227358137,0.327636669,-1.32697,0.0463,0.021571878,0.109943184,-1.64973,-0.1196,-0.18421438,-0.104167741,-1.7578,0.0808
0.18,0.19,0.2,0.433144396,0.34575761,-0.98521,-0.042,0.227358137,0.327636669,-1.32697,0.0463,0.021571878,0.109943184,-1.64973,-0.1196
0.16,0.18,0.19,0.339355763,0.188158371,-0.79873,0.0194,0.433144396,0.34575761,-0.98521,-0.042,0.227358137,0.327636669,-1.32697,0.0463
0.14,0.16,0.18,0.245567131,0.061311061,-0.73789,0.0177,0.339355763,0.188158371,-0.79873,0.0194,0.433144396,0.34575761,-0.98521,-0.042
0.16,0.14,0.16,0.151778498,-0.072904326,-0.81023,0.0524,0.245567131,0.061311061,-0.73789,0.0177,0.339355763,0.188158371,-0.79873,0.0194
0.2,0.16,0.14,0.091488245,-0.140263988,-0.94926,-0.1096,0.151778498,-0.072904326,-0.81023,0.0524,0.245567131,0.061311061,-0.73789,0.0177
0.2,0.2,0.16,0.031197991,-0.079728302,-1.0282,0.0693,0.091488245,-0.140263988,-0.94926,-0.1096,0.151778498,-0.072904326,-0.81023,0.0524
0.15,0.2,0.2,-0.029092262,-0.019947065,-1.04794,0.0285,0.031197991,-0.079728302,-1.0282,0.0693,0.091488245,-0.140263988,-0.94926,-0.1096
0.04,0.15,0.2,-0.023924926,0.036647397,-1.01167,-0.0488,-0.029092262,-0.019947065,-1.04794,0.0285,0.031197991,-0.079728302,-1.0282,0.0693
-0.06,0.04,0.15,-0.01875759,0.071881625,-0.94049,-0.0678,-0.023924926,0.036647397,-1.01167,-0.0488,-0.029092262,-0.019947065,-1.04794,0.0285
-0.1,-0.06,0.04,-0.013590254,0.068188269,-0.87292,0.0675,-0.01875759,0.071881625,-0.94049,-0.0678,-0.023924926,0.036647397,-1.01167,-0.0488
-0.09,-0.1,-0.06,0.097155154,0.004478999,-0.86848,0.0304,-0.013590254,0.068188269,-0.87292,0.0675,-0.01875759,0.071881625,-0.94049,-0.0678
-0.05,-0.09,-0.1,0.207900561,-0.069406655,-0.93726,-0.2036,0.097155154,0.004478999,-0.86848,0.0304,-0.013590254,0.068188269,-0.87292,0.0675