CLI,CLI_t-1,CLI_t-2,y1,y2,y3,y4,y5,y6,y1_t-1,y2_t-1,y3_t-1,y4_t-1,y5_t-1,y6_t-1,y1_t-2,y2_t-2,y3_t-2,y4_t-2,y5_t-2,y6_t-2
0.03,-0.01,-0.03,0.014680836,0.013407707,1.441,-0.94196,-0.0366,0.087933022,-0.019562097,0.056312277,1.4274,-0.14425,0.0755,0.055787133,-0.031109834,0.116966524,1.3703,-9.9476E-14,-0.0973,0.006636931
0.07,0.03,-0.01,0.064742335,-0.003548924,1.4374,-1.20009,-0.0364,0.03105864,0.014680836,0.013407707,1.441,-0.94196,-0.0366,0.087933022,-0.019562097,0.056312277,1.4274,-0.14425,0.0755,0.055787133
0.05,0.07,0.03,0.05635061,-0.011140496,1.4261,-0.30965,0.0147,-0.038848585,0.064742335,-0.003548924,1.4374,-1.20009,-0.0364,0.03105864,0.014680836,0.013407707,1.441,-0.94196,-0.0366,0.087933022
0.04,0.05,0.07,0.039492604,0.005521109,1.4317,-0.44413,-0.0338,0.003039754,0.05635061,-0.011140496,1.4261,-0.30965,0.0147,-0.038848585,0.064742335,-0.003548924,1.4374,-1.20009,-0.0364,0.03105864
0.04,0.04,0.05,0.041501331,-0.033427091,1.3978,0.21513,-0.0003,-0.009048801,0.039492604,0.005521109,1.4317,-0.44413,-0.0338,0.003039754,0.05635061,-0.011140496,1.4261,-0.30965,0.0147,-0.038848585
0.04,0.04,0.04,0.041119503,-0.054651225,1.3424,-0.1437,0.0095,-0.006739676,0.041501331,-0.033427091,1.3978,0.21513,-0.0003,-0.009048801,0.039492604,0.005521109,1.4317,-0.44413,-0.0338,0.003039754
0.07,0.04,0.04,0.065892144,-0.042241984,1.2996,0.29457,0.0294,0.024348294,0.041119503,-0.054651225,1.3424,-0.1437,0.0095,-0.006739676,0.041501331,-0.033427091,1.3978,0.21513,-0.0003,-0.009048801
0.14,0.07,0.04,0.143247595,-0.01036583,1.2891,0.97548,0.0341,-0.019677913,0.065892144,-0.042241984,1.2996,0.29457,0.0294,0.024348294,0.041119503,-0.054651225,1.3424,-0.1437,0.0095,-0.006739676
0.25,0.14,0.07,0.245444756,-0.067453495,1.2208,0.08169,0.0295,0.026964629,0.143247595,-0.01036583,1.2891,0.97548,0.0341,-0.019677913,0.065892144,-0.042241984,1.2996,0.29457,0.0294,0.024348294
0.35,0.25,0.14,0.349788321,-0.069377395,1.1506,0.15812,-0.0016,0.001269271,0.245444756,-0.067453495,1.2208,0.08169,0.0295,0.026964629,0.143247595,-0.01036583,1.2891,0.97548,0.0341,-0.019677913
0.47,0.35,0.25,0.457351893,-0.013347327,1.1371,-0.30336,-0.0141,0.073146963,0.349788321,-0.069377395,1.1506,0.15812,-0.0016,0.001269271,0.245444756,-0.067453495,1.2208,0.08169,0.0295,0.026964629
0.4,0.47,0.35,0.385830815,0.032425967,1.1699,-0.20866,0.0857,0.081593911,0.457351893,-0.013347327,1.1371,-0.30336,-0.0141,0.073146963,0.349788321,-0.069377395,1.1506,0.15812,-0.0016,0.001269271
0.42,0.4,0.47,0.411835563,0.052472198,1.223,-0.87799,0.0136,0.047824579,0.385830815,0.032425967,1.1699,-0.20866,0.0857,0.081593911,0.457351893,-0.013347327,1.1371,-0.30336,-0.0141,0.073146963
0.41,0.42,0.4,0.412879976,0.057677761,1.2814,-0.18323,-0.0132,-0.017430898,0.411835563,0.052472198,1.223,-0.87799,0.0136,0.047824579,0.385830815,0.032425967,1.1699,-0.20866,0.0857,0.081593911
0.34,0.41,0.42,0.325069069,0.032281073,1.3141,-0.96305,0.0513,0.085797427,0.412879976,0.057677761,1.2814,-0.18323,-0.0132,-0.017430898,0.411835563,0.052472198,1.223,-0.87799,0.0136,0.047824579
0.2,0.34,0.41,0.190917812,0.050523143,1.3653,0.06816,0.0094,0.053060203,0.325069069,0.032281073,1.3141,-0.96305,0.0513,0.085797427,0.412879976,0.057677761,1.2814,-0.18323,-0.0132,-0.017430898
0.03,0.2,0.34,0.022576285,0.064892673,1.4311,0.31188,-0.0205,0.043578792,0.190917812,0.050523143,1.3653,0.06816,0.0094,0.053060203,0.325069069,0.032281073,1.3141,-0.96305,0.0513,0.085797427
-0.13,0.03,0.2,-0.122232082,0.033219006,1.4648,0.85174,0.0561,-0.047728613,0.022576285,0.064892673,1.4311,0.31188,-0.0205,0.043578792,0.190917812,0.050523143,1.3653,0.06816,0.0094,0.053060203
-0.25,-0.13,0.03,-0.253287717,-0.033711952,1.4306,0.09632,-0.0372,0.019534257,-0.122232082,0.033219006,1.4648,0.85174,0.0561,-0.047728613,0.022576285,0.064892673,1.4311,0.31188,-0.0205,0.043578792
-0.32,-0.25,-0.13,-0.304808632,-0.117193062,1.3118,-0.16832,0.0477,-0.095573244,-0.253287717,-0.033711952,1.4306,0.09632,-0.0372,0.019534257,-0.122232082,0.033219006,1.4648,0.85174,0.0561,-0.047728613
-0.34,-0.32,-0.25,-0.304603649,-0.1127849,1.1976,-1.02919,0.0262,-0.238737137,-0.304808632,-0.117193062,1.3118,-0.16832,0.0477,-0.095573244,-0.253287717,-0.033711952,1.4306,0.09632,-0.0372,0.019534257
-0.32,-0.34,-0.32,-0.322812132,0.041790677,1.2399,-1.02568,-0.0316,0.016732027,-0.304603649,-0.1127849,1.1976,-1.02919,0.0262,-0.238737137,-0.304808632,-0.117193062,1.3118,-0.16832,0.0477,-0.095573244
-0.24,-0.32,-0.34,-0.249200079,0.125267345,1.3668,0.91408,0.0024,0.053730774,-0.322812132,0.041790677,1.2399,-1.02568,-0.0316,0.016732027,-0.304603649,-0.1127849,1.1976,-1.02919,0.0262,-0.238737137
-0.16,-0.24,-0.32,-0.158040743,0.114370462,1.4828,0.40104,0.0061,-0.011825187,-0.249200079,0.125267345,1.3668,0.91408,0.0024,0.053730774,-0.322812132,0.041790677,1.2399,-1.02568,-0.0316,0.016732027
-0.07,-0.16,-0.24,-0.075817105,0.079390803,1.5634,-0.37491,-0.013,0.034307346,-0.158040743,0.114370462,1.4828,0.40104,0.0061,-0.011825187,-0.249200079,0.125267345,1.3668,0.91408,0.0024,0.053730774
0.01,-0.07,-0.16,0.011932362,0.03071501,1.5946,-0.53878,-0.0301,-0.011661911,-0.075817105,0.079390803,1.5634,-0.37491,-0.013,0.034307346,-0.158040743,0.114370462,1.4828,0.40104,0.0061,-0.011825187
0.04,0.01,-0.07,0.040372832,0.035527073,1.6307,-0.3075,0.0412,-0.002239497,0.011932362,0.03071501,1.5946,-0.53878,-0.0301,-0.011661911,-0.075817105,0.079390803,1.5634,-0.37491,-0.013,0.034307346
0,0.04,0.01,-0.006047498,0.03010448,1.6613,0.90838,-0.0374,0.035642191,0.040372832,0.035527073,1.6307,-0.3075,0.0412,-0.002239497,0.011932362,0.03071501,1.5946,-0.53878,-0.0301,-0.011661911
-0.06,0,0.04,-0.060799652,0.045139735,1.7072,1.59852,0.0094,0.004786435,-0.006047498,0.03010448,1.6613,0.90838,-0.0374,0.035642191,0.040372832,0.035527073,1.6307,-0.3075,0.0412,-0.002239497
-0.1,-0.06,0,-0.097680957,0.084226008,1.7929,0.87063,0.0159,-0.01401197,-0.060799652,0.045139735,1.7072,1.59852,0.0094,0.004786435,-0.006047498,0.03010448,1.6613,0.90838,-0.0374,0.035642191
-0.16,-0.1,-0.06,-0.154864861,0.045866942,1.8396,0.74605,-0.0037,-0.031295469,-0.097680957,0.084226008,1.7929,0.87063,0.0159,-0.01401197,-0.060799652,0.045139735,1.7072,1.59852,0.0094,0.004786435
-0.17,-0.16,-0.1,-0.176486464,-0.013551639,1.8258,-0.14644,-0.0121,0.03818054,-0.154864861,0.045866942,1.8396,0.74605,-0.0037,-0.031295469,-0.097680957,0.084226008,1.7929,0.87063,0.0159,-0.01401197
-0.13,-0.17,-0.16,-0.127751865,-0.038013309,1.7871,0.27428,-0.017,-0.013580613,-0.176486464,-0.013551639,1.8258,-0.14644,-0.0121,0.03818054,-0.154864861,0.045866942,1.8396,0.74605,-0.0037,-0.031295469
-0.09,-0.13,-0.17,-0.085569634,-0.042647109,1.7437,0.83949,0.0151,-0.026941891,-0.127751865,-0.038013309,1.7871,0.27428,-0.017,-0.013580613,-0.176486464,-0.013551639,1.8258,-0.14644,-0.0121,0.03818054
-0.02,-0.09,-0.13,-0.031493246,-0.025361051,1.7179,0.00355,-0.0712,0.066685725,-0.085569634,-0.042647109,1.7437,0.83949,0.0151,-0.026941891,-0.127751865,-0.038013309,1.7871,0.27428,-0.017,-0.013580613
0.01,-0.02,-0.09,-0.00351686,-0.110661209,1.6054,-0.09716,-0.0135,0.077980113,-0.031493246,-0.025361051,1.7179,0.00355,-0.0712,0.066685725,-0.085569634,-0.042647109,1.7437,0.83949,0.0151,-0.026941891
0.02,0.01,-0.02,0.017648263,-0.171298954,1.4315,-0.00156,-0.0196,0.014011796,-0.00351686,-0.110661209,1.6054,-0.09716,-0.0135,0.077980113,-0.031493246,-0.025361051,1.7179,0.00355,-0.0712,0.066685725
0.03,0.02,0.01,0.030676112,-0.157471491,1.2719,0.12109,-0.0403,-0.004064923,0.017648263,-0.171298954,1.4315,-0.00156,-0.0196,0.014011796,-0.00351686,-0.110661209,1.6054,-0.09716,-0.0135,0.077980113
0.02,0.03,0.02,0.014274762,-0.083374746,1.1875,0.03856,-0.0022,0.033774593,0.030676112,-0.157471491,1.2719,0.12109,-0.0403,-0.004064923,0.017648263,-0.171298954,1.4315,-0.00156,-0.0196,0.014011796
-0.05,0.02,0.03,-0.050839049,0.003755334,1.1913,0.96038,-0.0143,0.005021664,0.014274762,-0.083374746,1.1875,0.03856,-0.0022,0.033774593,0.030676112,-0.157471491,1.2719,0.12109,-0.0403,-0.004064923
-0.1,-0.05,0.02,-0.107722506,0.075077081,1.2673,-0.21936,0.0293,0.045293616,-0.050839049,0.003755334,1.1913,0.96038,-0.0143,0.005021664,0.014274762,-0.083374746,1.1875,0.03856,-0.0022,0.033774593
-0.15,-0.1,-0.05,-0.157946527,0.096924099,1.3655,-0.06745,-0.0241,0.046577397,-0.107722506,0.075077081,1.2673,-0.21936,0.0293,0.045293616,-0.050839049,0.003755334,1.1913,0.96038,-0.0143,0.005021664
-0.2,-0.15,-0.1,-0.201594245,0.108459346,1.4755,0.17645,-0.0437,0.009520011,-0.157946527,0.096924099,1.3655,-0.06745,-0.0241,0.046577397,-0.107722506,0.075077081,1.2673,-0.21936,0.0293,0.045293616
-0.22,-0.2,-0.15,-0.207697944,-0.003547717,1.4719,0.99601,0.0115,-0.076678404,-0.201594245,0.108459346,1.4755,0.17645,-0.0437,0.009520011,-0.157946527,0.096924099,1.3655,-0.06745,-0.0241,0.046577397
-0.16,-0.22,-0.2,-0.160340069,-0.049286869,1.4219,0.08594,-0.0368,0.002038335,-0.207697944,-0.003547717,1.4719,0.99601,0.0115,-0.076678404,-0.201594245,0.108459346,1.4755,0.17645,-0.0437,0.009520011
-0.13,-0.16,-0.22,-0.141561876,-0.025244283,1.3963,-0.00233,0.015,0.067070862,-0.160340069,-0.049286869,1.4219,0.08594,-0.0368,0.002038335,-0.207697944,-0.003547717,1.4719,0.99601,0.0115,-0.076678404
-0.11,-0.13,-0.16,-0.110657137,-0.018148265,1.3779,0.04658,-0.0181,0.003935071,-0.141561876,-0.025244283,1.3963,-0.00233,0.015,0.067070862,-0.160340069,-0.049286869,1.4219,0.08594,-0.0368,0.002038335
-0.09,-0.11,-0.13,-0.085012587,-0.066308616,1.3107,-0.04915,-0.0198,-0.030381353,-0.110657137,-0.018148265,1.3779,0.04658,-0.0181,0.003935071,-0.141561876,-0.025244283,1.3963,-0.00233,0.015,0.067070862
-0.03,-0.09,-0.11,-0.026483951,-0.062105517,1.2478,0.16754,-0.0394,-0.021322,-0.085012587,-0.066308616,1.3107,-0.04915,-0.0198,-0.030381353,-0.110657137,-0.018148265,1.3779,0.04658,-0.0181,0.003935071
0.03,-0.03,-0.09,0.034239465,-0.033389015,1.214,-0.05932,0.046,-0.025765896,-0.026483951,-0.062105517,1.2478,0.16754,-0.0394,-0.021322,-0.085012587,-0.066308616,1.3107,-0.04915,-0.0198,-0.030381353
0.05,0.03,-0.03,0.04701589,-0.084707948,1.1283,-0.06315,-0.0189,0.01774626,0.034239465,-0.033389015,1.214,-0.05932,0.046,-0.025765896,-0.026483951,-0.062105517,1.2478,0.16754,-0.0394,-0.021322
0.01,0.05,0.03,-0.000939644,-0.123285789,1.0037,-0.18127,0.0055,0.063573554,0.04701589,-0.084707948,1.1283,-0.06315,-0.0189,0.01774626,0.034239465,-0.033389015,1.214,-0.05932,0.046,-0.025765896
-0.06,0.01,0.05,-0.058943214,-0.21834903,0.7834,-0.02722,-0.0407,-0.006360905,-0.000939644,-0.123285789,1.0037,-0.18127,0.0055,0.063573554,0.04701589,-0.084707948,1.1283,-0.06315,-0.0189,0.01774626
-0.13,-0.06,0.01,-0.118226296,-0.393496588,0.3876,0.03084,-0.0175,-0.073261493,-0.058943214,-0.21834903,0.7834,-0.02722,-0.0407,-0.006360905,-0.000939644,-0.123285789,1.0037,-0.18127,0.0055,0.063573554
-0.17,-0.13,-0.06,-0.16134156,-0.432371126,-0.04551,-0.06547,-0.0338,-0.053348713,-0.118226296,-0.393496588,0.3876,0.03084,-0.0175,-0.073261493,-0.058943214,-0.21834903,0.7834,-0.02722,-0.0407,-0.006360905
-0.18,-0.17,-0.13,-0.180870688,-0.283269563,-0.32825,-0.88901,-0.0281,0.005210529,-0.16134156,-0.432371126,-0.04551,-0.06547,-0.0338,-0.053348713,-0.118226296,-0.393496588,0.3876,0.03084,-0.0175,-0.073261493
-0.18,-0.18,-0.17,-0.179823983,-0.068096632,-0.3961,-0.38105,-0.03,-0.001056662,-0.180870688,-0.283269563,-0.32825,-0.88901,-0.0281,0.005210529,-0.16134156,-0.432371126,-0.04551,-0.06547,-0.0338,-0.053348713
-0.13,-0.18,-0.18,-0.13593532,0.042358846,-0.3539,0.20059,-0.0383,0.034992481,-0.179823983,-0.068096632,-0.3961,-0.38105,-0.03,-0.001056662,-0.180870688,-0.283269563,-0.32825,-0.88901,-0.0281,0.005210529
-0.03,-0.13,-0.18,-0.025574472,0.091772809,-0.26241,0.12917,-0.0052,-0.026912074,-0.13593532,0.042358846,-0.3539,0.20059,-0.0383,0.034992481,-0.179823983,-0.068096632,-0.3961,-0.38105,-0.03,-0.001056662
0.11,-0.03,-0.13,0.096414064,0.256804722,-0.00595,-0.71555,-0.0995,0.078363407,-0.025574472,0.091772809,-0.26241,0.12917,-0.0052,-0.026912074,-0.13593532,0.042358846,-0.3539,0.20059,-0.0383,0.034992481
0.23,0.11,-0.03,0.217458416,0.377558856,0.3723,-0.83252,0.0408,0.072552729,0.096414064,0.256804722,-0.00595,-0.71555,-0.0995,0.078363407,-0.025574472,0.091772809,-0.26241,0.12917,-0.0052,-0.026912074
0.26,0.23,0.11,0.25562098,0.140278938,0.5132,-0.44788,0.0625,0.025934885,0.217458416,0.377558856,0.3723,-0.83252,0.0408,0.072552729,0.096414064,0.256804722,-0.00595,-0.71555,-0.0995,0.078363407
0.28,0.26,0.23,0.281382346,-0.009153446,0.504,-0.4497,-0.0656,-0.008328662,0.25562098,0.140278938,0.5132,-0.44788,0.0625,0.025934885,0.217458416,0.377558856,0.3723,-0.83252,0.0408,0.072552729
0.27,0.28,0.26,0.269878595,-0.045381624,0.4584,-0.26678,0.0387,0.000728164,0.281382346,-0.009153446,0.504,-0.4497,-0.0656,-0.008328662,0.25562098,0.140278938,0.5132,-0.44788,0.0625,0.025934885
0.26,0.27,0.28,0.257664152,-0.062632592,0.3955,-0.16868,0.0192,0.013917784,0.269878595,-0.045381624,0.4584,-0.26678,0.0387,0.000728164,0.281382346,-0.009153446,0.504,-0.4497,-0.0656,-0.008328662
0.24,0.26,0.27,0.235362812,-0.044932425,0.3504,-0.19652,0.019,0.027443101,0.257664152,-0.062632592,0.3955,-0.16868,0.0192,0.013917784,0.269878595,-0.045381624,0.4584,-0.26678,0.0387,0.000728164
0.16,0.24,0.26,0.158611683,-0.056218864,0.294,-0.59916,0.0629,0.008295399,0.235362812,-0.044932425,0.3504,-0.19652,0.019,0.027443101,0.257664152,-0.062632592,0.3955,-0.16868,0.0192,0.013917784
0.06,0.16,0.24,0.062625136,-0.184927701,0.1087,0.12415,-0.0044,-0.01587618,0.158611683,-0.056218864,0.294,-0.59916,0.0629,0.008295399,0.235362812,-0.044932425,0.3504,-0.19652,0.019,0.027443101
-0.03,0.06,0.16,-0.025106918,-0.262459204,-0.1537,0.07154,0.0267,-0.029798081,0.062625136,-0.184927701,0.1087,0.12415,-0.0044,-0.01587618,0.158611683,-0.056218864,0.294,-0.59916,0.0629,0.008295399
-0.05,-0.03,0.06,-0.043706437,-0.1904838,-0.34371,0.3186,-0.0316,-0.038492813,-0.025106918,-0.262459204,-0.1537,0.07154,0.0267,-0.029798081,0.062625136,-0.184927701,0.1087,0.12415,-0.0044,-0.01587618
-0.03,-0.05,-0.03,-0.037584276,-0.057393678,-0.40089,-0.13064,-0.0355,0.04450065,-0.043706437,-0.1904838,-0.34371,0.3186,-0.0316,-0.038492813,-0.025106918,-0.262459204,-0.1537,0.07154,0.0267,-0.029798081
0.02,-0.03,-0.05,0.01847075,0.095266704,-0.30596,-0.29742,0.004,0.009133663,-0.037584276,-0.057393678,-0.40089,-0.13064,-0.0355,0.04450065,-0.043706437,-0.1904838,-0.34371,0.3186,-0.0316,-0.038492813
0.04,0.02,-0.03,0.043150316,0.164348127,-0.14198,0.25014,0.0276,-0.019082822,0.01847075,0.095266704,-0.30596,-0.29742,0.004,0.009133663,-0.037584276,-0.057393678,-0.40089,-0.13064,-0.0355,0.04450065
0,0.04,0.02,-0.0036208,0.09641046,-0.04566,-0.01562,0.0258,0.021492181,0.043150316,0.164348127,-0.14198,0.25014,0.0276,-0.019082822,0.01847075,0.095266704,-0.30596,-0.29742,0.004,0.009133663
-0.13,0,0.04,-0.139995093,0.004772065,-0.04089,-0.54583,0.0809,0.058241132,-0.0036208,0.09641046,-0.04566,-0.01562,0.0258,0.021492181,0.043150316,0.164348127,-0.14198,0.25014,0.0276,-0.019082822
-0.27,-0.13,0,-0.263961996,-0.099780544,-0.14058,-0.05822,-0.0381,-0.036900553,-0.139995093,0.004772065,-0.04089,-0.54583,0.0809,0.058241132,-0.0036208,0.09641046,-0.04566,-0.01562,0.0258,0.021492181
-0.36,-0.27,-0.13,-0.349685255,-0.195896875,-0.33601,0.15167,-0.0508,-0.063886438,-0.263961996,-0.099780544,-0.14058,-0.05822,-0.0381,-0.036900553,-0.139995093,0.004772065,-0.04089,-0.54583,0.0809,0.058241132
-0.31,-0.36,-0.27,-0.303236695,-0.221237106,-0.55626,0.20975,-0.071,-0.041426165,-0.349685255,-0.195896875,-0.33601,0.15167,-0.0508,-0.063886438,-0.263961996,-0.099780544,-0.14058,-0.05822,-0.0381,-0.036900553
-0.19,-0.31,-0.36,-0.19770047,-0.190358951,-0.74538,-0.37491,0.0029,0.045167248,-0.303236695,-0.221237106,-0.55626,0.20975,-0.071,-0.041426165,-0.349685255,-0.195896875,-0.33601,0.15167,-0.0508,-0.063886438
-0.04,-0.19,-0.31,-0.049153002,-0.063644491,-0.80853,-1.64382,0.0593,0.053463051,-0.19770047,-0.190358951,-0.74538,-0.37491,0.0029,0.045167248,-0.303236695,-0.221237106,-0.55626,0.20975,-0.071,-0.041426165
0.1,-0.04,-0.19,0.091893859,0.129564274,-0.67993,-1.12636,-0.0499,0.047491081,-0.049153002,-0.063644491,-0.80853,-1.64382,0.0593,0.053463051,-0.19770047,-0.190358951,-0.74538,-0.37491,0.0029,0.045167248
0.18,0.1,-0.04,0.17600148,0.151908215,-0.52894,-0.03579,0.0417,0.023707857,0.091893859,0.129564274,-0.67993,-1.12636,-0.0499,0.047491081,-0.049153002,-0.063644491,-0.80853,-1.64382,0.0593,0.053463051
0.21,0.18,0.1,0.209262934,0.070206832,-0.45908,-0.24769,0.0274,0.004412645,0.17600148,0.151908215,-0.52894,-0.03579,0.0417,0.023707857,0.091893859,0.129564274,-0.67993,-1.12636,-0.0499,0.047491081
0.22,0.21,0.18,0.217020639,-0.001255773,-0.46033,-0.75277,0.0408,0.017718269,0.209262934,0.070206832,-0.45908,-0.24769,0.0274,0.004412645,0.17600148,0.151908215,-0.52894,-0.03579,0.0417,0.023707857
0.22,0.22,0.21,0.216666115,-0.008238261,-0.46853,-0.19893,0.0312,0.019805873,0.217020639,-0.001255773,-0.46033,-0.75277,0.0408,0.017718269,0.209262934,0.070206832,-0.45908,-0.24769,0.0274,0.004412645
0.2,0.22,0.22,0.203424971,-0.025733866,-0.49414,-0.00814,0.0458,-0.020763913,0.216666115,-0.008238261,-0.46853,-0.19893,0.0312,0.019805873,0.217020639,-0.001255773,-0.46033,-0.75277,0.0408,0.017718269
0.19,0.2,0.22,0.190430519,-0.112800675,-0.60632,0.02048,0.0175,-0.002586453,0.203424971,-0.025733866,-0.49414,-0.00814,0.0458,-0.020763913,0.216666115,-0.008238261,-0.46853,-0.19893,0.0312,0.019805873
0.16,0.19,0.2,0.157374974,-0.157236156,-0.76248,-0.09257,-0.0183,0.015627411,0.190430519,-0.112800675,-0.60632,0.02048,0.0175,-0.002586453,0.203424971,-0.025733866,-0.49414,-0.00814,0.0458,-0.020763913
0.16,0.16,0.19,0.161389373,-0.127008421,-0.88844,0.05185,-0.0442,-0.00837118,0.157374974,-0.157236156,-0.76248,-0.09257,-0.0183,0.015627411,0.190430519,-0.112800675,-0.60632,0.02048,0.0175,-0.002586453
0.15,0.16,0.16,0.140146094,-0.047876713,-0.93588,-0.08949,0.0721,0.05744162,0.161389373,-0.127008421,-0.88844,0.05185,-0.0442,-0.00837118,0.157374974,-0.157236156,-0.76248,-0.09257,-0.0183,0.015627411
0.11,0.15,0.16,0.109520707,0.022356756,-0.91373,0.04581,0.0263,0.002871629,0.140146094,-0.047876713,-0.93588,-0.08949,0.0721,0.05744162,0.161389373,-0.127008421,-0.88844,0.05185,-0.0442,-0.00837118
0.05,0.11,0.15,0.044650518,0.094468963,-0.82008,-0.14625,-0.0603,0.031592553,0.109520707,0.022356756,-0.91373,0.04581,0.0263,0.002871629,0.140146094,-0.047876713,-0.93588,-0.08949,0.0721,0.05744162
0,0.05,0.11,0.000723212,0.176482755,-0.64489,-0.20602,0.0434,-0.004348715,0.044650518,0.094468963,-0.82008,-0.14625,-0.0603,0.031592553,0.109520707,0.022356756,-0.91373,0.04581,0.0263,0.002871629
-0.05,0,0.05,-0.060824814,0.308606567,-0.3378,-0.22479,-0.0116,0.0629268,0.000723212,0.176482755,-0.64489,-0.20602,0.0434,-0.004348715,0.044650518,0.094468963,-0.82008,-0.14625,-0.0603,0.031592553
-0.09,-0.05,0,-0.095915352,0.320620257,-0.01775,0.06064,0.027,0.034876784,-0.060824814,0.308606567,-0.3378,-0.22479,-0.0116,0.0629268,0.000723212,0.176482755,-0.64489,-0.20602,0.0434,-0.004348715
-0.15,-0.09,-0.05,-0.148305315,0.218549841,0.201,-0.18017,0.0277,-0.01022016,-0.095915352,0.320620257,-0.01775,0.06064,0.027,0.034876784,-0.060824814,0.308606567,-0.3378,-0.22479,-0.0116,0.0629268
-0.18,-0.15,-0.09,-0.170662526,0.146996228,0.3484,-0.0357,-0.0218,-0.05765543,-0.148305315,0.218549841,0.201,-0.18017,0.0277,-0.01022016,-0.095915352,0.320620257,-0.01775,0.06064,0.027,0.034876784
-0.17,-0.18,-0.15,-0.166091814,0.153944688,0.503,0.06223,-0.0208,-0.023728419,-0.170662526,0.146996228,0.3484,-0.0357,-0.0218,-0.05765543,-0.148305315,0.218549841,0.201,-0.18017,0.0277,-0.01022016
-0.12,-0.17,-0.18,-0.117779857,0.155893666,0.6598,-0.06254,0.0575,-0.01341038,-0.166091814,0.153944688,0.503,0.06223,-0.0208,-0.023728419,-0.170662526,0.146996228,0.3484,-0.0357,-0.0218,-0.05765543
-0.07,-0.12,-0.17,-0.064125331,0.128072389,0.7888,-0.03941,0.0214,-0.03588422,-0.117779857,0.155893666,0.6598,-0.06254,0.0575,-0.01341038,-0.166091814,0.153944688,0.503,0.06223,-0.0208,-0.023728419
-0.05,-0.07,-0.12,-0.053144264,0.091436602,0.881,0.07851,-0.0377,0.018689834,-0.064125331,0.128072389,0.7888,-0.03941,0.0214,-0.03588422,-0.117779857,0.155893666,0.6598,-0.06254,0.0575,-0.01341038
-0.03,-0.05,-0.07,-0.037789964,0.098978567,0.9809,0.31108,0.0953,0.045680364,-0.053144264,0.091436602,0.881,0.07851,-0.0377,0.018689834,-0.064125331,0.128072389,0.7888,-0.03941,0.0214,-0.03588422
-0.07,-0.03,-0.05,-0.065797047,0.071572079,1.0532,0.19066,-0.0304,-0.025541136,-0.037789964,0.098978567,0.9809,0.31108,0.0953,0.045680364,-0.053144264,0.091436602,0.881,0.07851,-0.0377,0.018689834
-0.09,-0.07,-0.03,-0.087225725,0.02434065,1.0778,0.20659,0.0067,-0.016785747,-0.065797047,0.071572079,1.0532,0.19066,-0.0304,-0.025541136,-0.037789964,0.098978567,0.9809,0.31108,0.0953,0.045680364
-0.11,-0.09,-0.07,-0.112192912,-0.018700216,1.0589,0.15066,0.0201,0.013071666,-0.087225725,0.02434065,1.0778,0.20659,0.0067,-0.016785747,-0.065797047,0.071572079,1.0532,0.19066,-0.0304,-0.025541136
-0.11,-0.11,-0.09,-0.106747777,-0.028205353,1.0304,0.30149,0.0217,-0.019706237,-0.112192912,-0.018700216,1.0589,0.15066,0.0201,0.013071666,-0.087225725,0.02434065,1.0778,0.20659,0.0067,-0.016785747
-0.07,-0.11,-0.11,-0.070092241,-0.047323688,0.9826,0.21093,-0.0233,0.000553295,-0.106747777,-0.028205353,1.0304,0.30149,0.0217,-0.019706237,-0.112192912,-0.018700216,1.0589,0.15066,0.0201,0.013071666
-0.03,-0.07,-0.11,-0.031286745,-0.124256976,0.8572,0.16613,0.0412,0.007690817,-0.070092241,-0.047323688,0.9826,0.21093,-0.0233,0.000553295,-0.106747777,-0.028205353,1.0304,0.30149,0.0217,-0.019706237
0,-0.03,-0.07,-0.001450814,-0.136622954,0.7195,-0.07837,-0.0249,0.008667215,-0.031286745,-0.124256976,0.8572,0.16613,0.0412,0.007690817,-0.070092241,-0.047323688,0.9826,0.21093,-0.0233,0.000553295
0.03,0,-0.03,0.023495274,-0.04230463,0.6769,0.01079,-0.0374,0.038286005,-0.001450814,-0.136622954,0.7195,-0.07837,-0.0249,0.008667215,-0.031286745,-0.124256976,0.8572,0.16613,0.0412,0.007690817
0.07,0.03,0,0.065313434,0.023140665,0.7002,0.03983,0.0442,0.027731306,0.023495274,-0.04230463,0.6769,0.01079,-0.0374,0.038286005,-0.001450814,-0.136622954,0.7195,-0.07837,-0.0249,0.008667215
0.07,0.07,0.03,0.06679494,0.096576792,0.7975,-0.06132,-0.0588,0.019047794,0.065313434,0.023140665,0.7002,0.03983,0.0442,0.027731306,0.023495274,-0.04230463,0.6769,0.01079,-0.0374,0.038286005
0.06,0.07,0.07,0.056273108,0.068827223,0.8669,0.16202,-0.038,0.022115001,0.06679494,0.096576792,0.7975,-0.06132,-0.0588,0.019047794,0.065313434,0.023140665,0.7002,0.03983,0.0442,0.027731306
0.04,0.06,0.07,0.037059205,-0.021515814,0.8452,-0.00118,0.0254,0.01749091,0.056273108,0.068827223,0.8669,0.16202,-0.038,0.022115001,0.06679494,0.096576792,0.7975,-0.06132,-0.0588,0.019047794
0.01,0.04,0.06,0.007738382,-0.131972351,0.7122,-0.08029,-0.0238,0.013478466,0.037059205,-0.021515814,0.8452,-0.00118,0.0254,0.01749091,0.056273108,0.068827223,0.8669,0.16202,-0.038,0.022115001
-0.01,0.01,0.04,-0.00988344,-0.11534548,0.5961,0.02244,-0.0196,-0.000699604,0.007738382,-0.131972351,0.7122,-0.08029,-0.0238,0.013478466,0.037059205,-0.021515814,0.8452,-0.00118,0.0254,0.01749091
-0.03,-0.01,0.01,-0.032289355,-0.077866327,0.5178,-0.09695,-0.0232,0.013642643,-0.00988344,-0.11534548,0.5961,0.02244,-0.0196,-0.000699604,0.007738382,-0.131972351,0.7122,-0.08029,-0.0238,0.013478466
-0.01,-0.03,-0.01,-0.013206728,-0.024078236,0.4936,-0.17103,-0.0484,0.019057613,-0.032289355,-0.077866327,0.5178,-0.09695,-0.0232,0.013642643,-0.00988344,-0.11534548,0.5961,0.02244,-0.0196,-0.000699604
0,-0.01,-0.03,-0.00308225,0.00218917,0.4958,-0.10267,0.0464,0.018324574,-0.013206728,-0.024078236,0.4936,-0.17103,-0.0484,0.019057613,-0.032289355,-0.077866327,0.5178,-0.09695,-0.0232,0.013642643
0.02,0,-0.01,0.019040833,0.037805378,0.5338,-0.20164,-0.0085,0.005738507,-0.00308225,0.00218917,0.4958,-0.10267,0.0464,0.018324574,-0.013206728,-0.024078236,0.4936,-0.17103,-0.0484,0.019057613
0.02,0.02,0,0.02180912,0.08163075,0.6159,-0.10566,-0.008,-0.010914063,0.019040833,0.037805378,0.5338,-0.20164,-0.0085,0.005738507,-0.00308225,0.00218917,0.4958,-0.10267,0.0464,0.018324574
0.02,0.02,0.02,0.015726183,0.027824732,0.6439,-0.05536,-0.0209,0.025319636,0.02180912,0.08163075,0.6159,-0.10566,-0.008,-0.010914063,0.019040833,0.037805378,0.5338,-0.20164,-0.0085,0.005738507
-0.02,0.02,0.02,-0.018509919,-0.00685609,0.637,0.03199,-0.0255,-0.008980693,0.015726183,0.027824732,0.6439,-0.05536,-0.0209,0.025319636,0.02180912,0.08163075,0.6159,-0.10566,-0.008,-0.010914063
-0.01,-0.02,0.02,-0.008918447,0.02344787,0.6606,-0.18174,0.0341,-0.006510465,-0.018509919,-0.00685609,0.637,0.03199,-0.0255,-0.008980693,0.015726183,0.027824732,0.6439,-0.05536,-0.0209,0.025319636
-0.01,-0.01,-0.02,-0.008803295,0.03814072,0.699,-0.1131,0.0184,-0.007206132,-0.008918447,0.02344787,0.6606,-0.18174,0.0341,-0.006510465,-0.018509919,-0.00685609,0.637,0.03199,-0.0255,-0.008980693
0.03,-0.01,-0.01,0.023951262,0.041997555,0.7413,0.0148,0.0288,0.035649374,-0.008803295,0.03814072,0.699,-0.1131,0.0184,-0.007206132,-0.008918447,0.02344787,0.6606,-0.18174,0.0341,-0.006510465
0.04,0.03,-0.01,0.036297587,0.020049349,0.7615,0.02718,0.0161,0.021971331,0.023951262,0.041997555,0.7413,0.0148,0.0288,0.035649374,-0.008803295,0.03814072,0.699,-0.1131,0.0184,-0.007206132
0.05,0.04,0.03,0.046015205,0.005259807,0.7668,0.15588,0.0174,0.023627432,0.036297587,0.020049349,0.7615,0.02718,0.0161,0.021971331,0.023951262,0.041997555,0.7413,0.0148,0.0288,0.035649374
0.05,0.05,0.04,0.052132312,-0.014589202,0.7521,0.36626,0.0302,-0.012876416,0.046015205,0.005259807,0.7668,0.15588,0.0174,0.023627432,0.036297587,0.020049349,0.7615,0.02718,0.0161,0.021971331
0.05,0.05,0.05,0.047088599,-0.029085509,0.7228,0.04585,-0.0751,0.017317587,0.052132312,-0.014589202,0.7521,0.36626,0.0302,-0.012876416,0.046015205,0.005259807,0.7668,0.15588,0.0174,0.023627432
0.08,0.05,0.05,0.074832355,0.02581009,0.7488,-0.01673,0.006,0.030534901,0.047088599,-0.029085509,0.7228,0.04585,-0.0751,0.017317587,0.052132312,-0.014589202,0.7521,0.36626,0.0302,-0.012876416
0.1,0.08,0.05,0.093898217,0.083340945,0.8328,-0.12643,-0.0015,0.035956449,0.074832355,0.02581009,0.7488,-0.01673,0.006,0.030534901,0.047088599,-0.029085509,0.7228,0.04585,-0.0751,0.017317587
0.11,0.1,0.08,0.108717576,0.112499275,0.9463,0.01565,0.0389,0.007665093,0.093898217,0.083340945,0.8328,-0.12643,-0.0015,0.035956449,0.074832355,0.02581009,0.7488,-0.01673,0.006,0.030534901
0.12,0.11,0.1,0.121428034,0.144427944,1.0922,0.15024,-0.0143,-0.008605124,0.108717576,0.112499275,0.9463,0.01565,0.0389,0.007665093,0.093898217,0.083340945,0.8328,-0.12643,-0.0015,0.035956449
0.1,0.12,0.11,0.088015245,0.164861921,1.259,0.07777,-0.0287,0.069440732,0.121428034,0.144427944,1.0922,0.15024,-0.0143,-0.008605124,0.108717576,0.112499275,0.9463,0.01565,0.0389,0.007665093
0.08,0.1,0.12,0.079034453,0.150983643,1.412,0.13248,-0.0129,0.005776568,0.088015245,0.164861921,1.259,0.07777,-0.0287,0.069440732,0.121428034,0.144427944,1.0922,0.15024,-0.0143,-0.008605124
0.07,0.08,0.1,0.063065326,0.102597924,1.5161,0.37682,0.0514,0.040765716,0.079034453,0.150983643,1.412,0.13248,-0.0129,0.005776568,0.088015245,0.164861921,1.259,0.07777,-0.0287,0.069440732
0.08,0.07,0.08,0.076465328,0.025411459,1.5419,0.20205,-0.021,0.020986272,0.063065326,0.102597924,1.5161,0.37682,0.0514,0.040765716,0.079034453,0.150983643,1.412,0.13248,-0.0129,0.005776568
0.06,0.08,0.07,0.057816229,-0.012803416,1.5289,0.05338,0.0128,0.013017529,0.076465328,0.025411459,1.5419,0.20205,-0.021,0.020986272,0.063065326,0.102597924,1.5161,0.37682,0.0514,0.040765716
0.02,0.06,0.08,0.015516759,-0.053890804,1.4742,0.05928,0.0478,0.026544015,0.057816229,-0.012803416,1.5289,0.05338,0.0128,0.013017529,0.076465328,0.025411459,1.5419,0.20205,-0.021,0.020986272
-0.01,0.02,0.06,-0.000317845,-0.048694179,1.4248,0.27002,-0.0366,-0.059848661,0.015516759,-0.053890804,1.4742,0.05928,0.0478,0.026544015,0.057816229,-0.012803416,1.5289,0.05338,0.0128,0.013017529
-0.02,-0.01,0.02,-0.028298497,-0.037571834,1.3867,0.09173,0.0081,0.048591078,-0.000317845,-0.048694179,1.4248,0.27002,-0.0366,-0.059848661,0.015516759,-0.053890804,1.4742,0.05928,0.0478,0.026544015
-0.03,-0.02,-0.01,-0.035063427,0.053838722,1.4413,-0.1325,-0.0476,0.029928208,-0.028298497,-0.037571834,1.3867,0.09173,0.0081,0.048591078,-0.000317845,-0.048694179,1.4248,0.27002,-0.0366,-0.059848661
-0.04,-0.03,-0.02,-0.053161853,0.082772244,1.5253,-0.04145,0.0154,0.076007916,-0.035063427,0.053838722,1.4413,-0.1325,-0.0476,0.029928208,-0.028298497,-0.037571834,1.3867,0.09173,0.0081,0.048591078
-0.08,-0.04,-0.03,-0.086062096,0.035846706,1.5617,0.02281,-0.0275,0.035726707,-0.053161853,0.082772244,1.5253,-0.04145,0.0154,0.076007916,-0.035063427,0.053838722,1.4413,-0.1325,-0.0476,0.029928208
-0.15,-0.08,-0.04,-0.153204638,0.008368946,1.5702,-0.03143,-0.0278,0.019045308,-0.086062096,0.035846706,1.5617,0.02281,-0.0275,0.035726707,-0.053161853,0.082772244,1.5253,-0.04145,0.0154,0.076007916
-0.24,-0.15,-0.08,-0.23894596,-0.035252772,1.5344,-0.04723,-0.0552,-0.006344321,-0.153204638,0.008368946,1.5702,-0.03143,-0.0278,0.019045308,-0.086062096,0.035846706,1.5617,0.02281,-0.0275,0.035726707
-0.32,-0.24,-0.15,-0.31747671,-0.061968644,1.4715,0.22586,-0.0333,-0.015255514,-0.23894596,-0.035252772,1.5344,-0.04723,-0.0552,-0.006344321,-0.153204638,0.008368946,1.5702,-0.03143,-0.0278,0.019045308
-0.37,-0.32,-0.24,-0.374062725,-0.053033874,1.4177,0.09226,0.0013,0.02408399,-0.31747671,-0.061968644,1.4715,0.22586,-0.0333,-0.015255514,-0.23894596,-0.035252772,1.5344,-0.04723,-0.0552,-0.006344321
-0.32,-0.37,-0.32,-0.30793431,-0.06766394,1.3491,-0.07798,-0.0709,-0.075148359,-0.374062725,-0.053033874,1.4177,0.09226,0.0013,0.02408399,-0.31747671,-0.061968644,1.4715,0.22586,-0.0333,-0.015255514
-0.21,-0.32,-0.37,-0.198423662,-0.054282602,1.2941,-0.26056,-0.0006,-0.0719881,-0.30793431,-0.06766394,1.3491,-0.07798,-0.0709,-0.075148359,-0.374062725,-0.053033874,1.4177,0.09226,0.0013,0.02408399
-0.06,-0.21,-0.32,-0.056581598,0.007897483,1.3021,-0.24707,-0.0751,-0.020723673,-0.198423662,-0.054282602,1.2941,-0.26056,-0.0006,-0.0719881,-0.30793431,-0.06766394,1.3491,-0.07798,-0.0709,-0.075148359
0.13,-0.06,-0.21,0.112498794,0.105371697,1.4089,-0.24613,-0.0132,0.099851884,-0.056581598,0.007897483,1.3021,-0.24707,-0.0751,-0.020723673,-0.198423662,-0.054282602,1.2941,-0.26056,-0.0006,-0.0719881
0.28,0.13,-0.06,0.277299088,0.110383011,1.5209,-0.51414,0.0912,0.016075565,0.112498794,0.105371697,1.4089,-0.24613,-0.0132,0.099851884,-0.056581598,0.007897483,1.3021,-0.24707,-0.0751,-0.020723673
0.41,0.28,0.13,0.401512292,0.148922407,1.6722,-0.53863,-0.0245,0.049671918,0.277299088,0.110383011,1.5209,-0.51414,0.0912,0.016075565,0.112498794,0.105371697,1.4089,-0.24613,-0.0132,0.099851884
0.48,0.41,0.28,0.479025377,0.095850469,1.7697,-0.38974,0.0056,0.005830705,0.401512292,0.148922407,1.6722,-0.53863,-0.0245,0.049671918,0.277299088,0.110383011,1.5209,-0.51414,0.0912,0.016075565
0.5,0.48,0.41,0.49562557,-0.011300662,1.7582,-0.1091,0.0195,0.025908051,0.479025377,0.095850469,1.7697,-0.38974,0.0056,0.005830705,0.401512292,0.148922407,1.6722,-0.53863,-0.0245,0.049671918
0.42,0.5,0.48,0.412128952,-0.030174111,1.7275,-0.10514,0.0521,0.046145041,0.49562557,-0.011300662,1.7582,-0.1091,0.0195,0.025908051,0.479025377,0.095850469,1.7697,-0.38974,0.0056,0.005830705
0.32,0.42,0.5,0.323556021,0.016808201,1.7446,0.03102,0.1214,-0.02156703,0.412128952,-0.030174111,1.7275,-0.10514,0.0521,0.046145041,0.49562557,-0.011300662,1.7582,-0.1091,0.0195,0.025908051
0.22,0.32,0.42,0.217263905,0.04461158,1.79,-0.12761,-0.0603,0.016283278,0.323556021,0.016808201,1.7446,0.03102,0.1214,-0.02156703,0.412128952,-0.030174111,1.7275,-0.10514,0.0521,0.046145041
0.09,0.22,0.32,0.090077588,0.036931975,1.8276,-0.05426,-0.0422,-0.000465636,0.217263905,0.04461158,1.79,-0.12761,-0.0603,0.016283278,0.323556021,0.016808201,1.7446,0.03102,0.1214,-0.02156703
-0.05,0.09,0.22,-0.044500809,0.041139516,1.8695,0.08721,0.0892,-0.033551766,0.090077588,0.036931975,1.8276,-0.05426,-0.0422,-0.000465636,0.217263905,0.04461158,1.79,-0.12761,-0.0603,0.016283278
-0.18,-0.05,0.09,-0.177478278,0.064473491,1.9352,0.15661,0.0527,-0.015245965,-0.044500809,0.041139516,1.8695,0.08721,0.0892,-0.033551766,0.090077588,0.036931975,1.8276,-0.05426,-0.0422,-0.000465636
-0.24,-0.18,-0.05,-0.238753837,0.073058952,2.0097,0.61494,-0.0113,-0.00750507,-0.177478278,0.064473491,1.9352,0.15661,0.0527,-0.015245965,-0.044500809,0.041139516,1.8695,0.08721,0.0892,-0.033551766
-0.24,-0.24,-0.18,-0.251428277,0.099157075,2.1109,-0.15314,-0.0167,0.066320989,-0.238753837,0.073058952,2.0097,0.61494,-0.0113,-0.00750507,-0.177478278,0.064473491,1.9352,0.15661,0.0527,-0.015245965
-0.2,-0.24,-0.24,-0.205968434,0.104733165,2.2179,0.18281,0.0212,0.035184311,-0.251428277,0.099157075,2.1109,-0.15314,-0.0167,0.066320989,-0.238753837,0.073058952,2.0097,0.61494,-0.0113,-0.00750507
-0.16,-0.2,-0.24,-0.154385234,0.110877981,2.3313,0.08101,-0.0048,-0.034269134,-0.205968434,0.104733165,2.2179,0.18281,0.0212,0.035184311,-0.251428277,0.099157075,2.1109,-0.15314,-0.0167,0.066320989
-0.11,-0.16,-0.2,-0.101916961,0.008892289,2.3404,0.10149,-0.0241,-0.049713738,-0.154385234,0.110877981,2.3313,0.08101,-0.0048,-0.034269134,-0.205968434,0.104733165,2.2179,0.18281,0.0212,0.035184311
-0.08,-0.11,-0.16,-0.089790381,-0.049259544,2.29,-0.00943,-0.0102,0.057081679,-0.101916961,0.008892289,2.3404,0.10149,-0.0241,-0.049713738,-0.154385234,0.110877981,2.3313,0.08101,-0.0048,-0.034269134
-0.08,-0.08,-0.11,-0.073989864,-0.019945287,2.2696,0.06809,-0.048,-0.036727074,-0.089790381,-0.049259544,2.29,-0.00943,-0.0102,0.057081679,-0.101916961,0.008892289,2.3404,0.10149,-0.0241,-0.049713738
-0.06,-0.08,-0.08,-0.057622743,-0.008116133,2.2613,0.00709,0.0115,-0.014366244,-0.073989864,-0.019945287,2.2696,0.06809,-0.048,-0.036727074,-0.089790381,-0.049259544,2.29,-0.00943,-0.0102,0.057081679
-0.06,-0.06,-0.08,-0.066420384,-0.031492921,2.2291,-0.07674,-0.0308,0.037798839,-0.057622743,-0.008116133,2.2613,0.00709,0.0115,-0.014366244,-0.073989864,-0.019945287,2.2696,0.06809,-0.048,-0.036727074
-0.04,-0.06,-0.06,-0.039438419,-0.006162819,2.2228,-0.03435,0.0409,-0.003375177,-0.066420384,-0.031492921,2.2291,-0.07674,-0.0308,0.037798839,-0.057622743,-0.008116133,2.2613,0.00709,0.0115,-0.014366244
-0.02,-0.04,-0.06,-0.021303892,-0.056852793,2.1647,0.02507,-0.024,0.007792908,-0.039438419,-0.006162819,2.2228,-0.03435,0.0409,-0.003375177,-0.066420384,-0.031492921,2.2291,-0.07674,-0.0308,0.037798839
0.03,-0.02,-0.04,0.03054034,-0.125170436,2.0369,-0.01185,0.0395,-0.003247304,-0.021303892,-0.056852793,2.1647,0.02507,-0.024,0.007792908,-0.039438419,-0.006162819,2.2228,-0.03435,0.0409,-0.003375177
0.07,0.03,-0.02,0.074358903,-0.092656467,1.9424,-0.04295,0.0224,-0.026501503,0.03054034,-0.125170436,2.0369,-0.01185,0.0395,-0.003247304,-0.021303892,-0.056852793,2.1647,0.02507,-0.024,0.007792908
0.08,0.07,0.03,0.078220148,-0.125247124,1.8148,-0.07645,-0.0201,0.010622491,0.074358903,-0.092656467,1.9424,-0.04295,0.0224,-0.026501503,0.03054034,-0.125170436,2.0369,-0.01185,0.0395,-0.003247304
0.06,0.08,0.07,0.063447148,-0.201745778,1.6096,-0.1309,0.0779,-0.020899776,0.078220148,-0.125247124,1.8148,-0.07645,-0.0201,0.010622491,0.074358903,-0.092656467,1.9424,-0.04295,0.0224,-0.026501503
0.01,0.06,0.08,0.010923592,-0.198997983,1.4076,-0.10961,-0.0153,-0.005556964,0.063447148,-0.201745778,1.6096,-0.1309,0.0779,-0.020899776,0.078220148,-0.125247124,1.8148,-0.07645,-0.0201,0.010622491
-0.03,0.01,0.06,-0.027946374,-0.164620138,1.2408,-0.08923,-0.0972,-0.0123983,0.010923592,-0.198997983,1.4076,-0.10961,-0.0153,-0.005556964,0.063447148,-0.201745778,1.6096,-0.1309,0.0779,-0.020899776
-0.06,-0.03,0.01,-0.048967706,-0.095362759,1.1443,-0.20529,-0.0498,-0.068486321,-0.027946374,-0.164620138,1.2408,-0.08923,-0.0972,-0.0123983,0.010923592,-0.198997983,1.4076,-0.10961,-0.0153,-0.005556964
-0.08,-0.06,-0.03,-0.081585749,-0.064681008,1.0789,-0.14677,0.0184,0.009469516,-0.048967706,-0.095362759,1.1443,-0.20529,-0.0498,-0.068486321,-0.027946374,-0.164620138,1.2408,-0.08923,-0.0972,-0.0123983
-0.08,-0.08,-0.06,-0.083173108,-0.044232661,1.0342,-0.15591,-0.0216,0.018859678,-0.081585749,-0.064681008,1.0789,-0.14677,0.0184,0.009469516,-0.048967706,-0.095362759,1.1443,-0.20529,-0.0498,-0.068486321
-0.09,-0.08,-0.08,-0.086469063,-0.039994457,0.9938,0.00996,0.0253,-0.02141326,-0.083173108,-0.044232661,1.0342,-0.15591,-0.0216,0.018859678,-0.081585749,-0.064681008,1.0789,-0.14677,0.0184,0.009469516
-0.12,-0.09,-0.08,-0.111579837,-0.089154112,0.9038,-0.00418,0.0208,-0.051841846,-0.086469063,-0.039994457,0.9938,0.00996,0.0253,-0.02141326,-0.083173108,-0.044232661,1.0342,-0.15591,-0.0216,0.018859678
-0.12,-0.12,-0.09,-0.11948587,-0.191355153,0.7109,-0.25778,-0.0705,-0.003089551,-0.111579837,-0.089154112,0.9038,-0.00418,0.0208,-0.051841846,-0.086469063,-0.039994457,0.9938,0.00996,0.0253,-0.02141326
-0.1,-0.12,-0.12,-0.082910569,-0.254815203,0.4546,-0.26712,-0.0071,-0.108182922,-0.11948587,-0.191355153,0.7109,-0.25778,-0.0705,-0.003089551,-0.111579837,-0.089154112,0.9038,-0.00418,0.0208,-0.051841846
-0.07,-0.1,-0.12,-0.075894306,-0.122817405,0.3313,-0.30125,-0.0071,0.034754829,-0.082910569,-0.254815203,0.4546,-0.26712,-0.0071,-0.108182922,-0.11948587,-0.191355153,0.7109,-0.25778,-0.0705,-0.003089551
0,-0.07,-0.1,-0.006004243,0.057592553,0.3891,-0.43146,-0.0337,0.035391719,-0.075894306,-0.122817405,0.3313,-0.30125,-0.0071,0.034754829,-0.082910569,-0.254815203,0.4546,-0.26712,-0.0071,-0.108182922
0.04,0,-0.07,0.041952381,0.181925896,0.5719,0.05385,-0.0519,-0.011783438,-0.006004243,0.057592553,0.3891,-0.43146,-0.0337,0.035391719,-0.075894306,-0.122817405,0.3313,-0.30125,-0.0071,0.034754829
0.09,0.04,0,0.089643566,0.16581338,0.7388,-0.00383,0.081,0.002136319,0.041952381,0.181925896,0.5719,0.05385,-0.0519,-0.011783438,-0.006004243,0.057592553,0.3891,-0.43146,-0.0337,0.035391719
0.12,0.09,0.04,0.122092652,0.123213201,0.863,0.00591,0.0296,-0.012635404,0.089643566,0.16581338,0.7388,-0.00383,0.081,0.002136319,0.041952381,0.181925896,0.5719,0.05385,-0.0519,-0.011783438
0.13,0.12,0.09,0.125886638,0.103750331,0.9677,0.07787,-0.0097,0.024380536,0.122092652,0.123213201,0.863,0.00591,0.0296,-0.012635404,0.089643566,0.16581338,0.7388,-0.00383,0.081,0.002136319
0.1,0.13,0.12,0.101396896,0.02713371,0.9951,0.04264,0.0683,-0.008416695,0.125886638,0.103750331,0.9677,0.07787,-0.0097,0.024380536,0.122092652,0.123213201,0.863,0.00591,0.0296,-0.012635404
0.01,0.1,0.13,0.011279448,-0.012476631,0.9825,-0.01949,-0.0414,-0.007706302,0.101396896,0.02713371,0.9951,0.04264,0.0683,-0.008416695,0.125886638,0.103750331,0.9677,0.07787,-0.0097,0.024380536
-0.05,0.01,0.1,-0.037048882,-0.112161508,0.8693,0.02388,0.0514,-0.080892,0.011279448,-0.012476631,0.9825,-0.01949,-0.0414,-0.007706302,0.101396896,0.02713371,0.9951,0.04264,0.0683,-0.008416695
-0.09,-0.05,0.01,-0.071488687,-0.150803703,0.7173,-0.11704,0.024,-0.117734398,-0.037048882,-0.112161508,0.8693,0.02388,0.0514,-0.080892,0.011279448,-0.012476631,0.9825,-0.01949,-0.0414,-0.007706302
-0.12,-0.09,-0.05,-0.120935954,-0.146755727,0.5696,-0.074,0.0029,0.005600014,-0.071488687,-0.150803703,0.7173,-0.11704,0.024,-0.117734398,-0.037048882,-0.112161508,0.8693,0.02388,0.0514,-0.080892
-0.15,-0.12,-0.09,-0.13806555,-0.144083641,0.4248,0.00218,-0.0503,-0.074299819,-0.120935954,-0.146755727,0.5696,-0.074,0.0029,0.005600014,-0.071488687,-0.150803703,0.7173,-0.11704,0.024,-0.117734398
-0.2,-0.15,-0.12,-0.200514299,-0.158053957,0.2662,-0.02471,0.0233,0.003081043,-0.13806555,-0.144083641,0.4248,0.00218,-0.0503,-0.074299819,-0.120935954,-0.146755727,0.5696,-0.074,0.0029,0.005600014
-0.25,-0.2,-0.15,-0.255591783,-0.113562326,0.1524,0.00741,0.0195,0.033000155,-0.200514299,-0.158053957,0.2662,-0.02471,0.0233,0.003081043,-0.13806555,-0.144083641,0.4248,0.00218,-0.0503,-0.074299819
-0.29,-0.25,-0.2,-0.28375439,-0.143084412,0.0092,0.04635,-0.0684,-0.038193849,-0.255591783,-0.113562326,0.1524,0.00741,0.0195,0.033000155,-0.200514299,-0.158053957,0.2662,-0.02471,0.0233,0.003081043
-0.28,-0.29,-0.25,-0.273462683,-0.199580687,-0.1902,-0.03514,0.0174,-0.040013887,-0.28375439,-0.143084412,0.0092,0.04635,-0.0684,-0.038193849,-0.255591783,-0.113562326,0.1524,0.00741,0.0195,0.033000155
-0.19,-0.28,-0.29,-0.183428226,-0.171091416,-0.36082,-0.22838,-0.0403,-0.040229091,-0.273462683,-0.199580687,-0.1902,-0.03514,0.0174,-0.040013887,-0.28375439,-0.143084412,0.0092,0.04635,-0.0684,-0.038193849
-0.07,-0.19,-0.28,-0.069725572,-0.009564968,-0.37035,-0.09922,-0.0262,-0.001647924,-0.183428226,-0.171091416,-0.36082,-0.22838,-0.0403,-0.040229091,-0.273462683,-0.199580687,-0.1902,-0.03514,0.0174,-0.040013887
0.05,-0.07,-0.19,0.039581013,0.24196423,-0.12899,-0.00905,-0.0018,0.060637727,-0.069725572,-0.009564968,-0.37035,-0.09922,-0.0262,-0.001647924,-0.183428226,-0.171091416,-0.36082,-0.22838,-0.0403,-0.040229091
0.12,0.05,-0.07,0.114780096,0.270073811,0.1411,-0.01346,0.0155,0.030838977,0.039581013,0.24196423,-0.12899,-0.00905,-0.0018,0.060637727,-0.069725572,-0.009564968,-0.37035,-0.09922,-0.0262,-0.001647924
0.16,0.12,0.05,0.154426877,0.16463192,0.3061,0.00714,0.0276,0.03289182,0.114780096,0.270073811,0.1411,-0.01346,0.0155,0.030838977,0.039581013,0.24196423,-0.12899,-0.00905,-0.0018,0.060637727
0.16,0.16,0.12,0.161642125,0.067869146,0.3742,-0.14944,-0.0294,-0.00990161,0.154426877,0.16463192,0.3061,0.00714,0.0276,0.03289182,0.114780096,0.270073811,0.1411,-0.01346,0.0155,0.030838977
0.17,0.16,0.16,0.16580012,-0.007073781,0.3671,0.03227,0.0361,0.024887011,0.161642125,0.067869146,0.3742,-0.14944,-0.0294,-0.00990161,0.154426877,0.16463192,0.3061,0.00714,0.0276,0.03289182
0.16,0.17,0.16,0.157884944,0.006675271,0.3738,0.17421,-0.0367,0.012610491,0.16580012,-0.007073781,0.3671,0.03227,0.0361,0.024887011,0.161642125,0.067869146,0.3742,-0.14944,-0.0294,-0.00990161
0.16,0.16,0.17,0.157816976,0.069715008,0.4438,0.10668,0.0004,0.013013103,0.157884944,0.006675271,0.3738,0.17421,-0.0367,0.012610491,0.16580012,-0.007073781,0.3671,0.03227,0.0361,0.024887011
0.16,0.16,0.16,0.157708476,0.128844778,0.5733,0.17705,0.0892,0.013655484,0.157816976,0.069715008,0.4438,0.10668,0.0004,0.013013103,0.157884944,0.006675271,0.3738,0.17421,-0.0367,0.012610491
0.15,0.16,0.16,0.148181364,0.136324951,0.7105,0.03821,0.0183,0.010852713,0.157708476,0.128844778,0.5733,0.17705,0.0892,0.013655484,0.157816976,0.069715008,0.4438,0.10668,0.0004,0.013013103
0.12,0.15,0.16,0.117188525,0.140403124,0.852,0.03667,0.0806,0.016728149,0.148181364,0.136324951,0.7105,0.03821,0.0183,0.010852713,0.157708476,0.128844778,0.5733,0.17705,0.0892,0.013655484
0.06,0.12,0.15,0.061041128,-0.012692671,0.8392,0.11123,-0.067,-0.006266358,0.117188525,0.140403124,0.852,0.03667,0.0806,0.016728149,0.148181364,0.136324951,0.7105,0.03821,0.0183,0.010852713
0.01,0.06,0.12,0.009865352,-0.043246504,0.7956,0.13019,0.044,0.000807562,0.061041128,-0.012692671,0.8392,0.11123,-0.067,-0.006266358,0.117188525,0.140403124,0.852,0.03667,0.0806,0.016728149
-0.04,0.01,0.06,-0.042490993,-0.039295149,0.756,0.09799,-0.0418,0.014835364,0.009865352,-0.043246504,0.7956,0.13019,0.044,0.000807562,0.061041128,-0.012692671,0.8392,0.11123,-0.067,-0.006266358
-0.06,-0.04,0.01,-0.057806057,-0.021837312,0.734,0.134,0.0989,-0.013251068,-0.042490993,-0.039295149,0.756,0.09799,-0.0418,0.014835364,0.009865352,-0.043246504,0.7956,0.13019,0.044,0.000807562
-0.05,-0.06,-0.04,-0.050919061,0.042181425,0.7765,0.26102,-0.0328,0.005499217,-0.057806057,-0.021837312,0.734,0.134,0.0989,-0.013251068,-0.042490993,-0.039295149,0.756,0.09799,-0.0418,0.014835364
-0.04,-0.05,-0.06,-0.035696684,0.054858854,0.8318,0.06728,-0.0362,-0.026159083,-0.050919061,0.042181425,0.7765,0.26102,-0.0328,0.005499217,-0.057806057,-0.021837312,0.734,0.134,0.0989,-0.013251068
0.02,-0.04,-0.05,0.01905145,0.00109092,0.8329,0.10582,0.0629,0.005675168,-0.035696684,0.054858854,0.8318,0.06728,-0.0362,-0.026159083,-0.050919061,0.042181425,0.7765,0.26102,-0.0328,0.005499217
0.06,0.02,-0.04,0.053419944,-0.024201379,0.8085,-0.01594,-0.0601,0.038720913,0.01905145,0.00109092,0.8329,0.10582,0.0629,0.005675168,-0.035696684,0.054858854,0.8318,0.06728,-0.0362,-0.026159083
0.08,0.06,0.02,0.076914616,0.003372675,0.8119,-0.04619,0.0308,0.018343037,0.053419944,-0.024201379,0.8085,-0.01594,-0.0601,0.038720913,0.01905145,0.00109092,0.8329,0.10582,0.0629,0.005675168
0.09,0.08,0.06,0.086448645,0.053154197,0.8655,-0.01712,-0.0409,0.021084287,0.076914616,0.003372675,0.8119,-0.04619,0.0308,0.018343037,0.053419944,-0.024201379,0.8085,-0.01594,-0.0601,0.038720913
0.06,0.09,0.08,0.059764264,0.092357613,0.9587,-0.01256,-0.0082,0.001413416,0.086448645,0.053154197,0.8655,-0.01712,-0.0409,0.021084287,0.076914616,0.003372675,0.8119,-0.04619,0.0308,0.018343037
0.01,0.06,0.09,0.007367165,0.073567383,1.033,0.00213,0.0338,0.015673534,0.059764264,0.092357613,0.9587,-0.01256,-0.0082,0.001413416,0.086448645,0.053154197,0.8655,-0.01712,-0.0409,0.021084287
-0.01,0.01,0.06,-0.015977808,-0.019698475,1.0131,0.01753,-0.0038,0.035238612,0.007367165,0.073567383,1.033,0.00213,0.0338,0.015673534,0.059764264,0.092357613,0.9587,-0.01256,-0.0082,0.001413416
-0.05,-0.01,0.01,-0.048647072,-0.130563323,0.8813,0.09667,-0.0558,-0.008150696,-0.015977808,-0.019698475,1.0131,0.01753,-0.0038,0.035238612,0.007367165,0.073567383,1.033,0.00213,0.0338,0.015673534
-0.07,-0.05,-0.01,-0.067626937,-0.143042524,0.7371,-0.044,-0.0485,-0.014340719,-0.048647072,-0.130563323,0.8813,0.09667,-0.0558,-0.008150696,-0.015977808,-0.019698475,1.0131,0.01753,-0.0038,0.035238612
-0.07,-0.07,-0.05,-0.071292652,-0.056201644,0.6805,-0.04961,-0.0242,0.007725988,-0.067626937,-0.143042524,0.7371,-0.044,-0.0485,-0.014340719,-0.048647072,-0.130563323,0.8813,0.09667,-0.0558,-0.008150696
-0.04,-0.07,-0.07,-0.044214619,0.038232469,0.719,-0.05231,-0.02,0.024973267,-0.071292652,-0.056201644,0.6805,-0.04961,-0.0242,0.007725988,-0.067626937,-0.143042524,0.7371,-0.044,-0.0485,-0.014340719
-0.03,-0.04,-0.07,-0.035866002,-0.036444651,0.6823,-0.1835,0.0703,0.034590789,-0.044214619,0.038232469,0.719,-0.05231,-0.02,0.024973267,-0.071292652,-0.056201644,0.6805,-0.04961,-0.0242,0.007725988
0.01,-0.03,-0.04,0.007469746,-0.200135976,0.481,-0.06329,-0.0669,0.01506744,-0.035866002,-0.036444651,0.6823,-0.1835,0.0703,0.034590789,-0.044214619,0.038232469,0.719,-0.05231,-0.02,0.024973267
0.02,0.01,-0.03,0.017326046,-0.242528714,0.2376,0.00221,0.0598,0.015916384,0.007469746,-0.200135976,0.481,-0.06329,-0.0669,0.01506744,-0.035866002,-0.036444651,0.6823,-0.1835,0.0703,0.034590789
0.06,0.02,0.01,0.063079267,-0.020054366,0.2175,-0.00985,0.0214,-0.018648408,0.017326046,-0.242528714,0.2376,0.00221,0.0598,0.015916384,0.007469746,-0.200135976,0.481,-0.06329,-0.0669,0.01506744
0.11,0.06,0.02,0.104796197,0.22246795,0.4407,0.03146,-0.0412,0.030745301,0.063079267,-0.020054366,0.2175,-0.00985,0.0214,-0.018648408,0.017326046,-0.242528714,0.2376,0.00221,0.0598,0.015916384
0.14,0.11,0.06,0.137146807,0.313921127,0.7565,0.01885,-0.0048,0.016974276,0.104796197,0.22246795,0.4407,0.03146,-0.0412,0.030745301,0.063079267,-0.020054366,0.2175,-0.00985,0.0214,-0.018648408
0.14,0.14,0.11,0.135337089,0.217515963,0.9759,-0.03364,-0.0129,0.027593245,0.137146807,0.313921127,0.7565,0.01885,-0.0048,0.016974276,0.104796197,0.22246795,0.4407,0.03146,-0.0412,0.030745301
0.16,0.14,0.14,0.157086014,0.04564404,1.022,-0.02169,0.0562,0.017332833,0.135337089,0.217515963,0.9759,-0.03364,-0.0129,0.027593245,0.137146807,0.313921127,0.7565,0.01885,-0.0048,0.016974276
0.15,0.16,0.14,0.146209286,-0.037919723,0.9837,0.00542,0.001,0.02248949,0.157086014,0.04564404,1.022,-0.02169,0.0562,0.017332833,0.135337089,0.217515963,0.9759,-0.03364,-0.0129,0.027593245
0.14,0.15,0.16,0.136825958,-0.101850457,0.8809,0.04219,0.0646,0.018865181,0.146209286,-0.037919723,0.9837,0.00542,0.001,0.02248949,0.157086014,0.04564404,1.022,-0.02169,0.0562,0.017332833
0.12,0.14,0.15,0.125524428,-0.167565464,0.712,0.0719,-0.034,-0.033708362,0.136825958,-0.101850457,0.8809,0.04219,0.0646,0.018865181,0.146209286,-0.037919723,0.9837,0.00542,0.001,0.02248949
0.11,0.12,0.14,0.115219641,-0.092087029,0.6193,0.03348,0.0028,-0.031818735,0.125524428,-0.167565464,0.712,0.0719,-0.034,-0.033708362,0.136825958,-0.101850457,0.8809,0.04219,0.0646,0.018865181
0.12,0.11,0.12,0.115130005,-0.025942722,0.5932,-0.00176,0.0537,0.028801206,0.115219641,-0.092087029,0.6193,0.03348,0.0028,-0.031818735,0.125524428,-0.167565464,0.712,0.0719,-0.034,-0.033708362
0.16,0.12,0.11,0.158740091,0.026539028,0.6199,0.21103,-0.0502,0.007531025,0.115130005,-0.025942722,0.5932,-0.00176,0.0537,0.028801206,0.115219641,-0.092087029,0.6193,0.03348,0.0028,-0.031818735
0.23,0.16,0.12,0.229480239,0.140529457,0.7614,0.08076,0.0399,0.003113715,0.158740091,0.026539028,0.6199,0.21103,-0.0502,0.007531025,0.115130005,-0.025942722,0.5932,-0.00176,0.0537,0.028801206
0.26,0.23,0.16,0.254197573,0.199975776,0.9631,0.10675,-0.0581,0.034222241,0.229480239,0.140529457,0.7614,0.08076,0.0399,0.003113715,0.158740091,0.026539028,0.6199,0.21103,-0.0502,0.007531025
0.26,0.26,0.23,0.25818675,0.110771198,1.075,0.09368,0.0785,0.010820746,0.254197573,0.199975776,0.9631,0.10675,-0.0581,0.034222241,0.229480239,0.140529457,0.7614,0.08076,0.0399,0.003113715
0.25,0.26,0.26,0.249849487,0.052620336,1.1282,0.06623,-0.0147,0.000902671,0.25818675,0.110771198,1.075,0.09368,0.0785,0.010820746,0.254197573,0.199975776,0.9631,0.10675,-0.0581,0.034222241
0.24,0.25,0.26,0.238279689,0.008305944,1.1366,0.19456,-0.033,0.010268961,0.249849487,0.052620336,1.1282,0.06623,-0.0147,0.000902671,0.25818675,0.110771198,1.075,0.09368,0.0785,0.010820746
0.21,0.24,0.25,0.206642356,-0.060728406,1.0752,0.07947,0.0962,0.01994562,0.238279689,0.008305944,1.1366,0.19456,-0.033,0.010268961,0.249849487,0.052620336,1.1282,0.06623,-0.0147,0.000902671
0.17,0.21,0.24,0.174112003,-0.076506971,0.9979,-0.01624,-0.0155,-0.024981474,0.206642356,-0.060728406,1.0752,0.07947,0.0962,0.01994562,0.238279689,0.008305944,1.1366,0.19456,-0.033,0.010268961
0.11,0.17,0.21,0.103954227,-0.021884037,0.9758,0.09953,-0.0322,0.035632204,0.174112003,-0.076506971,0.9979,-0.01624,-0.0155,-0.024981474,0.206642356,-0.060728406,1.0752,0.07947,0.0962,0.01994562
0.04,0.11,0.17,0.036360235,0.018418559,0.9944,0.11843,0.0229,0.021603542,0.103954227,-0.021884037,0.9758,0.09953,-0.0322,0.035632204,0.174112003,-0.076506971,0.9979,-0.01624,-0.0155,-0.024981474
-0.06,0.04,0.11,-0.060677267,-0.024756912,0.9694,0.11276,0.0689,0.004055365,0.036360235,0.018418559,0.9944,0.11843,0.0229,0.021603542,0.103954227,-0.021884037,0.9758,0.09953,-0.0322,0.035632204
-0.15,-0.06,0.04,-0.149088522,-0.043289808,0.9257,0.14378,-0.1029,-0.005483878,-0.060677267,-0.024756912,0.9694,0.11276,0.0689,0.004055365,0.036360235,0.018418559,0.9944,0.11843,0.0229,0.021603542
-0.19,-0.15,-0.06,-0.180277446,-0.150123975,0.7743,0.3955,0.0331,-0.060106036,-0.149088522,-0.043289808,0.9257,0.14378,-0.1029,-0.005483878,-0.060677267,-0.024756912,0.9694,0.11276,0.0689,0.004055365
-0.2,-0.19,-0.15,-0.20447827,-0.193888021,0.5791,0.22748,0.0199,0.026514969,-0.180277446,-0.150123975,0.7743,0.3955,0.0331,-0.060106036,-0.149088522,-0.043289808,0.9257,0.14378,-0.1029,-0.005483878
-0.24,-0.2,-0.19,-0.246676047,-0.235714174,0.3423,-0.3768,-0.0509,0.03927483,-0.20447827,-0.193888021,0.5791,0.22748,0.0199,0.026514969,-0.180277446,-0.150123975,0.7743,0.3955,0.0331,-0.060106036
-0.28,-0.24,-0.2,-0.273075965,-0.271839906,0.0699,0.13844,0.0282,-0.04243184,-0.246676047,-0.235714174,0.3423,-0.3768,-0.0509,0.03927483,-0.20447827,-0.193888021,0.5791,0.22748,0.0199,0.026514969
-0.34,-0.28,-0.24,-0.342914304,-0.209823463,-0.13985,-0.04915,-0.048,0.017334704,-0.273075965,-0.271839906,0.0699,0.13844,0.0282,-0.04243184,-0.246676047,-0.235714174,0.3423,-0.3768,-0.0509,0.03927483
-0.39,-0.34,-0.28,-0.380003204,-0.217460061,-0.35677,-0.69978,0.0404,-0.061854955,-0.342914304,-0.209823463,-0.13985,-0.04915,-0.048,0.017334704,-0.273075965,-0.271839906,0.0699,0.13844,0.0282,-0.04243184
-0.47,-0.39,-0.34,-0.466154901,-0.309279488,-0.66447,-0.01763,-0.0304,-0.023340884,-0.380003204,-0.217460061,-0.35677,-0.69978,0.0404,-0.061854955,-0.342914304,-0.209823463,-0.13985,-0.04915,-0.048,0.017334704
-0.55,-0.47,-0.39,-0.54291866,-0.372402459,-1.03371,0.25727,0.0312,-0.043417068,-0.466154901,-0.309279488,-0.66447,-0.01763,-0.0304,-0.023340884,-0.380003204,-0.217460061,-0.35677,-0.69978,0.0404,-0.061854955
-0.67,-0.55,-0.47,-0.679852703,-0.459980232,-1.48789,0.01952,-0.1089,0.057434805,-0.54291866,-0.372402459,-1.03371,0.25727,0.0312,-0.043417068,-0.466154901,-0.309279488,-0.66447,-0.01763,-0.0304,-0.023340884
-0.79,-0.67,-0.55,-0.795294008,-0.454182257,-1.9343,-0.09242,-0.0171,0.031270006,-0.679852703,-0.459980232,-1.48789,0.01952,-0.1089,0.057434805,-0.54291866,-0.372402459,-1.03371,0.25727,0.0312,-0.043417068
-0.89,-0.79,-0.67,-0.879066572,-0.357327097,-2.28409,0.10305,0.0718,-0.067851276,-0.795294008,-0.454182257,-1.9343,-0.09242,-0.0171,0.031270006,-0.679852703,-0.459980232,-1.48789,0.01952,-0.1089,0.057434805
-0.92,-0.89,-0.79,-0.908374247,-0.111722811,-2.3932,-0.09724,-0.0563,-0.072306766,-0.879066572,-0.357327097,-2.28409,0.10305,0.0718,-0.067851276,-0.795294008,-0.454182257,-1.9343,-0.09242,-0.0171,0.031270006
-0.89,-0.92,-0.89,-0.8928644,0.083760303,-2.31141,-0.06601,-0.0702,0.017040382,-0.908374247,-0.111722811,-2.3932,-0.09724,-0.0563,-0.072306766,-0.879066572,-0.357327097,-2.28409,0.10305,0.0718,-0.067851276
-0.8,-0.89,-0.92,-0.792809133,0.012610708,-2.29909,0.14441,-0.0533,-0.044103627,-0.8928644,0.083760303,-2.31141,-0.06601,-0.0702,0.017040382,-0.908374247,-0.111722811,-2.3932,-0.09724,-0.0563,-0.072306766
-0.69,-0.8,-0.89,-0.659747187,-0.271050261,-2.56355,0.22244,-0.0672,-0.200302501,-0.792809133,0.012610708,-2.29909,0.14441,-0.0533,-0.044103627,-0.8928644,0.083760303,-2.31141,-0.06601,-0.0702,0.017040382
-0.5,-0.69,-0.8,-0.497738644,-0.250198687,-2.80703,-1.6862,-0.052,-0.013661028,-0.659747187,-0.271050261,-2.56355,0.22244,-0.0672,-0.200302501,-0.792809133,0.012610708,-2.29909,0.14441,-0.0533,-0.044103627
-0.28,-0.5,-0.69,-0.281659958,-0.139551859,-2.94257,-1.27437,0.0154,0.009910479,-0.497738644,-0.250198687,-2.80703,-1.6862,-0.052,-0.013661028,-0.659747187,-0.271050261,-2.56355,0.22244,-0.0672,-0.200302501
-0.06,-0.28,-0.5,-0.060888809,-0.064559944,-3.00521,-0.82971,-0.0697,0.005318682,-0.281659958,-0.139551859,-2.94257,-1.27437,0.0154,0.009910479,-0.497738644,-0.250198687,-2.80703,-1.6862,-0.052,-0.013661028
0.19,-0.06,-0.28,0.198339601,0.010247448,-2.99527,-0.25238,-0.0569,-0.051332879,-0.060888809,-0.064559944,-3.00521,-0.82971,-0.0697,0.005318682,-0.281659958,-0.139551859,-2.94257,-1.27437,0.0154,0.009910479
0.45,0.19,-0.06,0.462842714,0.234167789,-2.76785,-0.25899,-0.0353,-0.080187024,0.198339601,0.010247448,-2.99527,-0.25238,-0.0569,-0.051332879,-0.060888809,-0.064559944,-3.00521,-0.82971,-0.0697,0.005318682
0.7,0.45,0.19,0.687571216,0.469123021,-2.31064,-0.29726,0.0841,0.0719231,0.462842714,0.234167789,-2.76785,-0.25899,-0.0353,-0.080187024,0.198339601,0.010247448,-2.99527,-0.25238,-0.0569,-0.051332879
0.88,0.7,0.45,0.865785663,0.465383813,-1.85495,-0.17618,0.0331,0.081843568,0.687571216,0.469123021,-2.31064,-0.29726,0.0841,0.0719231,0.462842714,0.234167789,-2.76785,-0.25899,-0.0353,-0.080187024
1,0.88,0.7,1.001368611,0.346903657,-1.51389,-0.11678,0.0448,-0.008245564,0.865785663,0.465383813,-1.85495,-0.17618,0.0331,0.081843568,0.687571216,0.469123021,-2.31064,-0.29726,0.0841,0.0719231
1.06,1,0.88,1.059032014,0.22546275,-1.29159,-0.24004,0.0103,0.005791116,1.001368611,0.346903657,-1.51389,-0.11678,0.0448,-0.008245564,0.865785663,0.465383813,-1.85495,-0.17618,0.0331,0.081843568
1.01,1.06,1,0.995200981,0.210065242,-1.08402,-0.22744,0.0532,0.08507077,1.059032014,0.22546275,-1.29159,-0.24004,0.0103,0.005791116,1.001368611,0.346903657,-1.51389,-0.11678,0.0448,-0.008245564
0.9,1.01,1.06,0.890545389,0.222073228,-0.86411,-0.16809,0.0401,0.055177024,0.995200981,0.210065242,-1.08402,-0.22744,0.0532,0.08507077,1.059032014,0.22546275,-1.29159,-0.24004,0.0103,0.005791116
0.72,0.9,1.01,0.715759413,0.099329394,-0.76559,-0.03473,0.0565,0.025125221,0.890545389,0.222073228,-0.86411,-0.16809,0.0401,0.055177024,0.995200981,0.210065242,-1.08402,-0.22744,0.0532,0.08507077
0.5,0.72,0.9,0.497381087,0.028141519,-0.73766,0.03849,-0.029,0.015591301,0.715759413,0.099329394,-0.76559,-0.03473,0.0565,0.025125221,0.890545389,0.222073228,-0.86411,-0.16809,0.0401,0.055177024
0.3,0.5,0.72,0.297605375,0.059863802,-0.67822,-0.00395,-0.0179,0.014265511,0.497381087,0.028141519,-0.73766,0.03849,-0.029,0.015591301,0.715759413,0.099329394,-0.76559,-0.03473,0.0565,0.025125221
0.14,0.3,0.5,0.137050372,0.067807043,-0.61085,0.00724,0.0502,0.017542984,0.297605375,0.059863802,-0.67822,-0.00395,-0.0179,0.014265511,0.497381087,0.028141519,-0.73766,0.03849,-0.029,0.015591301
0.03,0.14,0.3,0.035537062,0.016237879,-0.59471,0.02045,-0.0035,-0.033786769,0.137050372,0.067807043,-0.61085,0.00724,0.0502,0.017542984,0.297605375,0.059863802,-0.67822,-0.00395,-0.0179,0.014265511
-0.07,0.03,0.14,-0.082395086,-0.002273547,-0.59697,0.01239,0.0116,0.071734921,0.035537062,0.016237879,-0.59471,0.02045,-0.0035,-0.033786769,0.137050372,0.067807043,-0.61085,0.00724,0.0502,0.017542984
-0.13,-0.07,0.03,-0.133021692,-0.022667874,-0.6195,0.01043,0.0339,0.017967762,-0.082395086,-0.002273547,-0.59697,0.01239,0.0116,0.071734921,0.035537062,0.016237879,-0.59471,0.02045,-0.0035,-0.033786769
-0.19,-0.13,-0.07,-0.17584757,-0.051663315,-0.67083,0.04121,0.0567,-0.088737864,-0.133021692,-0.022667874,-0.6195,0.01043,0.0339,0.017967762,-0.082395086,-0.002273547,-0.59697,0.01239,0.0116,0.071734921
-0.21,-0.19,-0.13,-0.206896095,-0.04667392,-0.71718,0.03126,-0.0255,-0.018799032,-0.17584757,-0.051663315,-0.67083,0.04121,0.0567,-0.088737864,-0.133021692,-0.022667874,-0.6195,0.01043,0.0339,0.017967762
-0.19,-0.21,-0.19,-0.190614533,-0.046907331,-0.76374,0.00764,0.0401,0.003680417,-0.206896095,-0.04667392,-0.71718,0.03126,-0.0255,-0.018799032,-0.17584757,-0.051663315,-0.67083,0.04121,0.0567,-0.088737864
-0.14,-0.19,-0.21,-0.143799964,0.019013419,-0.74487,-0.00307,0.01,0.022543754,-0.190614533,-0.046907331,-0.76374,0.00764,0.0401,0.003680417,-0.206896095,-0.04667392,-0.71718,0.03126,-0.0255,-0.018799032
-0.09,-0.14,-0.19,-0.097537261,0.026312558,-0.71875,-0.00437,-0.0031,0.0442308,-0.143799964,0.019013419,-0.74487,-0.00307,0.01,0.022543754,-0.190614533,-0.046907331,-0.76374,0.00764,0.0401,0.003680417
-0.03,-0.09,-0.14,-0.035215545,0.042879065,-0.67617,0.00981,0.0069,0.030813615,-0.097537261,0.026312558,-0.71875,-0.00437,-0.0031,0.0442308,-0.143799964,0.019013419,-0.74487,-0.00307,0.01,0.022543754
0,-0.03,-0.09,-0.001382658,0.078973011,-0.5977,0.00061,-0.0127,0.008261724,-0.035215545,0.042879065,-0.67617,0.00981,0.0069,0.030813615,-0.097537261,0.026312558,-0.71875,-0.00437,-0.0031,0.0442308
0,0,-0.03,-0.004250413,0.032780588,-0.56511,0.01061,0.0521,0.025182717,-0.001382658,0.078973011,-0.5977,0.00061,-0.0127,0.008261724,-0.035215545,0.042879065,-0.67617,0.00981,0.0069,0.030813615
0,0,0,-0.002482181,-0.040939686,-0.60581,0.01904,-0.0265,0.014783274,-0.004250413,0.032780588,-0.56511,0.01061,0.0521,0.025182717,-0.001382658,0.078973011,-0.5977,0.00061,-0.0127,0.008261724
-0.02,0,0,-0.021474209,-0.108868417,-0.71396,0.03096,0.0131,0.008806364,-0.002482181,-0.040939686,-0.60581,0.01904,-0.0265,0.014783274,-0.004250413,0.032780588,-0.56511,0.01061,0.0521,0.025182717
-0.09,-0.02,0,-0.085458918,-0.22639058,-0.93848,0.00951,0.0683,-0.02762456,-0.021474209,-0.108868417,-0.71396,0.03096,0.0131,0.008806364,-0.002482181,-0.040939686,-0.60581,0.01904,-0.0265,0.014783274
-0.14,-0.09,-0.02,-0.144407611,-0.130428266,-1.0676,0.01183,-0.0628,0.026102022,-0.085458918,-0.22639058,-0.93848,0.00951,0.0683,-0.02762456,-0.021474209,-0.108868417,-0.71396,0.03096,0.0131,0.008806364
-0.22,-0.14,-0.09,-0.218120078,-0.00782383,-1.07534,0.00248,0.0071,-0.011343626,-0.144407611,-0.130428266,-1.0676,0.01183,-0.0628,0.026102022,-0.085458918,-0.22639058,-0.93848,0.00951,0.0683,-0.02762456
-0.32,-0.22,-0.14,-0.315743316,-0.083209017,-1.15762,0.00168,0.0075,-0.025871912,-0.218120078,-0.00782383,-1.07534,0.00248,0.0071,-0.011343626,-0.144407611,-0.130428266,-1.0676,0.01183,-0.0628,0.026102022
-0.37,-0.32,-0.22,-0.373384735,-0.235236407,-1.38986,0.00378,-0.0701,0.020104945,-0.315743316,-0.083209017,-1.15762,0.00168,0.0075,-0.025871912,-0.218120078,-0.00782383,-1.07534,0.00248,0.0071,-0.011343626
-0.4,-0.37,-0.32,-0.381820072,-0.279885899,-1.66547,0.02892,0.0367,-0.115500157,-0.373384735,-0.235236407,-1.38986,0.00378,-0.0701,0.020104945,-0.315743316,-0.083209017,-1.15762,0.00168,0.0075,-0.025871912
-0.37,-0.4,-0.37,-0.368839217,-0.111314815,-1.77487,0.06028,-0.0597,-0.006989067,-0.381820072,-0.279885899,-1.66547,0.02892,0.0367,-0.115500157,-0.373384735,-0.235236407,-1.38986,0.00378,-0.0701,0.020104945
-0.31,-0.37,-0.4,-0.315741616,0.014516616,-1.76061,0.05181,-0.0593,0.033869589,-0.368839217,-0.111314815,-1.77487,0.06028,-0.0597,-0.006989067,-0.381820072,-0.279885899,-1.66547,0.02892,0.0367,-0.115500157
-0.22,-0.31,-0.37,-0.219812023,0.133492714,-1.62938,0.04191,0.0069,-0.001128499,-0.315741616,0.014516616,-1.76061,0.05181,-0.0593,0.033869589,-0.368839217,-0.111314815,-1.77487,0.06028,-0.0597,-0.006989067
-0.13,-0.22,-0.31,-0.132484344,0.186588895,-1.44566,0.04966,-0.0213,0.014796061,-0.219812023,0.133492714,-1.62938,0.04191,0.0069,-0.001128499,-0.315741616,0.014516616,-1.76061,0.05181,-0.0593,0.033869589
-0.04,-0.13,-0.22,-0.046256855,0.207244255,-1.2412,0.02561,0.1035,0.036853617,-0.132484344,0.186588895,-1.44566,0.04966,-0.0213,0.014796061,-0.219812023,0.133492714,-1.62938,0.04191,0.0069,-0.001128499
0.01,-0.04,-0.13,0.004010263,0.147543766,-1.09538,-0.0146,0.0131,0.035307703,-0.046256855,0.207244255,-1.2412,0.02561,0.1035,0.036853617,-0.132484344,0.186588895,-1.44566,0.04966,-0.0213,0.014796061
0.03,0.01,-0.04,0.030507347,0.067163382,-1.02893,-0.03492,0.0053,-0.003048725,0.004010263,0.147543766,-1.09538,-0.0146,0.0131,0.035307703,-0.046256855,0.207244255,-1.2412,0.02561,0.1035,0.036853617
0.05,0.03,0.01,0.054255305,-0.00060624,-1.02953,-0.01965,0.027,-0.025863426,0.030507347,0.067163382,-1.02893,-0.03492,0.0053,-0.003048725,0.004010263,0.147543766,-1.09538,-0.0146,0.0131,0.035307703
0.07,0.05,0.03,0.077438513,-0.034561734,-1.06373,-0.01292,-0.1293,-0.045657707,0.054255305,-0.00060624,-1.02953,-0.01965,0.027,-0.025863426,0.030507347,0.067163382,-1.02893,-0.03492,0.0053,-0.003048725
0.12,0.07,0.05,0.120316586,-0.093892358,-1.15658,-0.05522,0.0438,-0.001901324,0.077438513,-0.034561734,-1.06373,-0.01292,-0.1293,-0.045657707,0.054255305,-0.00060624,-1.02953,-0.01965,0.027,-0.025863426
0.18,0.12,0.07,0.174596538,-0.052359122,-1.20832,-0.13243,0.0564,0.031906309,0.120316586,-0.093892358,-1.15658,-0.05522,0.0438,-0.001901324,0.077438513,-0.034561734,-1.06373,-0.01292,-0.1293,-0.045657707
0.21,0.18,0.12,0.205280738,-0.000668075,-1.20898,-0.11254,-0.0866,0.027922096,0.174596538,-0.052359122,-1.20832,-0.13243,0.0564,0.031906309,0.120316586,-0.093892358,-1.15658,-0.05522,0.0438,-0.001901324
0.23,0.21,0.18,0.229730568,0.042636486,-1.16685,-0.05678,0.0471,0.001615286,0.205280738,-0.000668075,-1.20898,-0.11254,-0.0866,0.027922096,0.174596538,-0.052359122,-1.20832,-0.13243,0.0564,0.031906309
0.21,0.23,0.21,0.209242953,0.059901222,-1.10763,-0.10406,0.0477,0.004531994,0.229730568,0.042636486,-1.16685,-0.05678,0.0471,0.001615286,0.205280738,-0.000668075,-1.20898,-0.11254,-0.0866,0.027922096
0.18,0.21,0.23,0.181265758,0.009039723,-1.09869,-0.01945,-0.0802,-0.007623533,0.209242953,0.059901222,-1.10763,-0.10406,0.0477,0.004531994,0.229730568,0.042636486,-1.16685,-0.05678,0.0471,0.001615286
0.18,0.18,0.21,0.176020463,-0.048625939,-1.14677,-0.00604,0.0488,0.023596617,0.181265758,0.009039723,-1.09869,-0.01945,-0.0802,-0.007623533,0.209242953,0.059901222,-1.10763,-0.10406,0.0477,0.004531994
0.19,0.18,0.18,0.183680629,0.067825055,-1.0797,-0.0062,-0.0332,0.037215077,0.176020463,-0.048625939,-1.14677,-0.00604,0.0488,0.023596617,0.181265758,0.009039723,-1.09869,-0.01945,-0.0802,-0.007623533
0.22,0.19,0.18,0.215502728,0.117671992,-0.96323,-0.0024,-0.0068,0.026625996,0.183680629,0.067825055,-1.0797,-0.0062,-0.0332,0.037215077,0.176020463,-0.048625939,-1.14677,-0.00604,0.0488,0.023596617
0.26,0.22,0.19,0.256883762,0.109908835,-0.85432,-0.003,0.0455,0.018524782,0.215502728,0.117671992,-0.96323,-0.0024,-0.0068,0.026625996,0.183680629,0.067825055,-1.0797,-0.0062,-0.0332,0.037215077
0.27,0.26,0.22,0.271842685,0.106826045,-0.74835,-0.00131,-0.0098,-0.011117684,0.256883762,0.109908835,-0.85432,-0.003,0.0455,0.018524782,0.215502728,0.117671992,-0.96323,-0.0024,-0.0068,0.026625996
0.27,0.27,0.26,0.262695853,0.145654673,-0.60368,6E-05,-0.0125,0.042891736,0.271842685,0.106826045,-0.74835,-0.00131,-0.0098,-0.011117684,0.256883762,0.109908835,-0.85432,-0.003,0.0455,0.018524782
0.27,0.27,0.27,0.278600365,0.129498377,-0.47488,0.00231,-0.0464,-0.05298123,0.262695853,0.145654673,-0.60368,6E-05,-0.0125,0.042891736,0.271842685,0.106826045,-0.74835,-0.00131,-0.0098,-0.011117684
0.27,0.27,0.27,0.264221167,0.105425316,-0.3699,0.0015,0.0762,0.034085434,0.278600365,0.129498377,-0.47488,0.00231,-0.0464,-0.05298123,0.262695853,0.145654673,-0.60368,6E-05,-0.0125,0.042891736
0.23,0.27,0.27,0.22994145,0.014342026,-0.35561,0.00318,0.0568,0.000351237,0.264221167,0.105425316,-0.3699,0.0015,0.0762,0.034085434,0.278600365,0.129498377,-0.47488,0.00231,-0.0464,-0.05298123
0.18,0.23,0.27,0.179176394,-0.051867848,-0.40728,0.00426,0.1006,0.004929468,0.22994145,0.014342026,-0.35561,0.00318,0.0568,0.000351237,0.264221167,0.105425316,-0.3699,0.0015,0.0762,0.034085434
0.12,0.18,0.23,0.119501962,-0.072330634,-0.47929,-0.00025,-0.0955,0.00298377,0.179176394,-0.051867848,-0.40728,0.00426,0.1006,0.004929468,0.22994145,0.014342026,-0.35561,0.00318,0.0568,0.000351237
0.1,0.12,0.18,0.096896413,0.026855125,-0.45256,0.00681,0.086,0.018450266,0.119501962,-0.072330634,-0.47929,-0.00025,-0.0955,0.00298377,0.179176394,-0.051867848,-0.40728,0.00426,0.1006,0.004929468
0.1,0.1,0.12,0.102746845,0.085370065,-0.36754,0.0013,-0.0344,-0.016618391,0.096896413,0.026855125,-0.45256,0.00681,0.086,0.018450266,0.119501962,-0.072330634,-0.47929,-0.00025,-0.0955,0.00298377
0.1,0.1,0.1,0.096649379,0.055147536,-0.31258,-0.00381,-0.0264,0.019904314,0.102746845,0.085370065,-0.36754,0.0013,-0.0344,-0.016618391,0.096896413,0.026855125,-0.45256,0.00681,0.086,0.018450266
0.08,0.1,0.1,0.080578831,0.048078761,-0.26464,0.0006,-1E-04,-0.003479027,0.096649379,0.055147536,-0.31258,-0.00381,-0.0264,0.019904314,0.102746845,0.085370065,-0.36754,0.0013,-0.0344,-0.016618391
0.06,0.08,0.1,0.061527414,0.088414987,-0.17642,4E-05,-0.0341,-0.009206738,0.080578831,0.048078761,-0.26464,0.0006,-1E-04,-0.003479027,0.096649379,0.055147536,-0.31258,-0.00381,-0.0264,0.019904314
0.03,0.06,0.08,0.029551675,0.108812849,-0.06774,0.00508,0.07,0.002686338,0.061527414,0.088414987,-0.17642,4E-05,-0.0341,-0.009206738,0.080578831,0.048078761,-0.26464,0.0006,-1E-04,-0.003479027
-0.03,0.03,0.06,-0.034607921,0.051641654,-0.01612,0.00079,-0.0225,0.027272234,0.029551675,0.108812849,-0.06774,0.00508,0.07,0.002686338,0.061527414,0.088414987,-0.17642,4E-05,-0.0341,-0.009206738
-0.09,-0.03,0.03,-0.089291144,0.011531194,-0.00459,0.0165,0.0366,-0.004262205,-0.034607921,0.051641654,-0.01612,0.00079,-0.0225,0.027272234,0.029551675,0.108812849,-0.06774,0.00508,0.07,0.002686338
-0.13,-0.09,-0.03,-0.129209126,-0.02413402,-0.02872,0.01247,-0.0472,-0.004756538,-0.089291144,0.011531194,-0.00459,0.0165,0.0366,-0.004262205,-0.034607921,0.051641654,-0.01612,0.00079,-0.0225,0.027272234
-0.15,-0.13,-0.09,-0.148601906,-0.019937713,-0.04865,0.00478,0.0235,-0.008423948,-0.129209126,-0.02413402,-0.02872,0.01247,-0.0472,-0.004756538,-0.089291144,0.011531194,-0.00459,0.0165,0.0366,-0.004262205
-0.17,-0.15,-0.13,-0.171552158,0.010474548,-0.03818,0.00172,-0.0324,0.009269848,-0.148601906,-0.019937713,-0.04865,0.00478,0.0235,-0.008423948,-0.129209126,-0.02413402,-0.02872,0.01247,-0.0472,-0.004756538
-0.15,-0.17,-0.15,-0.14092299,0.05288621,0.0147,-0.00455,-0.0187,-0.056001264,-0.171552158,0.010474548,-0.03818,0.00172,-0.0324,0.009269848,-0.148601906,-0.019937713,-0.04865,0.00478,0.0235,-0.008423948
-0.13,-0.15,-0.17,-0.136124563,0.106427692,0.1212,-0.00208,0.0188,0.036088292,-0.14092299,0.05288621,0.0147,-0.00455,-0.0187,-0.056001264,-0.171552158,0.010474548,-0.03818,0.00172,-0.0324,0.009269848
-0.1,-0.13,-0.15,-0.097600647,0.184406161,0.306,0.0019,0.0057,-0.014500747,-0.136124563,0.106427692,0.1212,-0.00208,0.0188,0.036088292,-0.14092299,0.05288621,0.0147,-0.00455,-0.0187,-0.056001264
-0.06,-0.1,-0.13,-0.061638475,0.203071639,0.5099,0.00442,-0.003,0.009782842,-0.097600647,0.184406161,0.306,0.0019,0.0057,-0.014500747,-0.136124563,0.106427692,0.1212,-0.00208,0.0188,0.036088292
-0.01,-0.06,-0.1,-0.016696166,0.134920517,0.6456,0.00103,0.0332,0.039390887,-0.061638475,0.203071639,0.5099,0.00442,-0.003,0.009782842,-0.097600647,0.184406161,0.306,0.0019,0.0057,-0.014500747
0,-0.01,-0.06,-0.000144931,0.05979596,0.7058,0.00073,-0.0705,0.000869208,-0.016696166,0.134920517,0.6456,0.00103,0.0332,0.039390887,-0.061638475,0.203071639,0.5099,0.00442,-0.003,0.009782842
0,0,-0.01,-0.002701804,-0.001588799,0.7042,0.00514,0.0199,0.016080834,-0.000144931,0.05979596,0.7058,0.00073,-0.0705,0.000869208,-0.016696166,0.134920517,0.6456,0.00103,0.0332,0.039390887
-0.04,0,0,-0.039717838,-0.065559964,0.6382,-0.00152,-0.0292,-0.001694409,-0.002701804,-0.001588799,0.7042,0.00514,0.0199,0.016080834,-0.000144931,0.05979596,0.7058,0.00073,-0.0705,0.000869208
-0.07,-0.04,0,-0.065201086,-0.050987676,0.5869,0.0039,-0.0269,-0.029216151,-0.039717838,-0.065559964,0.6382,-0.00152,-0.0292,-0.001694409,-0.002701804,-0.001588799,0.7042,0.00514,0.0199,0.016080834
-0.11,-0.07,-0.04,-0.106644354,-0.106730868,0.4796,0.00896,0.0361,-0.020339325,-0.065201086,-0.050987676,0.5869,0.0039,-0.0269,-0.029216151,-0.039717838,-0.065559964,0.6382,-0.00152,-0.0292,-0.001694409
-0.16,-0.11,-0.07,-0.154971124,-0.086423028,0.3928,0.00586,-0.0165,-0.030637841,-0.106644354,-0.106730868,0.4796,0.00896,0.0361,-0.020339325,-0.065201086,-0.050987676,0.5869,0.0039,-0.0269,-0.029216151
-0.17,-0.16,-0.11,-0.160725316,-0.02659907,0.3661,-0.00094,-0.012,-0.057256411,-0.154971124,-0.086423028,0.3928,0.00586,-0.0165,-0.030637841,-0.106644354,-0.106730868,0.4796,0.00896,0.0361,-0.020339325
-0.17,-0.17,-0.16,-0.176939835,0.105059966,0.4716,-0.0057,-0.0187,0.040795443,-0.160725316,-0.02659907,0.3661,-0.00094,-0.012,-0.057256411,-0.154971124,-0.086423028,0.3928,0.00586,-0.0165,-0.030637841
-0.17,-0.17,-0.17,-0.169108673,0.133878549,0.6062,-0.00635,-0.0216,-0.005362314,-0.176939835,0.105059966,0.4716,-0.0057,-0.0187,0.040795443,-0.160725316,-0.02659907,0.3661,-0.00094,-0.012,-0.057256411
-0.15,-0.17,-0.17,-0.146391263,0.04432144,0.6508,0.00906,-0.0043,-0.021890275,-0.169108673,0.133878549,0.6062,-0.00635,-0.0216,-0.005362314,-0.176939835,0.105059966,0.4716,-0.0057,-0.0187,0.040795443
-0.15,-0.15,-0.17,-0.143721293,-0.067384309,0.583,0.00699,0.0237,-0.038400182,-0.146391263,0.04432144,0.6508,0.00906,-0.0043,-0.021890275,-0.169108673,0.133878549,0.6062,-0.00635,-0.0216,-0.005362314
-0.12,-0.15,-0.15,-0.118423981,-0.10812839,0.4743,0.00097,-0.04,-0.009501108,-0.143721293,-0.067384309,0.583,0.00699,0.0237,-0.038400182,-0.146391263,0.04432144,0.6508,0.00906,-0.0043,-0.021890275
-0.08,-0.12,-0.15,-0.087689049,-0.06312063,0.4109,-0.00248,0.0465,0.045101744,-0.118423981,-0.10812839,0.4743,0.00097,-0.04,-0.009501108,-0.143721293,-0.067384309,0.583,0.00699,0.0237,-0.038400182
-0.04,-0.08,-0.12,-0.043217892,0.004581071,0.4155,0.00065,0.0064,0.01912333,-0.087689049,-0.06312063,0.4109,-0.00248,0.0465,0.045101744,-0.118423981,-0.10812839,0.4743,0.00097,-0.04,-0.009501108
-0.01,-0.04,-0.08,-0.007377179,0.05177143,0.4675,0.00039,0.0174,-0.015862067,-0.043217892,0.004581071,0.4155,0.00065,0.0064,0.01912333,-0.087689049,-0.06312063,0.4109,-0.00248,0.0465,0.045101744
0.03,-0.01,-0.04,0.029943024,-0.011148505,0.4563,-0.01461,0.0295,0.000341796,-0.007377179,0.05177143,0.4675,0.00039,0.0174,-0.015862067,-0.043217892,0.004581071,0.4155,0.00065,0.0064,0.01912333
0.09,0.03,-0.01,0.077029736,-0.078672099,0.3773,-0.06108,-0.0372,0.074941953,0.029943024,-0.011148505,0.4563,-0.01461,0.0295,0.000341796,-0.007377179,0.05177143,0.4675,0.00039,0.0174,-0.015862067
0.18,0.09,0.03,0.175830121,-0.01564221,0.3616,-0.10747,0.0103,0.024711414,0.077029736,-0.078672099,0.3773,-0.06108,-0.0372,0.074941953,0.029943024,-0.011148505,0.4563,-0.01461,0.0295,0.000341796
0.21,0.18,0.09,0.210211211,0.035166631,0.3969,-0.02706,0.0081,-0.001268067,0.175830121,-0.01564221,0.3616,-0.10747,0.0103,0.024711414,0.077029736,-0.078672099,0.3773,-0.06108,-0.0372,0.074941953
0.2,0.21,0.18,0.195170354,0.036249529,0.4333,0.01843,-0.0052,0.028565957,0.210211211,0.035166631,0.3969,-0.02706,0.0081,-0.001268067,0.175830121,-0.01564221,0.3616,-0.10747,0.0103,0.024711414
0.15,0.2,0.21,0.154941328,0.069474722,0.5031,0.00023,0.0812,-0.030096354,0.195170354,0.036249529,0.4333,0.01843,-0.0052,0.028565957,0.210211211,0.035166631,0.3969,-0.02706,0.0081,-0.001268067
0.11,0.15,0.2,0.105898045,0.055008046,0.5584,-0.02547,-0.0308,0.024313739,0.154941328,0.069474722,0.5031,0.00023,0.0812,-0.030096354,0.195170354,0.036249529,0.4333,0.01843,-0.0052,0.028565957
0.06,0.11,0.15,0.05432236,-0.005370158,0.553,-0.01016,0.0404,0.033498448,0.105898045,0.055008046,0.5584,-0.02547,-0.0308,0.024313739,0.154941328,0.069474722,0.5031,0.00023,0.0812,-0.030096354
0.04,0.06,0.11,0.039255884,0.023268602,0.5764,-0.00536,0.0133,0.004454757,0.05432236,-0.005370158,0.553,-0.01016,0.0404,0.033498448,0.105898045,0.055008046,0.5584,-0.02547,-0.0308,0.024313739
0.02,0.04,0.06,0.017258251,0.098682208,0.6757,-0.01107,-0.0132,0.016316653,0.039255884,0.023268602,0.5764,-0.00536,0.0133,0.004454757,0.05432236,-0.005370158,0.553,-0.01016,0.0404,0.033498448
0.02,0.02,0.04,0.02202755,0.106126191,0.7826,-0.01054,-0.0203,-0.012239903,0.017258251,0.098682208,0.6757,-0.01107,-0.0132,0.016316653,0.039255884,0.023268602,0.5764,-0.00536,0.0133,0.004454757
0.05,0.02,0.02,0.046593749,0.070225558,0.8534,-0.02432,0.0273,0.020231463,0.02202755,0.106126191,0.7826,-0.01054,-0.0203,-0.012239903,0.017258251,0.098682208,0.6757,-0.01107,-0.0132,0.016316653
0.04,0.05,0.02,0.038980219,0.024190606,0.8778,-0.01639,0.0261,0.006100041,0.046593749,0.070225558,0.8534,-0.02432,0.0273,0.020231463,0.02202755,0.106126191,0.7826,-0.01054,-0.0203,-0.012239903
0,0.04,0.05,0.001521031,0.030725529,0.9088,-0.00132,0.0292,-0.009168086,0.038980219,0.024190606,0.8778,-0.01639,0.0261,0.006100041,0.046593749,0.070225558,0.8534,-0.02432,0.0273,0.020231463
-0.04,0,0.04,-0.040292622,0.061422751,0.9708,-0.01191,-0.0329,0.001754193,0.001521031,0.030725529,0.9088,-0.00132,0.0292,-0.009168086,0.038980219,0.024190606,0.8778,-0.01639,0.0261,0.006100041
-0.07,-0.04,0,-0.068330868,0.072074073,1.0436,0.02792,-0.0215,-0.010065279,-0.040292622,0.061422751,0.9708,-0.01191,-0.0329,0.001754193,0.001521031,0.030725529,0.9088,-0.00132,0.0292,-0.009168086
-0.12,-0.07,-0.04,-0.123943432,0.085174457,1.1297,0.07276,-0.0187,0.023385016,-0.068330868,0.072074073,1.0436,0.02792,-0.0215,-0.010065279,-0.040292622,0.061422751,0.9708,-0.01191,-0.0329,0.001754193
-0.15,-0.12,-0.07,-0.148513837,0.024223381,1.1542,0.1367,0.0341,-0.008956975,-0.123943432,0.085174457,1.1297,0.07276,-0.0187,0.023385016,-0.068330868,0.072074073,1.0436,0.02792,-0.0215,-0.010065279
-0.15,-0.15,-0.12,-0.151143853,-0.00790903,1.1462,0.00014,0.0093,0.006839675,-0.148513837,0.024223381,1.1542,0.1367,0.0341,-0.008956975,-0.123943432,0.085174457,1.1297,0.07276,-0.0187,0.023385016
-0.13,-0.15,-0.15,-0.134515912,9.88667E-05,1.1463,0.00379,0.0073,0.026734886,-0.151143853,-0.00790903,1.1462,0.00014,0.0093,0.006839675,-0.148513837,0.024223381,1.1542,0.1367,0.0341,-0.008956975
-0.13,-0.13,-0.15,-0.120483144,0.017695572,1.1642,0.02433,-0.0767,-0.058796249,-0.134515912,9.88667E-05,1.1463,0.00379,0.0073,0.026734886,-0.151143853,-0.00790903,1.1462,0.00014,0.0093,0.006839675
-0.1,-0.13,-0.13,-0.096156469,0.008698351,1.173,0.08159,-0.0795,-0.023331255,-0.120483144,0.017695572,1.1642,0.02433,-0.0767,-0.058796249,-0.134515912,9.88667E-05,1.1463,0.00379,0.0073,0.026734886
-0.09,-0.1,-0.13,-0.094434783,-0.012256986,1.1606,0.12787,0.0694,0.026260846,-0.096156469,0.008698351,1.173,0.08159,-0.0795,-0.023331255,-0.120483144,0.017695572,1.1642,0.02433,-0.0767,-0.058796249
-0.11,-0.09,-0.1,-0.119376893,-0.005041616,1.1555,-0.11274,-0.016,0.054735651,-0.094434783,-0.012256986,1.1606,0.12787,0.0694,0.026260846,-0.096156469,0.008698351,1.173,0.08159,-0.0795,-0.023331255
-0.16,-0.11,-0.09,-0.159356388,0.014234496,1.1699,-0.00487,0.0359,-0.003869145,-0.119376893,-0.005041616,1.1555,-0.11274,-0.016,0.054735651,-0.094434783,-0.012256986,1.1606,0.12787,0.0694,0.026260846
-0.25,-0.16,-0.11,-0.249872243,0.018580876,1.1887,0.10751,0.0224,-0.000766837,-0.159356388,0.014234496,1.1699,-0.00487,0.0359,-0.003869145,-0.119376893,-0.005041616,1.1555,-0.11274,-0.016,0.054735651
-0.32,-0.25,-0.16,-0.318983192,-0.048732728,1.1394,0.059,-0.006,-0.006119532,-0.249872243,0.018580876,1.1887,0.10751,0.0224,-0.000766837,-0.159356388,0.014234496,1.1699,-0.00487,0.0359,-0.003869145
-0.37,-0.32,-0.25,-0.365211702,-0.071412113,1.0672,-0.00426,-0.028,-0.029150565,-0.318983192,-0.048732728,1.1394,0.059,-0.006,-0.006119532,-0.249872243,0.018580876,1.1887,0.10751,0.0224,-0.000766837
-0.36,-0.37,-0.32,-0.354383882,-0.092159382,0.9741,0.00525,-0.0421,-0.034277528,-0.365211702,-0.071412113,1.0672,-0.00426,-0.028,-0.029150565,-0.318983192,-0.048732728,1.1394,0.059,-0.006,-0.006119532
-0.32,-0.36,-0.37,-0.31775308,-0.104933416,0.8682,0.06865,0.0538,-0.013573223,-0.354383882,-0.092159382,0.9741,0.00525,-0.0421,-0.034277528,-0.365211702,-0.071412113,1.0672,-0.00426,-0.028,-0.029150565
-0.26,-0.32,-0.36,-0.253847755,-0.076664037,0.7909,0.02961,0.0294,-0.037612015,-0.31775308,-0.104933416,0.8682,0.06865,0.0538,-0.013573223,-0.354383882,-0.092159382,0.9741,0.00525,-0.0421,-0.034277528
-0.16,-0.26,-0.32,-0.161840556,-0.02758566,0.7631,0.01378,-0.0459,0.010982803,-0.253847755,-0.076664037,0.7909,0.02961,0.0294,-0.037612015,-0.31775308,-0.104933416,0.8682,0.06865,0.0538,-0.013573223
-0.07,-0.16,-0.26,-0.077087178,0.065577904,0.8292,-0.04224,-0.0501,0.041643799,-0.161840556,-0.02758566,0.7631,0.01378,-0.0459,0.010982803,-0.253847755,-0.076664037,0.7909,0.02961,0.0294,-0.037612015
0,-0.07,-0.16,-0.001334677,0.078418741,0.9083,-0.03598,-0.0226,0.007976166,-0.077087178,0.065577904,0.8292,-0.04224,-0.0501,0.041643799,-0.161840556,-0.02758566,0.7631,0.01378,-0.0459,0.010982803
0.02,0,-0.07,0.014633681,0.014665706,0.9231,-0.02,-0.0274,0.031690428,-0.001334677,0.078418741,0.9083,-0.03598,-0.0226,0.007976166,-0.077087178,0.065577904,0.8292,-0.04224,-0.0501,0.041643799
0.02,0.02,0,0.023509256,-0.030126482,0.8927,-0.02,-0.066,-0.021280364,0.014633681,0.014665706,0.9231,-0.02,-0.0274,0.031690428,-0.001334677,0.078418741,0.9083,-0.03598,-0.0226,0.007976166
0,0.02,0.02,-0.001817053,-0.092814886,0.7991,-0.02,0.0259,0.010843313,0.023509256,-0.030126482,0.8927,-0.02,-0.066,-0.021280364,0.014633681,0.014665706,0.9231,-0.02,-0.0274,0.031690428
-0.02,0,0.02,-0.0243012,-0.12656929,0.6716,-0.01,-0.0545,0.025479812,-0.001817053,-0.092814886,0.7991,-0.02,0.0259,0.010843313,0.023509256,-0.030126482,0.8927,-0.02,-0.066,-0.021280364
-0.04,-0.02,0,-0.032257695,-0.149707323,0.521,-0.01,0.0441,-0.047567434,-0.0243012,-0.12656929,0.6716,-0.01,-0.0545,0.025479812,-0.001817053,-0.092814886,0.7991,-0.02,0.0259,0.010843313
-0.02,-0.04,-0.02,-0.02281068,-0.021589859,0.4993,0.01,-0.1445,0.016723457,-0.032257695,-0.149707323,0.521,-0.01,0.0441,-0.047567434,-0.0243012,-0.12656929,0.6716,-0.01,-0.0545,0.025479812
0.05,-0.02,-0.04,0.05224693,0.071815503,0.5715,0.01,0.0744,-0.013573281,-0.02281068,-0.021589859,0.4993,0.01,-0.1445,0.016723457,-0.032257695,-0.149707323,0.521,-0.01,0.0441,-0.047567434
0.17,0.05,-0.02,0.167067262,0.139901992,0.7123,0.01,0.0471,0.017443403,0.05224693,0.071815503,0.5715,0.01,0.0744,-0.013573281,-0.02281068,-0.021589859,0.4993,0.01,-0.1445,0.016723457
0.27,0.17,0.05,0.268274046,0.100830571,0.8139,0,-0.0572,0.010302471,0.167067262,0.139901992,0.7123,0.01,0.0471,0.017443403,0.05224693,0.071815503,0.5715,0.01,0.0744,-0.013573281
0.37,0.27,0.17,0.367016793,-0.069458987,0.7439,-0.05,0.0477,0.017740935,0.268274046,0.100830571,0.8139,0,-0.0572,0.010302471,0.167067262,0.139901992,0.7123,0.01,0.0471,0.017443403
0.46,0.37,0.27,0.465378202,-0.480187505,0.2613,0.01,0.0363,-0.032801342,0.367016793,-0.069458987,0.7439,-0.05,0.0477,0.017740935,0.268274046,0.100830571,0.8139,0,-0.0572,0.010302471
-3.19,0.46,0.37,-3.15418559,-1.037214284,-0.77325,-0.22,-0.119,-0.241926938,0.465378202,-0.480187505,0.2613,0.01,0.0363,-0.032801342,0.367016793,-0.069458987,0.7439,-0.05,0.0477,0.017740935
-8.92,-3.19,0.46,-8.919934993,-1.118573956,-1.87699,0.12,-0.2776,-0.00039012,-3.15418559,-1.037214284,-0.77325,-0.22,-0.119,-0.241926938,0.465378202,-0.480187505,0.2613,0.01,0.0363,-0.032801342
2.57,-8.92,-3.19,2.563685754,-0.347903245,-2.21777,-0.32,0.0373,0.037185447,-8.919934993,-1.118573956,-1.87699,0.12,-0.2776,-0.00039012,-3.15418559,-1.037214284,-0.77325,-0.22,-0.119,-0.241926938
5.52,2.57,-8.92,5.511955512,0.208950431,-2.01324,-0.14,0.0858,0.047138256,2.563685754,-0.347903245,-2.21777,-0.32,0.0373,0.037185447,-8.919934993,-1.118573956,-1.87699,0.12,-0.2776,-0.00039012
4.28,5.52,2.57,4.282062319,0.278292913,-1.74017,-0.09,0.2121,-0.012451106,5.511955512,0.208950431,-2.01324,-0.14,0.0858,0.047138256,2.563685754,-0.347903245,-2.21777,-0.32,0.0373,0.037185447
-0.05,4.28,5.52,-0.047329214,0.252744072,-1.49151,-0.03,-0.0991,-0.0161545,4.282062319,0.278292913,-1.74017,-0.09,0.2121,-0.012451106,5.511955512,0.208950431,-2.01324,-0.14,0.0858,0.047138256
-0.83,-0.05,4.28,-0.826278076,0.213854239,-1.28062,-0.01,0.0623,-0.022584671,-0.047329214,0.252744072,-1.49151,-0.03,-0.0991,-0.0161545,4.282062319,0.278292913,-1.74017,-0.09,0.2121,-0.012451106
-0.45,-0.83,-0.05,-0.447709982,0.079749892,-1.20186,-0.01,0.1709,-0.013835375,-0.826278076,0.213854239,-1.28062,-0.01,0.0623,-0.022584671,-0.047329214,0.252744072,-1.49151,-0.03,-0.0991,-0.0161545
0,-0.45,-0.83,-0.010568251,0.011952952,-1.19005,-0.01,-0.1662,0.06148026,-0.447709982,0.079749892,-1.20186,-0.01,0.1709,-0.013835375,-0.826278076,0.213854239,-1.28062,-0.01,0.0623,-0.022584671
1.05,0,-0.45,1.042101816,0.114902141,-1.07645,-0.01,0.0862,0.046300502,-0.010568251,0.011952952,-1.19005,-0.01,-0.1662,0.06148026,-0.447709982,0.079749892,-1.20186,-0.01,0.1709,-0.013835375
-0.36,1.05,0,-0.364341373,0.140292785,-0.93757,0,-0.1321,0.025714763,1.042101816,0.114902141,-1.07645,-0.01,0.0862,0.046300502,-0.010568251,0.011952952,-1.19005,-0.01,-0.1662,0.06148026
0.83,-0.36,1.05,0.832582226,0.278214713,-0.66158,0.02,0.1094,-0.01561463,-0.364341373,0.140292785,-0.93757,0,-0.1321,0.025714763,1.042101816,0.114902141,-1.07645,-0.01,0.0862,0.046300502
1.05,0.83,-0.36,1.0467085,0.408913637,-0.25454,0.03,0.2077,0.01955652,0.832582226,0.278214713,-0.66158,0.02,0.1094,-0.01561463,-0.364341373,0.140292785,-0.93757,0,-0.1321,0.025714763
0.67,1.05,0.83,0.665218959,0.324040572,0.0692,0.01,-0.0009,0.028282499,1.0467085,0.408913637,-0.25454,0.03,0.2077,0.01955652,0.832582226,0.278214713,-0.66158,0.02,0.1094,-0.01561463
0.48,0.67,1.05,0.477218819,0.245528218,0.3152,-0.01,0.0971,0.016549386,0.665218959,0.324040572,0.0692,0.01,-0.0009,0.028282499,1.0467085,0.408913637,-0.25454,0.03,0.2077,0.01955652
0.34,0.48,0.67,0.338196505,0.151208652,0.467,0,0.0192,0.010762842,0.477218819,0.245528218,0.3152,-0.01,0.0971,0.016549386,0.665218959,0.324040572,0.0692,0.01,-0.0009,0.028282499
0.14,0.34,0.48,0.141168759,-0.099784009,0.3668,0,0.052,-0.007037256,0.338196505,0.151208652,0.467,0,0.0192,0.010762842,0.477218819,0.245528218,0.3152,-0.01,0.0971,0.016549386
-0.04,0.14,0.34,-0.042159702,-0.238610269,0.1276,-0.01,-0.0622,0.012874972,0.141168759,-0.099784009,0.3668,0,0.052,-0.007037256,0.338196505,0.151208652,0.467,0,0.0192,0.010762842
-0.17,-0.04,0.14,-0.168275311,-0.163875269,-0.03635,0,0.0122,-0.010402048,-0.042159702,-0.238610269,0.1276,-0.01,-0.0622,0.012874972,0.141168759,-0.099784009,0.3668,0,0.052,-0.007037256
-0.26,-0.17,-0.04,-0.262312585,-0.183164162,-0.21928,0.09,0.0275,0.013780126,-0.168275311,-0.163875269,-0.03635,0,0.0122,-0.010402048,-0.042159702,-0.238610269,0.1276,-0.01,-0.0622,0.012874972
-0.36,-0.26,-0.17,-0.362365176,-0.227326105,-0.44585,-0.03,0.0438,0.014091307,-0.262312585,-0.183164162,-0.21928,0.09,0.0275,0.013780126,-0.168275311,-0.163875269,-0.03635,0,0.0122,-0.010402048
-0.51,-0.36,-0.26,-0.510537859,-0.240439536,-0.68493,0.03,-0.0171,0.003221954,-0.362365176,-0.227326105,-0.44585,-0.03,0.0438,0.014091307,-0.262312585,-0.183164162,-0.21928,0.09,0.0275,0.013780126
-0.7,-0.51,-0.36,-0.70473874,-0.335041599,-1.01712,0.37,-0.0253,0.028035742,-0.510537859,-0.240439536,-0.68493,0.03,-0.0171,0.003221954,-0.362365176,-0.227326105,-0.44585,-0.03,0.0438,0.014091307
-0.87,-0.7,-0.51,-0.870889227,-0.464551459,-1.47588,0.28,-0.0239,0.005321178,-0.70473874,-0.335041599,-1.01712,0.37,-0.0253,0.028035742,-0.510537859,-0.240439536,-0.68493,0.03,-0.0171,0.003221954
-0.92,-0.87,-0.7,-0.91512106,-0.546279848,-2.01263,0.18,-0.0024,-0.029710665,-0.870889227,-0.464551459,-1.47588,0.28,-0.0239,0.005321178,-0.70473874,-0.335041599,-1.01712,0.37,-0.0253,0.028035742
-0.84,-0.92,-0.87,-0.845597814,-0.397267733,-2.40113,0.14,-0.0842,0.033035164,-0.91512106,-0.546279848,-2.01263,0.18,-0.0024,-0.029710665,-0.870889227,-0.464551459,-1.47588,0.28,-0.0239,0.005321178
-0.71,-0.84,-0.92,-0.707605916,-0.376614294,-2.76801,0.18,0.0871,-0.014468673,-0.845597814,-0.397267733,-2.40113,0.14,-0.0842,0.033035164,-0.91512106,-0.546279848,-2.01263,0.18,-0.0024,-0.029710665
-0.56,-0.71,-0.84,-0.556578225,-0.378667784,-3.1355,0.26,-0.0941,-0.020744335,-0.707605916,-0.376614294,-2.76801,0.18,0.0871,-0.014468673,-0.845597814,-0.397267733,-2.40113,0.14,-0.0842,0.033035164
-0.41,-0.56,-0.71,-0.408330427,-0.207101247,-3.3359,0.27,-0.0314,-0.01006795,-0.556578225,-0.378667784,-3.1355,0.26,-0.0941,-0.020744335,-0.707605916,-0.376614294,-2.76801,0.18,0.0871,-0.014468673
-0.29,-0.41,-0.56,-0.295549507,0.004551741,-3.3315,0.39,-0.1222,0.032754699,-0.408330427,-0.207101247,-3.3359,0.27,-0.0314,-0.01006795,-0.556578225,-0.378667784,-3.1355,0.26,-0.0941,-0.020744335
-0.15,-0.29,-0.41,-0.143804795,0.019952803,-3.31221,0.68,-0.0344,-0.037879689,-0.295549507,0.004551741,-3.3315,0.39,-0.1222,0.032754699,-0.408330427,-0.207101247,-3.3359,0.27,-0.0314,-0.01006795
0.03,-0.15,-0.29,0.03502898,0.099301384,-3.21615,0.48,0.1075,-0.030638478,-0.143804795,0.019952803,-3.31221,0.68,-0.0344,-0.037879689,-0.295549507,0.004551741,-3.3315,0.39,-0.1222,0.032754699
0.21,0.03,-0.15,0.200533711,0.186035599,-3.03593,0.13,-0.073,0.055243333,0.03502898,0.099301384,-3.21615,0.48,0.1075,-0.030638478,-0.143804795,0.019952803,-3.31221,0.68,-0.0344,-0.037879689
0.33,0.21,0.03,0.327604953,0.278642622,-2.76537,0.26,-0.017,0.014268011,0.200533711,0.186035599,-3.03593,0.13,-0.073,0.055243333,0.03502898,0.099301384,-3.21615,0.48,0.1075,-0.030638478
0.43,0.33,0.21,0.424210225,0.311717241,-2.4618,0.23,0.0413,0.034148883,0.327604953,0.278642622,-2.76537,0.26,-0.017,0.014268011,0.200533711,0.186035599,-3.03593,0.13,-0.073,0.055243333
0.48,0.43,0.33,0.476087528,0.254100287,-2.21364,0.2,-0.0539,0.023203539,0.424210225,0.311717241,-2.4618,0.23,0.0413,0.034148883,0.327604953,0.278642622,-2.76537,0.26,-0.017,0.014268011
0.46,0.48,0.43,0.465832975,0.174360994,-2.04299,0.12,0.0177,-0.03562495,0.476087528,0.254100287,-2.21364,0.2,-0.0539,0.023203539,0.424210225,0.311717241,-2.4618,0.23,0.0413,0.034148883
0.44,0.46,0.48,0.436046109,0.213895623,-1.83324,0.19,-0.0443,0.02344632,0.465832975,0.174360994,-2.04299,0.12,0.0177,-0.03562495,0.476087528,0.254100287,-2.21364,0.2,-0.0539,0.023203539
0.41,0.44,0.46,0.412273699,0.190931181,-1.64563,0.21,-0.0162,-0.013736101,0.436046109,0.213895623,-1.83324,0.19,-0.0443,0.02344632,0.465832975,0.174360994,-2.04299,0.12,0.0177,-0.03562495
0.36,0.41,0.44,0.363363589,0.178520975,-1.46989,0.36,0.0192,-0.020387962,0.412273699,0.190931181,-1.64563,0.21,-0.0162,-0.013736101,0.436046109,0.213895623,-1.83324,0.19,-0.0443,0.02344632
0.3,0.36,0.41,0.300975231,0.0793047,-1.39172,0.4,0.1053,-0.005868569,0.363363589,0.178520975,-1.46989,0.36,0.0192,-0.020387962,0.412273699,0.190931181,-1.64563,0.21,-0.0162,-0.013736101
0.3,0.3,0.36,0.301536781,-0.103797675,-1.49402,0.04,-0.0989,-0.009263457,0.300975231,0.0793047,-1.39172,0.4,0.1053,-0.005868569,0.363363589,0.178520975,-1.46989,0.36,0.0192,-0.020387962
0.26,0.3,0.3,0.257029996,-0.16397213,-1.65541,-0.01,0.0023,0.017663111,0.301536781,-0.103797675,-1.49402,0.04,-0.0989,-0.009263457,0.300975231,0.0793047,-1.39172,0.4,0.1053,-0.005868569
0.23,0.26,0.3,0.232078424,-0.104167741,-1.7578,-0.12,0.0808,-0.012548955,0.257029996,-0.16397213,-1.65541,-0.01,0.0023,0.017663111,0.301536781,-0.103797675,-1.49402,0.04,-0.0989,-0.009263457
0.2,0.23,0.26,0.200870898,0.109943184,-1.64973,-0.04,-0.1196,-0.005239089,0.232078424,-0.104167741,-1.7578,-0.12,0.0808,-0.012548955,0.257029996,-0.16397213,-1.65541,-0.01,0.0023,0.017663111
0.19,0.2,0.23,0.186137168,0.327636669,-1.32697,-0.14,0.0463,0.022912484,0.200870898,0.109943184,-1.64973,-0.04,-0.1196,-0.005239089,0.232078424,-0.104167741,-1.7578,-0.12,0.0808,-0.012548955
0.18,0.19,0.2,0.180234262,0.34575761,-0.98521,-0.02,-0.042,-0.001406562,0.186137168,0.327636669,-1.32697,-0.14,0.0463,0.022912484,0.200870898,0.109943184,-1.64973,-0.04,-0.1196,-0.005239089
0.16,0.18,0.19,0.159241876,0.188158371,-0.79873,0.01,0.0194,0.004538428,0.180234262,0.34575761,-0.98521,-0.02,-0.042,-0.001406562,0.186137168,0.327636669,-1.32697,-0.14,0.0463,0.022912484
0.14,0.16,0.18,0.136942819,0.061311061,-0.73789,-0.01,0.0177,0.018176882,0.159241876,0.188158371,-0.79873,0.01,0.0194,0.004538428,0.180234262,0.34575761,-0.98521,-0.02,-0.042,-0.001406562
0.16,0.14,0.16,0.155753918,-0.072904326,-0.81023,-0.02,0.0524,0.025157375,0.136942819,0.061311061,-0.73789,-0.01,0.0177,0.018176882,0.159241876,0.188158371,-0.79873,0.01,0.0194,0.004538428
0.2,0.16,0.14,0.192727127,-0.140263988,-0.94926,-0.02,-0.1096,0.042711959,0.155753918,-0.072904326,-0.81023,-0.02,0.0524,0.025157375,0.136942819,0.061311061,-0.73789,-0.01,0.0177,0.018176882
0.2,0.2,0.16,0.202184476,-0.079728302,-1.0282,0,0.0693,-0.013193506,0.192727127,-0.140263988,-0.94926,-0.02,-0.1096,0.042711959,0.155753918,-0.072904326,-0.81023,-0.02,0.0524,0.025157375
0.15,0.2,0.2,0.150212038,-0.019947065,-1.04794,-0.07,0.0285,-0.001273037,0.202184476,-0.079728302,-1.0282,0,0.0693,-0.013193506,0.192727127,-0.140263988,-0.94926,-0.02,-0.1096,0.042711959
0.04,0.15,0.2,0.038950516,0.036647397,-1.01167,-0.18,-0.0488,0.006277163,0.150212038,-0.019947065,-1.04794,-0.07,0.0285,-0.001273037,0.202184476,-0.079728302,-1.0282,0,0.0693,-0.013193506
-0.06,0.04,0.15,-0.060183293,0.071881625,-0.94049,-0.07,-0.0678,0.001099151,0.038950516,0.036647397,-1.01167,-0.18,-0.0488,0.006277163,0.150212038,-0.019947065,-1.04794,-0.07,0.0285,-0.001273037
-0.1,-0.06,0.04,-0.100020742,0.068188269,-0.87292,-0.09,0.0675,0.000124446,-0.060183293,0.071881625,-0.94049,-0.07,-0.0678,0.001099151,0.038950516,0.036647397,-1.01167,-0.18,-0.0488,0.006277163
-0.09,-0.1,-0.06,-0.087803711,0.004478999,-0.86848,-0.07,0.0304,-0.013265329,-0.100020742,0.068188269,-0.87292,-0.09,0.0675,0.000124446,-0.060183293,0.071881625,-0.94049,-0.07,-0.0678,0.001099151
-0.05,-0.09,-0.1,-0.051420111,-0.069406655,-0.93726,-0.04,-0.2036,0.008484569,-0.087803711,0.004478999,-0.86848,-0.07,0.0304,-0.013265329,-0.100020742,0.068188269,-0.87292,-0.09,0.0675,0.000124446