CLI,CLI_t-1,CLI_t-2,y1,y2,y3,y4,y5,y1_t-1,y2_t-1,y3_t-1,y4_t-1,y5_t-1,y1_t-2,y2_t-2,y3_t-2,y4_t-2,y5_t-2
0.03,-0.01,-0.03,-0.03,0.013407707,1.441,-0.94196,-0.0366,0,0.056312277,1.4274,-0.14425,0.0755,0,0.116966524,1.3703,-9.9476E-14,-0.0973
0.07,0.03,-0.01,-0.01,-0.003548924,1.4374,-1.20009,-0.0364,-0.03,0.013407707,1.441,-0.94196,-0.0366,0,0.056312277,1.4274,-0.14425,0.0755
0.05,0.07,0.03,0.03,-0.011140496,1.4261,-0.30965,0.0147,-0.01,-0.003548924,1.4374,-1.20009,-0.0364,-0.03,0.013407707,1.441,-0.94196,-0.0366
0.04,0.05,0.07,0.07,0.005521109,1.4317,-0.44413,-0.0338,0.03,-0.011140496,1.4261,-0.30965,0.0147,-0.01,-0.003548924,1.4374,-1.20009,-0.0364
0.04,0.04,0.05,0.05,-0.033427091,1.3978,0.21513,-0.0003,0.07,0.005521109,1.4317,-0.44413,-0.0338,0.03,-0.011140496,1.4261,-0.30965,0.0147
0.04,0.04,0.04,0.04,-0.054651225,1.3424,-0.1437,0.0095,0.05,-0.033427091,1.3978,0.21513,-0.0003,0.07,0.005521109,1.4317,-0.44413,-0.0338
0.07,0.04,0.04,0.04,-0.042241984,1.2996,0.29457,0.0294,0.04,-0.054651225,1.3424,-0.1437,0.0095,0.05,-0.033427091,1.3978,0.21513,-0.0003
0.14,0.07,0.04,0.04,-0.01036583,1.2891,0.97548,0.0341,0.04,-0.042241984,1.2996,0.29457,0.0294,0.04,-0.054651225,1.3424,-0.1437,0.0095
0.25,0.14,0.07,0.07,-0.067453495,1.2208,0.08169,0.0295,0.04,-0.01036583,1.2891,0.97548,0.0341,0.04,-0.042241984,1.2996,0.29457,0.0294
0.35,0.25,0.14,0.14,-0.069377395,1.1506,0.15812,-0.0016,0.07,-0.067453495,1.2208,0.08169,0.0295,0.04,-0.01036583,1.2891,0.97548,0.0341
0.47,0.35,0.25,0.25,-0.013347327,1.1371,-0.30336,-0.0141,0.14,-0.069377395,1.1506,0.15812,-0.0016,0.07,-0.067453495,1.2208,0.08169,0.0295
0.4,0.47,0.35,0.35,0.032425967,1.1699,-0.20866,0.0857,0.25,-0.013347327,1.1371,-0.30336,-0.0141,0.14,-0.069377395,1.1506,0.15812,-0.0016
0.42,0.4,0.47,0.47,0.052472198,1.223,-0.87799,0.0136,0.35,0.032425967,1.1699,-0.20866,0.0857,0.25,-0.013347327,1.1371,-0.30336,-0.0141
0.41,0.42,0.4,0.4,0.057677761,1.2814,-0.18323,-0.0132,0.47,0.052472198,1.223,-0.87799,0.0136,0.35,0.032425967,1.1699,-0.20866,0.0857
0.34,0.41,0.42,0.42,0.032281073,1.3141,-0.96305,0.0513,0.4,0.057677761,1.2814,-0.18323,-0.0132,0.47,0.052472198,1.223,-0.87799,0.0136
0.2,0.34,0.41,0.41,0.050523143,1.3653,0.06816,0.0094,0.42,0.032281073,1.3141,-0.96305,0.0513,0.4,0.057677761,1.2814,-0.18323,-0.0132
0.03,0.2,0.34,0.34,0.064892673,1.4311,0.31188,-0.0205,0.41,0.050523143,1.3653,0.06816,0.0094,0.42,0.032281073,1.3141,-0.96305,0.0513
-0.13,0.03,0.2,0.2,0.033219006,1.4648,0.85174,0.0561,0.34,0.064892673,1.4311,0.31188,-0.0205,0.41,0.050523143,1.3653,0.06816,0.0094
-0.25,-0.13,0.03,0.03,-0.033711952,1.4306,0.09632,-0.0372,0.2,0.033219006,1.4648,0.85174,0.0561,0.34,0.064892673,1.4311,0.31188,-0.0205
-0.32,-0.25,-0.13,-0.13,-0.117193062,1.3118,-0.16832,0.0477,0.03,-0.033711952,1.4306,0.09632,-0.0372,0.2,0.033219006,1.4648,0.85174,0.0561
-0.34,-0.32,-0.25,-0.25,-0.1127849,1.1976,-1.02919,0.0262,-0.13,-0.117193062,1.3118,-0.16832,0.0477,0.03,-0.033711952,1.4306,0.09632,-0.0372
-0.32,-0.34,-0.32,-0.32,0.041790677,1.2399,-1.02568,-0.0316,-0.25,-0.1127849,1.1976,-1.02919,0.0262,-0.13,-0.117193062,1.3118,-0.16832,0.0477
-0.24,-0.32,-0.34,-0.34,0.125267345,1.3668,0.91408,0.0024,-0.32,0.041790677,1.2399,-1.02568,-0.0316,-0.25,-0.1127849,1.1976,-1.02919,0.0262
-0.16,-0.24,-0.32,-0.32,0.114370462,1.4828,0.40104,0.0061,-0.34,0.125267345,1.3668,0.91408,0.0024,-0.32,0.041790677,1.2399,-1.02568,-0.0316
-0.07,-0.16,-0.24,-0.24,0.079390803,1.5634,-0.37491,-0.013,-0.32,0.114370462,1.4828,0.40104,0.0061,-0.34,0.125267345,1.3668,0.91408,0.0024
0.01,-0.07,-0.16,-0.16,0.03071501,1.5946,-0.53878,-0.0301,-0.24,0.079390803,1.5634,-0.37491,-0.013,-0.32,0.114370462,1.4828,0.40104,0.0061
0.04,0.01,-0.07,-0.07,0.035527073,1.6307,-0.3075,0.0412,-0.16,0.03071501,1.5946,-0.53878,-0.0301,-0.24,0.079390803,1.5634,-0.37491,-0.013
0,0.04,0.01,0.01,0.03010448,1.6613,0.90838,-0.0374,-0.07,0.035527073,1.6307,-0.3075,0.0412,-0.16,0.03071501,1.5946,-0.53878,-0.0301
-0.06,0,0.04,0.04,0.045139735,1.7072,1.59852,0.0094,0.01,0.03010448,1.6613,0.90838,-0.0374,-0.07,0.035527073,1.6307,-0.3075,0.0412
-0.1,-0.06,0,0,0.084226008,1.7929,0.87063,0.0159,0.04,0.045139735,1.7072,1.59852,0.0094,0.01,0.03010448,1.6613,0.90838,-0.0374
-0.16,-0.1,-0.06,-0.06,0.045866942,1.8396,0.74605,-0.0037,0,0.084226008,1.7929,0.87063,0.0159,0.04,0.045139735,1.7072,1.59852,0.0094
-0.17,-0.16,-0.1,-0.1,-0.013551639,1.8258,-0.14644,-0.0121,-0.06,0.045866942,1.8396,0.74605,-0.0037,0,0.084226008,1.7929,0.87063,0.0159
-0.13,-0.17,-0.16,-0.16,-0.038013309,1.7871,0.27428,-0.017,-0.1,-0.013551639,1.8258,-0.14644,-0.0121,-0.06,0.045866942,1.8396,0.74605,-0.0037
-0.09,-0.13,-0.17,-0.17,-0.042647109,1.7437,0.83949,0.0151,-0.16,-0.038013309,1.7871,0.27428,-0.017,-0.1,-0.013551639,1.8258,-0.14644,-0.0121
-0.02,-0.09,-0.13,-0.13,-0.025361051,1.7179,0.00355,-0.0712,-0.17,-0.042647109,1.7437,0.83949,0.0151,-0.16,-0.038013309,1.7871,0.27428,-0.017
0.01,-0.02,-0.09,-0.09,-0.110661209,1.6054,-0.09716,-0.0135,-0.13,-0.025361051,1.7179,0.00355,-0.0712,-0.17,-0.042647109,1.7437,0.83949,0.0151
0.02,0.01,-0.02,-0.02,-0.171298954,1.4315,-0.00156,-0.0196,-0.09,-0.110661209,1.6054,-0.09716,-0.0135,-0.13,-0.025361051,1.7179,0.00355,-0.0712
0.03,0.02,0.01,0.01,-0.157471491,1.2719,0.12109,-0.0403,-0.02,-0.171298954,1.4315,-0.00156,-0.0196,-0.09,-0.110661209,1.6054,-0.09716,-0.0135
0.02,0.03,0.02,0.02,-0.083374746,1.1875,0.03856,-0.0022,0.01,-0.157471491,1.2719,0.12109,-0.0403,-0.02,-0.171298954,1.4315,-0.00156,-0.0196
-0.05,0.02,0.03,0.03,0.003755334,1.1913,0.96038,-0.0143,0.02,-0.083374746,1.1875,0.03856,-0.0022,0.01,-0.157471491,1.2719,0.12109,-0.0403
-0.1,-0.05,0.02,0.02,0.075077081,1.2673,-0.21936,0.0293,0.03,0.003755334,1.1913,0.96038,-0.0143,0.02,-0.083374746,1.1875,0.03856,-0.0022
-0.15,-0.1,-0.05,-0.05,0.096924099,1.3655,-0.06745,-0.0241,0.02,0.075077081,1.2673,-0.21936,0.0293,0.03,0.003755334,1.1913,0.96038,-0.0143
-0.2,-0.15,-0.1,-0.1,0.108459346,1.4755,0.17645,-0.0437,-0.05,0.096924099,1.3655,-0.06745,-0.0241,0.02,0.075077081,1.2673,-0.21936,0.0293
-0.22,-0.2,-0.15,-0.15,-0.003547717,1.4719,0.99601,0.0115,-0.1,0.108459346,1.4755,0.17645,-0.0437,-0.05,0.096924099,1.3655,-0.06745,-0.0241
-0.16,-0.22,-0.2,-0.2,-0.049286869,1.4219,0.08594,-0.0368,-0.15,-0.003547717,1.4719,0.99601,0.0115,-0.1,0.108459346,1.4755,0.17645,-0.0437
-0.13,-0.16,-0.22,-0.22,-0.025244283,1.3963,-0.00233,0.015,-0.2,-0.049286869,1.4219,0.08594,-0.0368,-0.15,-0.003547717,1.4719,0.99601,0.0115
-0.11,-0.13,-0.16,-0.16,-0.018148265,1.3779,0.04658,-0.0181,-0.22,-0.025244283,1.3963,-0.00233,0.015,-0.2,-0.049286869,1.4219,0.08594,-0.0368
-0.09,-0.11,-0.13,-0.13,-0.066308616,1.3107,-0.04915,-0.0198,-0.16,-0.018148265,1.3779,0.04658,-0.0181,-0.22,-0.025244283,1.3963,-0.00233,0.015
-0.03,-0.09,-0.11,-0.11,-0.062105517,1.2478,0.16754,-0.0394,-0.13,-0.066308616,1.3107,-0.04915,-0.0198,-0.16,-0.018148265,1.3779,0.04658,-0.0181
0.03,-0.03,-0.09,-0.09,-0.033389015,1.214,-0.05932,0.046,-0.11,-0.062105517,1.2478,0.16754,-0.0394,-0.13,-0.066308616,1.3107,-0.04915,-0.0198
0.05,0.03,-0.03,-0.03,-0.084707948,1.1283,-0.06315,-0.0189,-0.09,-0.033389015,1.214,-0.05932,0.046,-0.11,-0.062105517,1.2478,0.16754,-0.0394
0.01,0.05,0.03,0.03,-0.123285789,1.0037,-0.18127,0.0055,-0.03,-0.084707948,1.1283,-0.06315,-0.0189,-0.09,-0.033389015,1.214,-0.05932,0.046
-0.06,0.01,0.05,0.05,-0.21834903,0.7834,-0.02722,-0.0407,0.03,-0.123285789,1.0037,-0.18127,0.0055,-0.03,-0.084707948,1.1283,-0.06315,-0.0189
-0.13,-0.06,0.01,0.01,-0.393496588,0.3876,0.03084,-0.0175,0.05,-0.21834903,0.7834,-0.02722,-0.0407,0.03,-0.123285789,1.0037,-0.18127,0.0055
-0.17,-0.13,-0.06,-0.06,-0.432371126,-0.04551,-0.06547,-0.0338,0.01,-0.393496588,0.3876,0.03084,-0.0175,0.05,-0.21834903,0.7834,-0.02722,-0.0407
-0.18,-0.17,-0.13,-0.13,-0.283269563,-0.32825,-0.88901,-0.0281,-0.06,-0.432371126,-0.04551,-0.06547,-0.0338,0.01,-0.393496588,0.3876,0.03084,-0.0175
-0.18,-0.18,-0.17,-0.17,-0.068096632,-0.3961,-0.38105,-0.03,-0.13,-0.283269563,-0.32825,-0.88901,-0.0281,-0.06,-0.432371126,-0.04551,-0.06547,-0.0338
-0.13,-0.18,-0.18,-0.18,0.042358846,-0.3539,0.20059,-0.0383,-0.17,-0.068096632,-0.3961,-0.38105,-0.03,-0.13,-0.283269563,-0.32825,-0.88901,-0.0281
-0.03,-0.13,-0.18,-0.18,0.091772809,-0.26241,0.12917,-0.0052,-0.18,0.042358846,-0.3539,0.20059,-0.0383,-0.17,-0.068096632,-0.3961,-0.38105,-0.03
0.11,-0.03,-0.13,-0.13,0.256804722,-0.00595,-0.71555,-0.0995,-0.18,0.091772809,-0.26241,0.12917,-0.0052,-0.18,0.042358846,-0.3539,0.20059,-0.0383
0.23,0.11,-0.03,-0.03,0.377558856,0.3723,-0.83252,0.0408,-0.13,0.256804722,-0.00595,-0.71555,-0.0995,-0.18,0.091772809,-0.26241,0.12917,-0.0052
0.26,0.23,0.11,0.11,0.140278938,0.5132,-0.44788,0.0625,-0.03,0.377558856,0.3723,-0.83252,0.0408,-0.13,0.256804722,-0.00595,-0.71555,-0.0995
0.28,0.26,0.23,0.23,-0.009153446,0.504,-0.4497,-0.0656,0.11,0.140278938,0.5132,-0.44788,0.0625,-0.03,0.377558856,0.3723,-0.83252,0.0408
0.27,0.28,0.26,0.26,-0.045381624,0.4584,-0.26678,0.0387,0.23,-0.009153446,0.504,-0.4497,-0.0656,0.11,0.140278938,0.5132,-0.44788,0.0625
0.26,0.27,0.28,0.28,-0.062632592,0.3955,-0.16868,0.0192,0.26,-0.045381624,0.4584,-0.26678,0.0387,0.23,-0.009153446,0.504,-0.4497,-0.0656
0.24,0.26,0.27,0.27,-0.044932425,0.3504,-0.19652,0.019,0.28,-0.062632592,0.3955,-0.16868,0.0192,0.26,-0.045381624,0.4584,-0.26678,0.0387
0.16,0.24,0.26,0.26,-0.056218864,0.294,-0.59916,0.0629,0.27,-0.044932425,0.3504,-0.19652,0.019,0.28,-0.062632592,0.3955,-0.16868,0.0192
0.06,0.16,0.24,0.24,-0.184927701,0.1087,0.12415,-0.0044,0.26,-0.056218864,0.294,-0.59916,0.0629,0.27,-0.044932425,0.3504,-0.19652,0.019
-0.03,0.06,0.16,0.16,-0.262459204,-0.1537,0.07154,0.0267,0.24,-0.184927701,0.1087,0.12415,-0.0044,0.26,-0.056218864,0.294,-0.59916,0.0629
-0.05,-0.03,0.06,0.06,-0.1904838,-0.34371,0.3186,-0.0316,0.16,-0.262459204,-0.1537,0.07154,0.0267,0.24,-0.184927701,0.1087,0.12415,-0.0044
-0.03,-0.05,-0.03,-0.03,-0.057393678,-0.40089,-0.13064,-0.0355,0.06,-0.1904838,-0.34371,0.3186,-0.0316,0.16,-0.262459204,-0.1537,0.07154,0.0267
0.02,-0.03,-0.05,-0.05,0.095266704,-0.30596,-0.29742,0.004,-0.03,-0.057393678,-0.40089,-0.13064,-0.0355,0.06,-0.1904838,-0.34371,0.3186,-0.0316
0.04,0.02,-0.03,-0.03,0.164348127,-0.14198,0.25014,0.0276,-0.05,0.095266704,-0.30596,-0.29742,0.004,-0.03,-0.057393678,-0.40089,-0.13064,-0.0355
0,0.04,0.02,0.02,0.09641046,-0.04566,-0.01562,0.0258,-0.03,0.164348127,-0.14198,0.25014,0.0276,-0.05,0.095266704,-0.30596,-0.29742,0.004
-0.13,0,0.04,0.04,0.004772065,-0.04089,-0.54583,0.0809,0.02,0.09641046,-0.04566,-0.01562,0.0258,-0.03,0.164348127,-0.14198,0.25014,0.0276
-0.27,-0.13,0,0,-0.099780544,-0.14058,-0.05822,-0.0381,0.04,0.004772065,-0.04089,-0.54583,0.0809,0.02,0.09641046,-0.04566,-0.01562,0.0258
-0.36,-0.27,-0.13,-0.13,-0.195896875,-0.33601,0.15167,-0.0508,0,-0.099780544,-0.14058,-0.05822,-0.0381,0.04,0.004772065,-0.04089,-0.54583,0.0809
-0.31,-0.36,-0.27,-0.27,-0.221237106,-0.55626,0.20975,-0.071,-0.13,-0.195896875,-0.33601,0.15167,-0.0508,0,-0.099780544,-0.14058,-0.05822,-0.0381
-0.19,-0.31,-0.36,-0.36,-0.190358951,-0.74538,-0.37491,0.0029,-0.27,-0.221237106,-0.55626,0.20975,-0.071,-0.13,-0.195896875,-0.33601,0.15167,-0.0508
-0.04,-0.19,-0.31,-0.31,-0.063644491,-0.80853,-1.64382,0.0593,-0.36,-0.190358951,-0.74538,-0.37491,0.0029,-0.27,-0.221237106,-0.55626,0.20975,-0.071
0.1,-0.04,-0.19,-0.19,0.129564274,-0.67993,-1.12636,-0.0499,-0.31,-0.063644491,-0.80853,-1.64382,0.0593,-0.36,-0.190358951,-0.74538,-0.37491,0.0029
0.18,0.1,-0.04,-0.04,0.151908215,-0.52894,-0.03579,0.0417,-0.19,0.129564274,-0.67993,-1.12636,-0.0499,-0.31,-0.063644491,-0.80853,-1.64382,0.0593
0.21,0.18,0.1,0.1,0.070206832,-0.45908,-0.24769,0.0274,-0.04,0.151908215,-0.52894,-0.03579,0.0417,-0.19,0.129564274,-0.67993,-1.12636,-0.0499
0.22,0.21,0.18,0.18,-0.001255773,-0.46033,-0.75277,0.0408,0.1,0.070206832,-0.45908,-0.24769,0.0274,-0.04,0.151908215,-0.52894,-0.03579,0.0417
0.22,0.22,0.21,0.21,-0.008238261,-0.46853,-0.19893,0.0312,0.18,-0.001255773,-0.46033,-0.75277,0.0408,0.1,0.070206832,-0.45908,-0.24769,0.0274
0.2,0.22,0.22,0.22,-0.025733866,-0.49414,-0.00814,0.0458,0.21,-0.008238261,-0.46853,-0.19893,0.0312,0.18,-0.001255773,-0.46033,-0.75277,0.0408
0.19,0.2,0.22,0.22,-0.112800675,-0.60632,0.02048,0.0175,0.22,-0.025733866,-0.49414,-0.00814,0.0458,0.21,-0.008238261,-0.46853,-0.19893,0.0312
0.16,0.19,0.2,0.2,-0.157236156,-0.76248,-0.09257,-0.0183,0.22,-0.112800675,-0.60632,0.02048,0.0175,0.22,-0.025733866,-0.49414,-0.00814,0.0458
0.16,0.16,0.19,0.19,-0.127008421,-0.88844,0.05185,-0.0442,0.2,-0.157236156,-0.76248,-0.09257,-0.0183,0.22,-0.112800675,-0.60632,0.02048,0.0175
0.15,0.16,0.16,0.16,-0.047876713,-0.93588,-0.08949,0.0721,0.19,-0.127008421,-0.88844,0.05185,-0.0442,0.2,-0.157236156,-0.76248,-0.09257,-0.0183
0.11,0.15,0.16,0.16,0.022356756,-0.91373,0.04581,0.0263,0.16,-0.047876713,-0.93588,-0.08949,0.0721,0.19,-0.127008421,-0.88844,0.05185,-0.0442
0.05,0.11,0.15,0.15,0.094468963,-0.82008,-0.14625,-0.0603,0.16,0.022356756,-0.91373,0.04581,0.0263,0.16,-0.047876713,-0.93588,-0.08949,0.0721
0,0.05,0.11,0.11,0.176482755,-0.64489,-0.20602,0.0434,0.15,0.094468963,-0.82008,-0.14625,-0.0603,0.16,0.022356756,-0.91373,0.04581,0.0263
-0.05,0,0.05,0.05,0.308606567,-0.3378,-0.22479,-0.0116,0.11,0.176482755,-0.64489,-0.20602,0.0434,0.15,0.094468963,-0.82008,-0.14625,-0.0603
-0.09,-0.05,0,0,0.320620257,-0.01775,0.06064,0.027,0.05,0.308606567,-0.3378,-0.22479,-0.0116,0.11,0.176482755,-0.64489,-0.20602,0.0434
-0.15,-0.09,-0.05,-0.05,0.218549841,0.201,-0.18017,0.0277,0,0.320620257,-0.01775,0.06064,0.027,0.05,0.308606567,-0.3378,-0.22479,-0.0116
-0.18,-0.15,-0.09,-0.09,0.146996228,0.3484,-0.0357,-0.0218,-0.05,0.218549841,0.201,-0.18017,0.0277,0,0.320620257,-0.01775,0.06064,0.027
-0.17,-0.18,-0.15,-0.15,0.153944688,0.503,0.06223,-0.0208,-0.09,0.146996228,0.3484,-0.0357,-0.0218,-0.05,0.218549841,0.201,-0.18017,0.0277
-0.12,-0.17,-0.18,-0.18,0.155893666,0.6598,-0.06254,0.0575,-0.15,0.153944688,0.503,0.06223,-0.0208,-0.09,0.146996228,0.3484,-0.0357,-0.0218
-0.07,-0.12,-0.17,-0.17,0.128072389,0.7888,-0.03941,0.0214,-0.18,0.155893666,0.6598,-0.06254,0.0575,-0.15,0.153944688,0.503,0.06223,-0.0208
-0.05,-0.07,-0.12,-0.12,0.091436602,0.881,0.07851,-0.0377,-0.17,0.128072389,0.7888,-0.03941,0.0214,-0.18,0.155893666,0.6598,-0.06254,0.0575
-0.03,-0.05,-0.07,-0.07,0.098978567,0.9809,0.31108,0.0953,-0.12,0.091436602,0.881,0.07851,-0.0377,-0.17,0.128072389,0.7888,-0.03941,0.0214
-0.07,-0.03,-0.05,-0.05,0.071572079,1.0532,0.19066,-0.0304,-0.07,0.098978567,0.9809,0.31108,0.0953,-0.12,0.091436602,0.881,0.07851,-0.0377
-0.09,-0.07,-0.03,-0.03,0.02434065,1.0778,0.20659,0.0067,-0.05,0.071572079,1.0532,0.19066,-0.0304,-0.07,0.098978567,0.9809,0.31108,0.0953
-0.11,-0.09,-0.07,-0.07,-0.018700216,1.0589,0.15066,0.0201,-0.03,0.02434065,1.0778,0.20659,0.0067,-0.05,0.071572079,1.0532,0.19066,-0.0304
-0.11,-0.11,-0.09,-0.09,-0.028205353,1.0304,0.30149,0.0217,-0.07,-0.018700216,1.0589,0.15066,0.0201,-0.03,0.02434065,1.0778,0.20659,0.0067
-0.07,-0.11,-0.11,-0.11,-0.047323688,0.9826,0.21093,-0.0233,-0.09,-0.028205353,1.0304,0.30149,0.0217,-0.07,-0.018700216,1.0589,0.15066,0.0201
-0.03,-0.07,-0.11,-0.11,-0.124256976,0.8572,0.16613,0.0412,-0.11,-0.047323688,0.9826,0.21093,-0.0233,-0.09,-0.028205353,1.0304,0.30149,0.0217
0,-0.03,-0.07,-0.07,-0.136622954,0.7195,-0.07837,-0.0249,-0.11,-0.124256976,0.8572,0.16613,0.0412,-0.11,-0.047323688,0.9826,0.21093,-0.0233
0.03,0,-0.03,-0.03,-0.04230463,0.6769,0.01079,-0.0374,-0.07,-0.136622954,0.7195,-0.07837,-0.0249,-0.11,-0.124256976,0.8572,0.16613,0.0412
0.07,0.03,0,0,0.023140665,0.7002,0.03983,0.0442,-0.03,-0.04230463,0.6769,0.01079,-0.0374,-0.07,-0.136622954,0.7195,-0.07837,-0.0249
0.07,0.07,0.03,0.03,0.096576792,0.7975,-0.06132,-0.0588,0,0.023140665,0.7002,0.03983,0.0442,-0.03,-0.04230463,0.6769,0.01079,-0.0374
0.06,0.07,0.07,0.07,0.068827223,0.8669,0.16202,-0.038,0.03,0.096576792,0.7975,-0.06132,-0.0588,0,0.023140665,0.7002,0.03983,0.0442
0.04,0.06,0.07,0.07,-0.021515814,0.8452,-0.00118,0.0254,0.07,0.068827223,0.8669,0.16202,-0.038,0.03,0.096576792,0.7975,-0.06132,-0.0588
0.01,0.04,0.06,0.06,-0.131972351,0.7122,-0.08029,-0.0238,0.07,-0.021515814,0.8452,-0.00118,0.0254,0.07,0.068827223,0.8669,0.16202,-0.038
-0.01,0.01,0.04,0.04,-0.11534548,0.5961,0.02244,-0.0196,0.06,-0.131972351,0.7122,-0.08029,-0.0238,0.07,-0.021515814,0.8452,-0.00118,0.0254
-0.03,-0.01,0.01,0.01,-0.077866327,0.5178,-0.09695,-0.0232,0.04,-0.11534548,0.5961,0.02244,-0.0196,0.06,-0.131972351,0.7122,-0.08029,-0.0238
-0.01,-0.03,-0.01,-0.01,-0.024078236,0.4936,-0.17103,-0.0484,0.01,-0.077866327,0.5178,-0.09695,-0.0232,0.04,-0.11534548,0.5961,0.02244,-0.0196
0,-0.01,-0.03,-0.03,0.00218917,0.4958,-0.10267,0.0464,-0.01,-0.024078236,0.4936,-0.17103,-0.0484,0.01,-0.077866327,0.5178,-0.09695,-0.0232
0.02,0,-0.01,-0.01,0.037805378,0.5338,-0.20164,-0.0085,-0.03,0.00218917,0.4958,-0.10267,0.0464,-0.01,-0.024078236,0.4936,-0.17103,-0.0484
0.02,0.02,0,0,0.08163075,0.6159,-0.10566,-0.008,-0.01,0.037805378,0.5338,-0.20164,-0.0085,-0.03,0.00218917,0.4958,-0.10267,0.0464
0.02,0.02,0.02,0.02,0.027824732,0.6439,-0.05536,-0.0209,0,0.08163075,0.6159,-0.10566,-0.008,-0.01,0.037805378,0.5338,-0.20164,-0.0085
-0.02,0.02,0.02,0.02,-0.00685609,0.637,0.03199,-0.0255,0.02,0.027824732,0.6439,-0.05536,-0.0209,0,0.08163075,0.6159,-0.10566,-0.008
-0.01,-0.02,0.02,0.02,0.02344787,0.6606,-0.18174,0.0341,0.02,-0.00685609,0.637,0.03199,-0.0255,0.02,0.027824732,0.6439,-0.05536,-0.0209
-0.01,-0.01,-0.02,-0.02,0.03814072,0.699,-0.1131,0.0184,0.02,0.02344787,0.6606,-0.18174,0.0341,0.02,-0.00685609,0.637,0.03199,-0.0255
0.03,-0.01,-0.01,-0.01,0.041997555,0.7413,0.0148,0.0288,-0.02,0.03814072,0.699,-0.1131,0.0184,0.02,0.02344787,0.6606,-0.18174,0.0341
0.04,0.03,-0.01,-0.01,0.020049349,0.7615,0.02718,0.0161,-0.01,0.041997555,0.7413,0.0148,0.0288,-0.02,0.03814072,0.699,-0.1131,0.0184
0.05,0.04,0.03,0.03,0.005259807,0.7668,0.15588,0.0174,-0.01,0.020049349,0.7615,0.02718,0.0161,-0.01,0.041997555,0.7413,0.0148,0.0288
0.05,0.05,0.04,0.04,-0.014589202,0.7521,0.36626,0.0302,0.03,0.005259807,0.7668,0.15588,0.0174,-0.01,0.020049349,0.7615,0.02718,0.0161
0.05,0.05,0.05,0.05,-0.029085509,0.7228,0.04585,-0.0751,0.04,-0.014589202,0.7521,0.36626,0.0302,0.03,0.005259807,0.7668,0.15588,0.0174
0.08,0.05,0.05,0.05,0.02581009,0.7488,-0.01673,0.006,0.05,-0.029085509,0.7228,0.04585,-0.0751,0.04,-0.014589202,0.7521,0.36626,0.0302
0.1,0.08,0.05,0.05,0.083340945,0.8328,-0.12643,-0.0015,0.05,0.02581009,0.7488,-0.01673,0.006,0.05,-0.029085509,0.7228,0.04585,-0.0751
0.11,0.1,0.08,0.08,0.112499275,0.9463,0.01565,0.0389,0.05,0.083340945,0.8328,-0.12643,-0.0015,0.05,0.02581009,0.7488,-0.01673,0.006
0.12,0.11,0.1,0.1,0.144427944,1.0922,0.15024,-0.0143,0.08,0.112499275,0.9463,0.01565,0.0389,0.05,0.083340945,0.8328,-0.12643,-0.0015
0.1,0.12,0.11,0.11,0.164861921,1.259,0.07777,-0.0287,0.1,0.144427944,1.0922,0.15024,-0.0143,0.08,0.112499275,0.9463,0.01565,0.0389
0.08,0.1,0.12,0.12,0.150983643,1.412,0.13248,-0.0129,0.11,0.164861921,1.259,0.07777,-0.0287,0.1,0.144427944,1.0922,0.15024,-0.0143
0.07,0.08,0.1,0.1,0.102597924,1.5161,0.37682,0.0514,0.12,0.150983643,1.412,0.13248,-0.0129,0.11,0.164861921,1.259,0.07777,-0.0287
0.08,0.07,0.08,0.08,0.025411459,1.5419,0.20205,-0.021,0.1,0.102597924,1.5161,0.37682,0.0514,0.12,0.150983643,1.412,0.13248,-0.0129
0.06,0.08,0.07,0.07,-0.012803416,1.5289,0.05338,0.0128,0.08,0.025411459,1.5419,0.20205,-0.021,0.1,0.102597924,1.5161,0.37682,0.0514
0.02,0.06,0.08,0.08,-0.053890804,1.4742,0.05928,0.0478,0.07,-0.012803416,1.5289,0.05338,0.0128,0.08,0.025411459,1.5419,0.20205,-0.021
-0.01,0.02,0.06,0.06,-0.048694179,1.4248,0.27002,-0.0366,0.08,-0.053890804,1.4742,0.05928,0.0478,0.07,-0.012803416,1.5289,0.05338,0.0128
-0.02,-0.01,0.02,0.02,-0.037571834,1.3867,0.09173,0.0081,0.06,-0.048694179,1.4248,0.27002,-0.0366,0.08,-0.053890804,1.4742,0.05928,0.0478
-0.03,-0.02,-0.01,-0.01,0.053838722,1.4413,-0.1325,-0.0476,0.02,-0.037571834,1.3867,0.09173,0.0081,0.06,-0.048694179,1.4248,0.27002,-0.0366
-0.04,-0.03,-0.02,-0.02,0.082772244,1.5253,-0.04145,0.0154,-0.01,0.053838722,1.4413,-0.1325,-0.0476,0.02,-0.037571834,1.3867,0.09173,0.0081
-0.08,-0.04,-0.03,-0.03,0.035846706,1.5617,0.02281,-0.0275,-0.02,0.082772244,1.5253,-0.04145,0.0154,-0.01,0.053838722,1.4413,-0.1325,-0.0476
-0.15,-0.08,-0.04,-0.04,0.008368946,1.5702,-0.03143,-0.0278,-0.03,0.035846706,1.5617,0.02281,-0.0275,-0.02,0.082772244,1.5253,-0.04145,0.0154
-0.24,-0.15,-0.08,-0.08,-0.035252772,1.5344,-0.04723,-0.0552,-0.04,0.008368946,1.5702,-0.03143,-0.0278,-0.03,0.035846706,1.5617,0.02281,-0.0275
-0.32,-0.24,-0.15,-0.15,-0.061968644,1.4715,0.22586,-0.0333,-0.08,-0.035252772,1.5344,-0.04723,-0.0552,-0.04,0.008368946,1.5702,-0.03143,-0.0278
-0.37,-0.32,-0.24,-0.24,-0.053033874,1.4177,0.09226,0.0013,-0.15,-0.061968644,1.4715,0.22586,-0.0333,-0.08,-0.035252772,1.5344,-0.04723,-0.0552
-0.32,-0.37,-0.32,-0.32,-0.06766394,1.3491,-0.07798,-0.0709,-0.24,-0.053033874,1.4177,0.09226,0.0013,-0.15,-0.061968644,1.4715,0.22586,-0.0333
-0.21,-0.32,-0.37,-0.37,-0.054282602,1.2941,-0.26056,-0.0006,-0.32,-0.06766394,1.3491,-0.07798,-0.0709,-0.24,-0.053033874,1.4177,0.09226,0.0013
-0.06,-0.21,-0.32,-0.32,0.007897483,1.3021,-0.24707,-0.0751,-0.37,-0.054282602,1.2941,-0.26056,-0.0006,-0.32,-0.06766394,1.3491,-0.07798,-0.0709
0.13,-0.06,-0.21,-0.21,0.105371697,1.4089,-0.24613,-0.0132,-0.32,0.007897483,1.3021,-0.24707,-0.0751,-0.37,-0.054282602,1.2941,-0.26056,-0.0006
0.28,0.13,-0.06,-0.06,0.110383011,1.5209,-0.51414,0.0912,-0.21,0.105371697,1.4089,-0.24613,-0.0132,-0.32,0.007897483,1.3021,-0.24707,-0.0751
0.41,0.28,0.13,0.13,0.148922407,1.6722,-0.53863,-0.0245,-0.06,0.110383011,1.5209,-0.51414,0.0912,-0.21,0.105371697,1.4089,-0.24613,-0.0132
0.48,0.41,0.28,0.28,0.095850469,1.7697,-0.38974,0.0056,0.13,0.148922407,1.6722,-0.53863,-0.0245,-0.06,0.110383011,1.5209,-0.51414,0.0912
0.5,0.48,0.41,0.41,-0.011300662,1.7582,-0.1091,0.0195,0.28,0.095850469,1.7697,-0.38974,0.0056,0.13,0.148922407,1.6722,-0.53863,-0.0245
0.42,0.5,0.48,0.48,-0.030174111,1.7275,-0.10514,0.0521,0.41,-0.011300662,1.7582,-0.1091,0.0195,0.28,0.095850469,1.7697,-0.38974,0.0056
0.32,0.42,0.5,0.5,0.016808201,1.7446,0.03102,0.1214,0.48,-0.030174111,1.7275,-0.10514,0.0521,0.41,-0.011300662,1.7582,-0.1091,0.0195
0.22,0.32,0.42,0.42,0.04461158,1.79,-0.12761,-0.0603,0.5,0.016808201,1.7446,0.03102,0.1214,0.48,-0.030174111,1.7275,-0.10514,0.0521
0.09,0.22,0.32,0.32,0.036931975,1.8276,-0.05426,-0.0422,0.42,0.04461158,1.79,-0.12761,-0.0603,0.5,0.016808201,1.7446,0.03102,0.1214
-0.05,0.09,0.22,0.22,0.041139516,1.8695,0.08721,0.0892,0.32,0.036931975,1.8276,-0.05426,-0.0422,0.42,0.04461158,1.79,-0.12761,-0.0603
-0.18,-0.05,0.09,0.09,0.064473491,1.9352,0.15661,0.0527,0.22,0.041139516,1.8695,0.08721,0.0892,0.32,0.036931975,1.8276,-0.05426,-0.0422
-0.24,-0.18,-0.05,-0.05,0.073058952,2.0097,0.61494,-0.0113,0.09,0.064473491,1.9352,0.15661,0.0527,0.22,0.041139516,1.8695,0.08721,0.0892
-0.24,-0.24,-0.18,-0.18,0.099157075,2.1109,-0.15314,-0.0167,-0.05,0.073058952,2.0097,0.61494,-0.0113,0.09,0.064473491,1.9352,0.15661,0.0527
-0.2,-0.24,-0.24,-0.24,0.104733165,2.2179,0.18281,0.0212,-0.18,0.099157075,2.1109,-0.15314,-0.0167,-0.05,0.073058952,2.0097,0.61494,-0.0113
-0.16,-0.2,-0.24,-0.24,0.110877981,2.3313,0.08101,-0.0048,-0.24,0.104733165,2.2179,0.18281,0.0212,-0.18,0.099157075,2.1109,-0.15314,-0.0167
-0.11,-0.16,-0.2,-0.2,0.008892289,2.3404,0.10149,-0.0241,-0.24,0.110877981,2.3313,0.08101,-0.0048,-0.24,0.104733165,2.2179,0.18281,0.0212
-0.08,-0.11,-0.16,-0.16,-0.049259544,2.29,-0.00943,-0.0102,-0.2,0.008892289,2.3404,0.10149,-0.0241,-0.24,0.110877981,2.3313,0.08101,-0.0048
-0.08,-0.08,-0.11,-0.11,-0.019945287,2.2696,0.06809,-0.048,-0.16,-0.049259544,2.29,-0.00943,-0.0102,-0.2,0.008892289,2.3404,0.10149,-0.0241
-0.06,-0.08,-0.08,-0.08,-0.008116133,2.2613,0.00709,0.0115,-0.11,-0.019945287,2.2696,0.06809,-0.048,-0.16,-0.049259544,2.29,-0.00943,-0.0102
-0.06,-0.06,-0.08,-0.08,-0.031492921,2.2291,-0.07674,-0.0308,-0.08,-0.008116133,2.2613,0.00709,0.0115,-0.11,-0.019945287,2.2696,0.06809,-0.048
-0.04,-0.06,-0.06,-0.06,-0.006162819,2.2228,-0.03435,0.0409,-0.08,-0.031492921,2.2291,-0.07674,-0.0308,-0.08,-0.008116133,2.2613,0.00709,0.0115
-0.02,-0.04,-0.06,-0.06,-0.056852793,2.1647,0.02507,-0.024,-0.06,-0.006162819,2.2228,-0.03435,0.0409,-0.08,-0.031492921,2.2291,-0.07674,-0.0308
0.03,-0.02,-0.04,-0.04,-0.125170436,2.0369,-0.01185,0.0395,-0.06,-0.056852793,2.1647,0.02507,-0.024,-0.06,-0.006162819,2.2228,-0.03435,0.0409
0.07,0.03,-0.02,-0.02,-0.092656467,1.9424,-0.04295,0.0224,-0.04,-0.125170436,2.0369,-0.01185,0.0395,-0.06,-0.056852793,2.1647,0.02507,-0.024
0.08,0.07,0.03,0.03,-0.125247124,1.8148,-0.07645,-0.0201,-0.02,-0.092656467,1.9424,-0.04295,0.0224,-0.04,-0.125170436,2.0369,-0.01185,0.0395
0.06,0.08,0.07,0.07,-0.201745778,1.6096,-0.1309,0.0779,0.03,-0.125247124,1.8148,-0.07645,-0.0201,-0.02,-0.092656467,1.9424,-0.04295,0.0224
0.01,0.06,0.08,0.08,-0.198997983,1.4076,-0.10961,-0.0153,0.07,-0.201745778,1.6096,-0.1309,0.0779,0.03,-0.125247124,1.8148,-0.07645,-0.0201
-0.03,0.01,0.06,0.06,-0.164620138,1.2408,-0.08923,-0.0972,0.08,-0.198997983,1.4076,-0.10961,-0.0153,0.07,-0.201745778,1.6096,-0.1309,0.0779
-0.06,-0.03,0.01,0.01,-0.095362759,1.1443,-0.20529,-0.0498,0.06,-0.164620138,1.2408,-0.08923,-0.0972,0.08,-0.198997983,1.4076,-0.10961,-0.0153
-0.08,-0.06,-0.03,-0.03,-0.064681008,1.0789,-0.14677,0.0184,0.01,-0.095362759,1.1443,-0.20529,-0.0498,0.06,-0.164620138,1.2408,-0.08923,-0.0972
-0.08,-0.08,-0.06,-0.06,-0.044232661,1.0342,-0.15591,-0.0216,-0.03,-0.064681008,1.0789,-0.14677,0.0184,0.01,-0.095362759,1.1443,-0.20529,-0.0498
-0.09,-0.08,-0.08,-0.08,-0.039994457,0.9938,0.00996,0.0253,-0.06,-0.044232661,1.0342,-0.15591,-0.0216,-0.03,-0.064681008,1.0789,-0.14677,0.0184
-0.12,-0.09,-0.08,-0.08,-0.089154112,0.9038,-0.00418,0.0208,-0.08,-0.039994457,0.9938,0.00996,0.0253,-0.06,-0.044232661,1.0342,-0.15591,-0.0216
-0.12,-0.12,-0.09,-0.09,-0.191355153,0.7109,-0.25778,-0.0705,-0.08,-0.089154112,0.9038,-0.00418,0.0208,-0.08,-0.039994457,0.9938,0.00996,0.0253
-0.1,-0.12,-0.12,-0.12,-0.254815203,0.4546,-0.26712,-0.0071,-0.09,-0.191355153,0.7109,-0.25778,-0.0705,-0.08,-0.089154112,0.9038,-0.00418,0.0208
-0.07,-0.1,-0.12,-0.12,-0.122817405,0.3313,-0.30125,-0.0071,-0.12,-0.254815203,0.4546,-0.26712,-0.0071,-0.09,-0.191355153,0.7109,-0.25778,-0.0705
0,-0.07,-0.1,-0.1,0.057592553,0.3891,-0.43146,-0.0337,-0.12,-0.122817405,0.3313,-0.30125,-0.0071,-0.12,-0.254815203,0.4546,-0.26712,-0.0071
0.04,0,-0.07,-0.07,0.181925896,0.5719,0.05385,-0.0519,-0.1,0.057592553,0.3891,-0.43146,-0.0337,-0.12,-0.122817405,0.3313,-0.30125,-0.0071
0.09,0.04,0,0,0.16581338,0.7388,-0.00383,0.081,-0.07,0.181925896,0.5719,0.05385,-0.0519,-0.1,0.057592553,0.3891,-0.43146,-0.0337
0.12,0.09,0.04,0.04,0.123213201,0.863,0.00591,0.0296,0,0.16581338,0.7388,-0.00383,0.081,-0.07,0.181925896,0.5719,0.05385,-0.0519
0.13,0.12,0.09,0.09,0.103750331,0.9677,0.07787,-0.0097,0.04,0.123213201,0.863,0.00591,0.0296,0,0.16581338,0.7388,-0.00383,0.081
0.1,0.13,0.12,0.12,0.02713371,0.9951,0.04264,0.0683,0.09,0.103750331,0.9677,0.07787,-0.0097,0.04,0.123213201,0.863,0.00591,0.0296
0.01,0.1,0.13,0.13,-0.012476631,0.9825,-0.01949,-0.0414,0.12,0.02713371,0.9951,0.04264,0.0683,0.09,0.103750331,0.9677,0.07787,-0.0097
-0.05,0.01,0.1,0.1,-0.112161508,0.8693,0.02388,0.0514,0.13,-0.012476631,0.9825,-0.01949,-0.0414,0.12,0.02713371,0.9951,0.04264,0.0683
-0.09,-0.05,0.01,0.01,-0.150803703,0.7173,-0.11704,0.024,0.1,-0.112161508,0.8693,0.02388,0.0514,0.13,-0.012476631,0.9825,-0.01949,-0.0414
-0.12,-0.09,-0.05,-0.05,-0.146755727,0.5696,-0.074,0.0029,0.01,-0.150803703,0.7173,-0.11704,0.024,0.1,-0.112161508,0.8693,0.02388,0.0514
-0.15,-0.12,-0.09,-0.09,-0.144083641,0.4248,0.00218,-0.0503,-0.05,-0.146755727,0.5696,-0.074,0.0029,0.01,-0.150803703,0.7173,-0.11704,0.024
-0.2,-0.15,-0.12,-0.12,-0.158053957,0.2662,-0.02471,0.0233,-0.09,-0.144083641,0.4248,0.00218,-0.0503,-0.05,-0.146755727,0.5696,-0.074,0.0029
-0.25,-0.2,-0.15,-0.15,-0.113562326,0.1524,0.00741,0.0195,-0.12,-0.158053957,0.2662,-0.02471,0.0233,-0.09,-0.144083641,0.4248,0.00218,-0.0503
-0.29,-0.25,-0.2,-0.2,-0.143084412,0.0092,0.04635,-0.0684,-0.15,-0.113562326,0.1524,0.00741,0.0195,-0.12,-0.158053957,0.2662,-0.02471,0.0233
-0.28,-0.29,-0.25,-0.25,-0.199580687,-0.1902,-0.03514,0.0174,-0.2,-0.143084412,0.0092,0.04635,-0.0684,-0.15,-0.113562326,0.1524,0.00741,0.0195
-0.19,-0.28,-0.29,-0.29,-0.171091416,-0.36082,-0.22838,-0.0403,-0.25,-0.199580687,-0.1902,-0.03514,0.0174,-0.2,-0.143084412,0.0092,0.04635,-0.0684
-0.07,-0.19,-0.28,-0.28,-0.009564968,-0.37035,-0.09922,-0.0262,-0.29,-0.171091416,-0.36082,-0.22838,-0.0403,-0.25,-0.199580687,-0.1902,-0.03514,0.0174
0.05,-0.07,-0.19,-0.19,0.24196423,-0.12899,-0.00905,-0.0018,-0.28,-0.009564968,-0.37035,-0.09922,-0.0262,-0.29,-0.171091416,-0.36082,-0.22838,-0.0403
0.12,0.05,-0.07,-0.07,0.270073811,0.1411,-0.01346,0.0155,-0.19,0.24196423,-0.12899,-0.00905,-0.0018,-0.28,-0.009564968,-0.37035,-0.09922,-0.0262
0.16,0.12,0.05,0.05,0.16463192,0.3061,0.00714,0.0276,-0.07,0.270073811,0.1411,-0.01346,0.0155,-0.19,0.24196423,-0.12899,-0.00905,-0.0018
0.16,0.16,0.12,0.12,0.067869146,0.3742,-0.14944,-0.0294,0.05,0.16463192,0.3061,0.00714,0.0276,-0.07,0.270073811,0.1411,-0.01346,0.0155
0.17,0.16,0.16,0.16,-0.007073781,0.3671,0.03227,0.0361,0.12,0.067869146,0.3742,-0.14944,-0.0294,0.05,0.16463192,0.3061,0.00714,0.0276
0.16,0.17,0.16,0.16,0.006675271,0.3738,0.17421,-0.0367,0.16,-0.007073781,0.3671,0.03227,0.0361,0.12,0.067869146,0.3742,-0.14944,-0.0294
0.16,0.16,0.17,0.17,0.069715008,0.4438,0.10668,0.0004,0.16,0.006675271,0.3738,0.17421,-0.0367,0.16,-0.007073781,0.3671,0.03227,0.0361
0.16,0.16,0.16,0.16,0.128844778,0.5733,0.17705,0.0892,0.17,0.069715008,0.4438,0.10668,0.0004,0.16,0.006675271,0.3738,0.17421,-0.0367
0.15,0.16,0.16,0.16,0.136324951,0.7105,0.03821,0.0183,0.16,0.128844778,0.5733,0.17705,0.0892,0.17,0.069715008,0.4438,0.10668,0.0004
0.12,0.15,0.16,0.16,0.140403124,0.852,0.03667,0.0806,0.16,0.136324951,0.7105,0.03821,0.0183,0.16,0.128844778,0.5733,0.17705,0.0892
0.06,0.12,0.15,0.15,-0.012692671,0.8392,0.11123,-0.067,0.16,0.140403124,0.852,0.03667,0.0806,0.16,0.136324951,0.7105,0.03821,0.0183
0.01,0.06,0.12,0.12,-0.043246504,0.7956,0.13019,0.044,0.15,-0.012692671,0.8392,0.11123,-0.067,0.16,0.140403124,0.852,0.03667,0.0806
-0.04,0.01,0.06,0.06,-0.039295149,0.756,0.09799,-0.0418,0.12,-0.043246504,0.7956,0.13019,0.044,0.15,-0.012692671,0.8392,0.11123,-0.067
-0.06,-0.04,0.01,0.01,-0.021837312,0.734,0.134,0.0989,0.06,-0.039295149,0.756,0.09799,-0.0418,0.12,-0.043246504,0.7956,0.13019,0.044
-0.05,-0.06,-0.04,-0.04,0.042181425,0.7765,0.26102,-0.0328,0.01,-0.021837312,0.734,0.134,0.0989,0.06,-0.039295149,0.756,0.09799,-0.0418
-0.04,-0.05,-0.06,-0.06,0.054858854,0.8318,0.06728,-0.0362,-0.04,0.042181425,0.7765,0.26102,-0.0328,0.01,-0.021837312,0.734,0.134,0.0989
0.02,-0.04,-0.05,-0.05,0.00109092,0.8329,0.10582,0.0629,-0.06,0.054858854,0.8318,0.06728,-0.0362,-0.04,0.042181425,0.7765,0.26102,-0.0328
0.06,0.02,-0.04,-0.04,-0.024201379,0.8085,-0.01594,-0.0601,-0.05,0.00109092,0.8329,0.10582,0.0629,-0.06,0.054858854,0.8318,0.06728,-0.0362
0.08,0.06,0.02,0.02,0.003372675,0.8119,-0.04619,0.0308,-0.04,-0.024201379,0.8085,-0.01594,-0.0601,-0.05,0.00109092,0.8329,0.10582,0.0629
0.09,0.08,0.06,0.06,0.053154197,0.8655,-0.01712,-0.0409,0.02,0.003372675,0.8119,-0.04619,0.0308,-0.04,-0.024201379,0.8085,-0.01594,-0.0601
0.06,0.09,0.08,0.08,0.092357613,0.9587,-0.01256,-0.0082,0.06,0.053154197,0.8655,-0.01712,-0.0409,0.02,0.003372675,0.8119,-0.04619,0.0308
0.01,0.06,0.09,0.09,0.073567383,1.033,0.00213,0.0338,0.08,0.092357613,0.9587,-0.01256,-0.0082,0.06,0.053154197,0.8655,-0.01712,-0.0409
-0.01,0.01,0.06,0.06,-0.019698475,1.0131,0.01753,-0.0038,0.09,0.073567383,1.033,0.00213,0.0338,0.08,0.092357613,0.9587,-0.01256,-0.0082
-0.05,-0.01,0.01,0.01,-0.130563323,0.8813,0.09667,-0.0558,0.06,-0.019698475,1.0131,0.01753,-0.0038,0.09,0.073567383,1.033,0.00213,0.0338
-0.07,-0.05,-0.01,-0.01,-0.143042524,0.7371,-0.044,-0.0485,0.01,-0.130563323,0.8813,0.09667,-0.0558,0.06,-0.019698475,1.0131,0.01753,-0.0038
-0.07,-0.07,-0.05,-0.05,-0.056201644,0.6805,-0.04961,-0.0242,-0.01,-0.143042524,0.7371,-0.044,-0.0485,0.01,-0.130563323,0.8813,0.09667,-0.0558
-0.04,-0.07,-0.07,-0.07,0.038232469,0.719,-0.05231,-0.02,-0.05,-0.056201644,0.6805,-0.04961,-0.0242,-0.01,-0.143042524,0.7371,-0.044,-0.0485
-0.03,-0.04,-0.07,-0.07,-0.036444651,0.6823,-0.1835,0.0703,-0.07,0.038232469,0.719,-0.05231,-0.02,-0.05,-0.056201644,0.6805,-0.04961,-0.0242
0.01,-0.03,-0.04,-0.04,-0.200135976,0.481,-0.06329,-0.0669,-0.07,-0.036444651,0.6823,-0.1835,0.0703,-0.07,0.038232469,0.719,-0.05231,-0.02
0.02,0.01,-0.03,-0.03,-0.242528714,0.2376,0.00221,0.0598,-0.04,-0.200135976,0.481,-0.06329,-0.0669,-0.07,-0.036444651,0.6823,-0.1835,0.0703
0.06,0.02,0.01,0.01,-0.020054366,0.2175,-0.00985,0.0214,-0.03,-0.242528714,0.2376,0.00221,0.0598,-0.04,-0.200135976,0.481,-0.06329,-0.0669
0.11,0.06,0.02,0.02,0.22246795,0.4407,0.03146,-0.0412,0.01,-0.020054366,0.2175,-0.00985,0.0214,-0.03,-0.242528714,0.2376,0.00221,0.0598
0.14,0.11,0.06,0.06,0.313921127,0.7565,0.01885,-0.0048,0.02,0.22246795,0.4407,0.03146,-0.0412,0.01,-0.020054366,0.2175,-0.00985,0.0214
0.14,0.14,0.11,0.11,0.217515963,0.9759,-0.03364,-0.0129,0.06,0.313921127,0.7565,0.01885,-0.0048,0.02,0.22246795,0.4407,0.03146,-0.0412
0.16,0.14,0.14,0.14,0.04564404,1.022,-0.02169,0.0562,0.11,0.217515963,0.9759,-0.03364,-0.0129,0.06,0.313921127,0.7565,0.01885,-0.0048
0.15,0.16,0.14,0.14,-0.037919723,0.9837,0.00542,0.001,0.14,0.04564404,1.022,-0.02169,0.0562,0.11,0.217515963,0.9759,-0.03364,-0.0129
0.14,0.15,0.16,0.16,-0.101850457,0.8809,0.04219,0.0646,0.14,-0.037919723,0.9837,0.00542,0.001,0.14,0.04564404,1.022,-0.02169,0.0562
0.12,0.14,0.15,0.15,-0.167565464,0.712,0.0719,-0.034,0.16,-0.101850457,0.8809,0.04219,0.0646,0.14,-0.037919723,0.9837,0.00542,0.001
0.11,0.12,0.14,0.14,-0.092087029,0.6193,0.03348,0.0028,0.15,-0.167565464,0.712,0.0719,-0.034,0.16,-0.101850457,0.8809,0.04219,0.0646
0.12,0.11,0.12,0.12,-0.025942722,0.5932,-0.00176,0.0537,0.14,-0.092087029,0.6193,0.03348,0.0028,0.15,-0.167565464,0.712,0.0719,-0.034
0.16,0.12,0.11,0.11,0.026539028,0.6199,0.21103,-0.0502,0.12,-0.025942722,0.5932,-0.00176,0.0537,0.14,-0.092087029,0.6193,0.03348,0.0028
0.23,0.16,0.12,0.12,0.140529457,0.7614,0.08076,0.0399,0.11,0.026539028,0.6199,0.21103,-0.0502,0.12,-0.025942722,0.5932,-0.00176,0.0537
0.26,0.23,0.16,0.16,0.199975776,0.9631,0.10675,-0.0581,0.12,0.140529457,0.7614,0.08076,0.0399,0.11,0.026539028,0.6199,0.21103,-0.0502
0.26,0.26,0.23,0.23,0.110771198,1.075,0.09368,0.0785,0.16,0.199975776,0.9631,0.10675,-0.0581,0.12,0.140529457,0.7614,0.08076,0.0399
0.25,0.26,0.26,0.26,0.052620336,1.1282,0.06623,-0.0147,0.23,0.110771198,1.075,0.09368,0.0785,0.16,0.199975776,0.9631,0.10675,-0.0581
0.24,0.25,0.26,0.26,0.008305944,1.1366,0.19456,-0.033,0.26,0.052620336,1.1282,0.06623,-0.0147,0.23,0.110771198,1.075,0.09368,0.0785
0.21,0.24,0.25,0.25,-0.060728406,1.0752,0.07947,0.0962,0.26,0.008305944,1.1366,0.19456,-0.033,0.26,0.052620336,1.1282,0.06623,-0.0147
0.17,0.21,0.24,0.24,-0.076506971,0.9979,-0.01624,-0.0155,0.25,-0.060728406,1.0752,0.07947,0.0962,0.26,0.008305944,1.1366,0.19456,-0.033
0.11,0.17,0.21,0.21,-0.021884037,0.9758,0.09953,-0.0322,0.24,-0.076506971,0.9979,-0.01624,-0.0155,0.25,-0.060728406,1.0752,0.07947,0.0962
0.04,0.11,0.17,0.17,0.018418559,0.9944,0.11843,0.0229,0.21,-0.021884037,0.9758,0.09953,-0.0322,0.24,-0.076506971,0.9979,-0.01624,-0.0155
-0.06,0.04,0.11,0.11,-0.024756912,0.9694,0.11276,0.0689,0.17,0.018418559,0.9944,0.11843,0.0229,0.21,-0.021884037,0.9758,0.09953,-0.0322
-0.15,-0.06,0.04,0.04,-0.043289808,0.9257,0.14378,-0.1029,0.11,-0.024756912,0.9694,0.11276,0.0689,0.17,0.018418559,0.9944,0.11843,0.0229
-0.19,-0.15,-0.06,-0.06,-0.150123975,0.7743,0.3955,0.0331,0.04,-0.043289808,0.9257,0.14378,-0.1029,0.11,-0.024756912,0.9694,0.11276,0.0689
-0.2,-0.19,-0.15,-0.15,-0.193888021,0.5791,0.22748,0.0199,-0.06,-0.150123975,0.7743,0.3955,0.0331,0.04,-0.043289808,0.9257,0.14378,-0.1029
-0.24,-0.2,-0.19,-0.19,-0.235714174,0.3423,-0.3768,-0.0509,-0.15,-0.193888021,0.5791,0.22748,0.0199,-0.06,-0.150123975,0.7743,0.3955,0.0331
-0.28,-0.24,-0.2,-0.2,-0.271839906,0.0699,0.13844,0.0282,-0.19,-0.235714174,0.3423,-0.3768,-0.0509,-0.15,-0.193888021,0.5791,0.22748,0.0199
-0.34,-0.28,-0.24,-0.24,-0.209823463,-0.13985,-0.04915,-0.048,-0.2,-0.271839906,0.0699,0.13844,0.0282,-0.19,-0.235714174,0.3423,-0.3768,-0.0509
-0.39,-0.34,-0.28,-0.28,-0.217460061,-0.35677,-0.69978,0.0404,-0.24,-0.209823463,-0.13985,-0.04915,-0.048,-0.2,-0.271839906,0.0699,0.13844,0.0282
-0.47,-0.39,-0.34,-0.34,-0.309279488,-0.66447,-0.01763,-0.0304,-0.28,-0.217460061,-0.35677,-0.69978,0.0404,-0.24,-0.209823463,-0.13985,-0.04915,-0.048
-0.55,-0.47,-0.39,-0.39,-0.372402459,-1.03371,0.25727,0.0312,-0.34,-0.309279488,-0.66447,-0.01763,-0.0304,-0.28,-0.217460061,-0.35677,-0.69978,0.0404
-0.67,-0.55,-0.47,-0.47,-0.459980232,-1.48789,0.01952,-0.1089,-0.39,-0.372402459,-1.03371,0.25727,0.0312,-0.34,-0.309279488,-0.66447,-0.01763,-0.0304
-0.79,-0.67,-0.55,-0.55,-0.454182257,-1.9343,-0.09242,-0.0171,-0.47,-0.459980232,-1.48789,0.01952,-0.1089,-0.39,-0.372402459,-1.03371,0.25727,0.0312
-0.89,-0.79,-0.67,-0.67,-0.357327097,-2.28409,0.10305,0.0718,-0.55,-0.454182257,-1.9343,-0.09242,-0.0171,-0.47,-0.459980232,-1.48789,0.01952,-0.1089
-0.92,-0.89,-0.79,-0.79,-0.111722811,-2.3932,-0.09724,-0.0563,-0.67,-0.357327097,-2.28409,0.10305,0.0718,-0.55,-0.454182257,-1.9343,-0.09242,-0.0171
-0.89,-0.92,-0.89,-0.89,0.083760303,-2.31141,-0.06601,-0.0702,-0.79,-0.111722811,-2.3932,-0.09724,-0.0563,-0.67,-0.357327097,-2.28409,0.10305,0.0718
-0.8,-0.89,-0.92,-0.92,0.012610708,-2.29909,0.14441,-0.0533,-0.89,0.083760303,-2.31141,-0.06601,-0.0702,-0.79,-0.111722811,-2.3932,-0.09724,-0.0563
-0.69,-0.8,-0.89,-0.89,-0.271050261,-2.56355,0.22244,-0.0672,-0.92,0.012610708,-2.29909,0.14441,-0.0533,-0.89,0.083760303,-2.31141,-0.06601,-0.0702
-0.5,-0.69,-0.8,-0.8,-0.250198687,-2.80703,-1.6862,-0.052,-0.89,-0.271050261,-2.56355,0.22244,-0.0672,-0.92,0.012610708,-2.29909,0.14441,-0.0533
-0.28,-0.5,-0.69,-0.69,-0.139551859,-2.94257,-1.27437,0.0154,-0.8,-0.250198687,-2.80703,-1.6862,-0.052,-0.89,-0.271050261,-2.56355,0.22244,-0.0672
-0.06,-0.28,-0.5,-0.5,-0.064559944,-3.00521,-0.82971,-0.0697,-0.69,-0.139551859,-2.94257,-1.27437,0.0154,-0.8,-0.250198687,-2.80703,-1.6862,-0.052
0.19,-0.06,-0.28,-0.28,0.010247448,-2.99527,-0.25238,-0.0569,-0.5,-0.064559944,-3.00521,-0.82971,-0.0697,-0.69,-0.139551859,-2.94257,-1.27437,0.0154
0.45,0.19,-0.06,-0.06,0.234167789,-2.76785,-0.25899,-0.0353,-0.28,0.010247448,-2.99527,-0.25238,-0.0569,-0.5,-0.064559944,-3.00521,-0.82971,-0.0697
0.7,0.45,0.19,0.19,0.469123021,-2.31064,-0.29726,0.0841,-0.06,0.234167789,-2.76785,-0.25899,-0.0353,-0.28,0.010247448,-2.99527,-0.25238,-0.0569
0.88,0.7,0.45,0.45,0.465383813,-1.85495,-0.17618,0.0331,0.19,0.469123021,-2.31064,-0.29726,0.0841,-0.06,0.234167789,-2.76785,-0.25899,-0.0353
1,0.88,0.7,0.7,0.346903657,-1.51389,-0.11678,0.0448,0.45,0.465383813,-1.85495,-0.17618,0.0331,0.19,0.469123021,-2.31064,-0.29726,0.0841
1.06,1,0.88,0.88,0.22546275,-1.29159,-0.24004,0.0103,0.7,0.346903657,-1.51389,-0.11678,0.0448,0.45,0.465383813,-1.85495,-0.17618,0.0331
1.01,1.06,1,1,0.210065242,-1.08402,-0.22744,0.0532,0.88,0.22546275,-1.29159,-0.24004,0.0103,0.7,0.346903657,-1.51389,-0.11678,0.0448
0.9,1.01,1.06,1.06,0.222073228,-0.86411,-0.16809,0.0401,1,0.210065242,-1.08402,-0.22744,0.0532,0.88,0.22546275,-1.29159,-0.24004,0.0103
0.72,0.9,1.01,1.01,0.099329394,-0.76559,-0.03473,0.0565,1.06,0.222073228,-0.86411,-0.16809,0.0401,1,0.210065242,-1.08402,-0.22744,0.0532
0.5,0.72,0.9,0.9,0.028141519,-0.73766,0.03849,-0.029,1.01,0.099329394,-0.76559,-0.03473,0.0565,1.06,0.222073228,-0.86411,-0.16809,0.0401
0.3,0.5,0.72,0.72,0.059863802,-0.67822,-0.00395,-0.0179,0.9,0.028141519,-0.73766,0.03849,-0.029,1.01,0.099329394,-0.76559,-0.03473,0.0565
0.14,0.3,0.5,0.5,0.067807043,-0.61085,0.00724,0.0502,0.72,0.059863802,-0.67822,-0.00395,-0.0179,0.9,0.028141519,-0.73766,0.03849,-0.029
0.03,0.14,0.3,0.3,0.016237879,-0.59471,0.02045,-0.0035,0.5,0.067807043,-0.61085,0.00724,0.0502,0.72,0.059863802,-0.67822,-0.00395,-0.0179
-0.07,0.03,0.14,0.14,-0.002273547,-0.59697,0.01239,0.0116,0.3,0.016237879,-0.59471,0.02045,-0.0035,0.5,0.067807043,-0.61085,0.00724,0.0502
-0.13,-0.07,0.03,0.03,-0.022667874,-0.6195,0.01043,0.0339,0.14,-0.002273547,-0.59697,0.01239,0.0116,0.3,0.016237879,-0.59471,0.02045,-0.0035
-0.19,-0.13,-0.07,-0.07,-0.051663315,-0.67083,0.04121,0.0567,0.03,-0.022667874,-0.6195,0.01043,0.0339,0.14,-0.002273547,-0.59697,0.01239,0.0116
-0.21,-0.19,-0.13,-0.13,-0.04667392,-0.71718,0.03126,-0.0255,-0.07,-0.051663315,-0.67083,0.04121,0.0567,0.03,-0.022667874,-0.6195,0.01043,0.0339
-0.19,-0.21,-0.19,-0.19,-0.046907331,-0.76374,0.00764,0.0401,-0.13,-0.04667392,-0.71718,0.03126,-0.0255,-0.07,-0.051663315,-0.67083,0.04121,0.0567
-0.14,-0.19,-0.21,-0.21,0.019013419,-0.74487,-0.00307,0.01,-0.19,-0.046907331,-0.76374,0.00764,0.0401,-0.13,-0.04667392,-0.71718,0.03126,-0.0255
-0.09,-0.14,-0.19,-0.19,0.026312558,-0.71875,-0.00437,-0.0031,-0.21,0.019013419,-0.74487,-0.00307,0.01,-0.19,-0.046907331,-0.76374,0.00764,0.0401
-0.03,-0.09,-0.14,-0.14,0.042879065,-0.67617,0.00981,0.0069,-0.19,0.026312558,-0.71875,-0.00437,-0.0031,-0.21,0.019013419,-0.74487,-0.00307,0.01
0,-0.03,-0.09,-0.09,0.078973011,-0.5977,0.00061,-0.0127,-0.14,0.042879065,-0.67617,0.00981,0.0069,-0.19,0.026312558,-0.71875,-0.00437,-0.0031
0,0,-0.03,-0.03,0.032780588,-0.56511,0.01061,0.0521,-0.09,0.078973011,-0.5977,0.00061,-0.0127,-0.14,0.042879065,-0.67617,0.00981,0.0069
0,0,0,0,-0.040939686,-0.60581,0.01904,-0.0265,-0.03,0.032780588,-0.56511,0.01061,0.0521,-0.09,0.078973011,-0.5977,0.00061,-0.0127
-0.02,0,0,0,-0.108868417,-0.71396,0.03096,0.0131,0,-0.040939686,-0.60581,0.01904,-0.0265,-0.03,0.032780588,-0.56511,0.01061,0.0521
-0.09,-0.02,0,0,-0.22639058,-0.93848,0.00951,0.0683,0,-0.108868417,-0.71396,0.03096,0.0131,0,-0.040939686,-0.60581,0.01904,-0.0265
-0.14,-0.09,-0.02,-0.02,-0.130428266,-1.0676,0.01183,-0.0628,0,-0.22639058,-0.93848,0.00951,0.0683,0,-0.108868417,-0.71396,0.03096,0.0131
-0.22,-0.14,-0.09,-0.09,-0.00782383,-1.07534,0.00248,0.0071,-0.02,-0.130428266,-1.0676,0.01183,-0.0628,0,-0.22639058,-0.93848,0.00951,0.0683
-0.32,-0.22,-0.14,-0.14,-0.083209017,-1.15762,0.00168,0.0075,-0.09,-0.00782383,-1.07534,0.00248,0.0071,-0.02,-0.130428266,-1.0676,0.01183,-0.0628
-0.37,-0.32,-0.22,-0.22,-0.235236407,-1.38986,0.00378,-0.0701,-0.14,-0.083209017,-1.15762,0.00168,0.0075,-0.09,-0.00782383,-1.07534,0.00248,0.0071
-0.4,-0.37,-0.32,-0.32,-0.279885899,-1.66547,0.02892,0.0367,-0.22,-0.235236407,-1.38986,0.00378,-0.0701,-0.14,-0.083209017,-1.15762,0.00168,0.0075
-0.37,-0.4,-0.37,-0.37,-0.111314815,-1.77487,0.06028,-0.0597,-0.32,-0.279885899,-1.66547,0.02892,0.0367,-0.22,-0.235236407,-1.38986,0.00378,-0.0701
-0.31,-0.37,-0.4,-0.4,0.014516616,-1.76061,0.05181,-0.0593,-0.37,-0.111314815,-1.77487,0.06028,-0.0597,-0.32,-0.279885899,-1.66547,0.02892,0.0367
-0.22,-0.31,-0.37,-0.37,0.133492714,-1.62938,0.04191,0.0069,-0.4,0.014516616,-1.76061,0.05181,-0.0593,-0.37,-0.111314815,-1.77487,0.06028,-0.0597
-0.13,-0.22,-0.31,-0.31,0.186588895,-1.44566,0.04966,-0.0213,-0.37,0.133492714,-1.62938,0.04191,0.0069,-0.4,0.014516616,-1.76061,0.05181,-0.0593
-0.04,-0.13,-0.22,-0.22,0.207244255,-1.2412,0.02561,0.1035,-0.31,0.186588895,-1.44566,0.04966,-0.0213,-0.37,0.133492714,-1.62938,0.04191,0.0069
0.01,-0.04,-0.13,-0.13,0.147543766,-1.09538,-0.0146,0.0131,-0.22,0.207244255,-1.2412,0.02561,0.1035,-0.31,0.186588895,-1.44566,0.04966,-0.0213
0.03,0.01,-0.04,-0.04,0.067163382,-1.02893,-0.03492,0.0053,-0.13,0.147543766,-1.09538,-0.0146,0.0131,-0.22,0.207244255,-1.2412,0.02561,0.1035
0.05,0.03,0.01,0.01,-0.00060624,-1.02953,-0.01965,0.027,-0.04,0.067163382,-1.02893,-0.03492,0.0053,-0.13,0.147543766,-1.09538,-0.0146,0.0131
0.07,0.05,0.03,0.03,-0.034561734,-1.06373,-0.01292,-0.1293,0.01,-0.00060624,-1.02953,-0.01965,0.027,-0.04,0.067163382,-1.02893,-0.03492,0.0053
0.12,0.07,0.05,0.05,-0.093892358,-1.15658,-0.05522,0.0438,0.03,-0.034561734,-1.06373,-0.01292,-0.1293,0.01,-0.00060624,-1.02953,-0.01965,0.027
0.18,0.12,0.07,0.07,-0.052359122,-1.20832,-0.13243,0.0564,0.05,-0.093892358,-1.15658,-0.05522,0.0438,0.03,-0.034561734,-1.06373,-0.01292,-0.1293
0.21,0.18,0.12,0.12,-0.000668075,-1.20898,-0.11254,-0.0866,0.07,-0.052359122,-1.20832,-0.13243,0.0564,0.05,-0.093892358,-1.15658,-0.05522,0.0438
0.23,0.21,0.18,0.18,0.042636486,-1.16685,-0.05678,0.0471,0.12,-0.000668075,-1.20898,-0.11254,-0.0866,0.07,-0.052359122,-1.20832,-0.13243,0.0564
0.21,0.23,0.21,0.21,0.059901222,-1.10763,-0.10406,0.0477,0.18,0.042636486,-1.16685,-0.05678,0.0471,0.12,-0.000668075,-1.20898,-0.11254,-0.0866
0.18,0.21,0.23,0.23,0.009039723,-1.09869,-0.01945,-0.0802,0.21,0.059901222,-1.10763,-0.10406,0.0477,0.18,0.042636486,-1.16685,-0.05678,0.0471
0.18,0.18,0.21,0.21,-0.048625939,-1.14677,-0.00604,0.0488,0.23,0.009039723,-1.09869,-0.01945,-0.0802,0.21,0.059901222,-1.10763,-0.10406,0.0477
0.19,0.18,0.18,0.18,0.067825055,-1.0797,-0.0062,-0.0332,0.21,-0.048625939,-1.14677,-0.00604,0.0488,0.23,0.009039723,-1.09869,-0.01945,-0.0802
0.22,0.19,0.18,0.18,0.117671992,-0.96323,-0.0024,-0.0068,0.18,0.067825055,-1.0797,-0.0062,-0.0332,0.21,-0.048625939,-1.14677,-0.00604,0.0488
0.26,0.22,0.19,0.19,0.109908835,-0.85432,-0.003,0.0455,0.18,0.117671992,-0.96323,-0.0024,-0.0068,0.18,0.067825055,-1.0797,-0.0062,-0.0332
0.27,0.26,0.22,0.22,0.106826045,-0.74835,-0.00131,-0.0098,0.19,0.109908835,-0.85432,-0.003,0.0455,0.18,0.117671992,-0.96323,-0.0024,-0.0068
0.27,0.27,0.26,0.26,0.145654673,-0.60368,6E-05,-0.0125,0.22,0.106826045,-0.74835,-0.00131,-0.0098,0.19,0.109908835,-0.85432,-0.003,0.0455
0.27,0.27,0.27,0.27,0.129498377,-0.47488,0.00231,-0.0464,0.26,0.145654673,-0.60368,6E-05,-0.0125,0.22,0.106826045,-0.74835,-0.00131,-0.0098
0.27,0.27,0.27,0.27,0.105425316,-0.3699,0.0015,0.0762,0.27,0.129498377,-0.47488,0.00231,-0.0464,0.26,0.145654673,-0.60368,6E-05,-0.0125
0.23,0.27,0.27,0.27,0.014342026,-0.35561,0.00318,0.0568,0.27,0.105425316,-0.3699,0.0015,0.0762,0.27,0.129498377,-0.47488,0.00231,-0.0464
0.18,0.23,0.27,0.27,-0.051867848,-0.40728,0.00426,0.1006,0.27,0.014342026,-0.35561,0.00318,0.0568,0.27,0.105425316,-0.3699,0.0015,0.0762
0.12,0.18,0.23,0.23,-0.072330634,-0.47929,-0.00025,-0.0955,0.27,-0.051867848,-0.40728,0.00426,0.1006,0.27,0.014342026,-0.35561,0.00318,0.0568
0.1,0.12,0.18,0.18,0.026855125,-0.45256,0.00681,0.086,0.23,-0.072330634,-0.47929,-0.00025,-0.0955,0.27,-0.051867848,-0.40728,0.00426,0.1006
0.1,0.1,0.12,0.12,0.085370065,-0.36754,0.0013,-0.0344,0.18,0.026855125,-0.45256,0.00681,0.086,0.23,-0.072330634,-0.47929,-0.00025,-0.0955
0.1,0.1,0.1,0.1,0.055147536,-0.31258,-0.00381,-0.0264,0.12,0.085370065,-0.36754,0.0013,-0.0344,0.18,0.026855125,-0.45256,0.00681,0.086
0.08,0.1,0.1,0.1,0.048078761,-0.26464,0.0006,-1E-04,0.1,0.055147536,-0.31258,-0.00381,-0.0264,0.12,0.085370065,-0.36754,0.0013,-0.0344
0.06,0.08,0.1,0.1,0.088414987,-0.17642,4E-05,-0.0341,0.1,0.048078761,-0.26464,0.0006,-1E-04,0.1,0.055147536,-0.31258,-0.00381,-0.0264
0.03,0.06,0.08,0.08,0.108812849,-0.06774,0.00508,0.07,0.1,0.088414987,-0.17642,4E-05,-0.0341,0.1,0.048078761,-0.26464,0.0006,-1E-04
-0.03,0.03,0.06,0.06,0.051641654,-0.01612,0.00079,-0.0225,0.08,0.108812849,-0.06774,0.00508,0.07,0.1,0.088414987,-0.17642,4E-05,-0.0341
-0.09,-0.03,0.03,0.03,0.011531194,-0.00459,0.0165,0.0366,0.06,0.051641654,-0.01612,0.00079,-0.0225,0.08,0.108812849,-0.06774,0.00508,0.07
-0.13,-0.09,-0.03,-0.03,-0.02413402,-0.02872,0.01247,-0.0472,0.03,0.011531194,-0.00459,0.0165,0.0366,0.06,0.051641654,-0.01612,0.00079,-0.0225
-0.15,-0.13,-0.09,-0.09,-0.019937713,-0.04865,0.00478,0.0235,-0.03,-0.02413402,-0.02872,0.01247,-0.0472,0.03,0.011531194,-0.00459,0.0165,0.0366
-0.17,-0.15,-0.13,-0.13,0.010474548,-0.03818,0.00172,-0.0324,-0.09,-0.019937713,-0.04865,0.00478,0.0235,-0.03,-0.02413402,-0.02872,0.01247,-0.0472
-0.15,-0.17,-0.15,-0.15,0.05288621,0.0147,-0.00455,-0.0187,-0.13,0.010474548,-0.03818,0.00172,-0.0324,-0.09,-0.019937713,-0.04865,0.00478,0.0235
-0.13,-0.15,-0.17,-0.17,0.106427692,0.1212,-0.00208,0.0188,-0.15,0.05288621,0.0147,-0.00455,-0.0187,-0.13,0.010474548,-0.03818,0.00172,-0.0324
-0.1,-0.13,-0.15,-0.15,0.184406161,0.306,0.0019,0.0057,-0.17,0.106427692,0.1212,-0.00208,0.0188,-0.15,0.05288621,0.0147,-0.00455,-0.0187
-0.06,-0.1,-0.13,-0.13,0.203071639,0.5099,0.00442,-0.003,-0.15,0.184406161,0.306,0.0019,0.0057,-0.17,0.106427692,0.1212,-0.00208,0.0188
-0.01,-0.06,-0.1,-0.1,0.134920517,0.6456,0.00103,0.0332,-0.13,0.203071639,0.5099,0.00442,-0.003,-0.15,0.184406161,0.306,0.0019,0.0057
0,-0.01,-0.06,-0.06,0.05979596,0.7058,0.00073,-0.0705,-0.1,0.134920517,0.6456,0.00103,0.0332,-0.13,0.203071639,0.5099,0.00442,-0.003
0,0,-0.01,-0.01,-0.001588799,0.7042,0.00514,0.0199,-0.06,0.05979596,0.7058,0.00073,-0.0705,-0.1,0.134920517,0.6456,0.00103,0.0332
-0.04,0,0,0,-0.065559964,0.6382,-0.00152,-0.0292,-0.01,-0.001588799,0.7042,0.00514,0.0199,-0.06,0.05979596,0.7058,0.00073,-0.0705
-0.07,-0.04,0,0,-0.050987676,0.5869,0.0039,-0.0269,0,-0.065559964,0.6382,-0.00152,-0.0292,-0.01,-0.001588799,0.7042,0.00514,0.0199
-0.11,-0.07,-0.04,-0.04,-0.106730868,0.4796,0.00896,0.0361,0,-0.050987676,0.5869,0.0039,-0.0269,0,-0.065559964,0.6382,-0.00152,-0.0292
-0.16,-0.11,-0.07,-0.07,-0.086423028,0.3928,0.00586,-0.0165,-0.04,-0.106730868,0.4796,0.00896,0.0361,0,-0.050987676,0.5869,0.0039,-0.0269
-0.17,-0.16,-0.11,-0.11,-0.02659907,0.3661,-0.00094,-0.012,-0.07,-0.086423028,0.3928,0.00586,-0.0165,-0.04,-0.106730868,0.4796,0.00896,0.0361
-0.17,-0.17,-0.16,-0.16,0.105059966,0.4716,-0.0057,-0.0187,-0.11,-0.02659907,0.3661,-0.00094,-0.012,-0.07,-0.086423028,0.3928,0.00586,-0.0165
-0.17,-0.17,-0.17,-0.17,0.133878549,0.6062,-0.00635,-0.0216,-0.16,0.105059966,0.4716,-0.0057,-0.0187,-0.11,-0.02659907,0.3661,-0.00094,-0.012
-0.15,-0.17,-0.17,-0.17,0.04432144,0.6508,0.00906,-0.0043,-0.17,0.133878549,0.6062,-0.00635,-0.0216,-0.16,0.105059966,0.4716,-0.0057,-0.0187
-0.15,-0.15,-0.17,-0.17,-0.067384309,0.583,0.00699,0.0237,-0.17,0.04432144,0.6508,0.00906,-0.0043,-0.17,0.133878549,0.6062,-0.00635,-0.0216
-0.12,-0.15,-0.15,-0.15,-0.10812839,0.4743,0.00097,-0.04,-0.17,-0.067384309,0.583,0.00699,0.0237,-0.17,0.04432144,0.6508,0.00906,-0.0043
-0.08,-0.12,-0.15,-0.15,-0.06312063,0.4109,-0.00248,0.0465,-0.15,-0.10812839,0.4743,0.00097,-0.04,-0.17,-0.067384309,0.583,0.00699,0.0237
-0.04,-0.08,-0.12,-0.12,0.004581071,0.4155,0.00065,0.0064,-0.15,-0.06312063,0.4109,-0.00248,0.0465,-0.15,-0.10812839,0.4743,0.00097,-0.04
-0.01,-0.04,-0.08,-0.08,0.05177143,0.4675,0.00039,0.0174,-0.12,0.004581071,0.4155,0.00065,0.0064,-0.15,-0.06312063,0.4109,-0.00248,0.0465
0.03,-0.01,-0.04,-0.04,-0.011148505,0.4563,-0.01461,0.0295,-0.08,0.05177143,0.4675,0.00039,0.0174,-0.12,0.004581071,0.4155,0.00065,0.0064
0.09,0.03,-0.01,-0.01,-0.078672099,0.3773,-0.06108,-0.0372,-0.04,-0.011148505,0.4563,-0.01461,0.0295,-0.08,0.05177143,0.4675,0.00039,0.0174
0.18,0.09,0.03,0.03,-0.01564221,0.3616,-0.10747,0.0103,-0.01,-0.078672099,0.3773,-0.06108,-0.0372,-0.04,-0.011148505,0.4563,-0.01461,0.0295
0.21,0.18,0.09,0.09,0.035166631,0.3969,-0.02706,0.0081,0.03,-0.01564221,0.3616,-0.10747,0.0103,-0.01,-0.078672099,0.3773,-0.06108,-0.0372
0.2,0.21,0.18,0.18,0.036249529,0.4333,0.01843,-0.0052,0.09,0.035166631,0.3969,-0.02706,0.0081,0.03,-0.01564221,0.3616,-0.10747,0.0103
0.15,0.2,0.21,0.21,0.069474722,0.5031,0.00023,0.0812,0.18,0.036249529,0.4333,0.01843,-0.0052,0.09,0.035166631,0.3969,-0.02706,0.0081
0.11,0.15,0.2,0.2,0.055008046,0.5584,-0.02547,-0.0308,0.21,0.069474722,0.5031,0.00023,0.0812,0.18,0.036249529,0.4333,0.01843,-0.0052
0.06,0.11,0.15,0.15,-0.005370158,0.553,-0.01016,0.0404,0.2,0.055008046,0.5584,-0.02547,-0.0308,0.21,0.069474722,0.5031,0.00023,0.0812
0.04,0.06,0.11,0.11,0.023268602,0.5764,-0.00536,0.0133,0.15,-0.005370158,0.553,-0.01016,0.0404,0.2,0.055008046,0.5584,-0.02547,-0.0308
0.02,0.04,0.06,0.06,0.098682208,0.6757,-0.01107,-0.0132,0.11,0.023268602,0.5764,-0.00536,0.0133,0.15,-0.005370158,0.553,-0.01016,0.0404
0.02,0.02,0.04,0.04,0.106126191,0.7826,-0.01054,-0.0203,0.06,0.098682208,0.6757,-0.01107,-0.0132,0.11,0.023268602,0.5764,-0.00536,0.0133
0.05,0.02,0.02,0.02,0.070225558,0.8534,-0.02432,0.0273,0.04,0.106126191,0.7826,-0.01054,-0.0203,0.06,0.098682208,0.6757,-0.01107,-0.0132
0.04,0.05,0.02,0.02,0.024190606,0.8778,-0.01639,0.0261,0.02,0.070225558,0.8534,-0.02432,0.0273,0.04,0.106126191,0.7826,-0.01054,-0.0203
0,0.04,0.05,0.05,0.030725529,0.9088,-0.00132,0.0292,0.02,0.024190606,0.8778,-0.01639,0.0261,0.02,0.070225558,0.8534,-0.02432,0.0273
-0.04,0,0.04,0.04,0.061422751,0.9708,-0.01191,-0.0329,0.05,0.030725529,0.9088,-0.00132,0.0292,0.02,0.024190606,0.8778,-0.01639,0.0261
-0.07,-0.04,0,0,0.072074073,1.0436,0.02792,-0.0215,0.04,0.061422751,0.9708,-0.01191,-0.0329,0.05,0.030725529,0.9088,-0.00132,0.0292
-0.12,-0.07,-0.04,-0.04,0.085174457,1.1297,0.07276,-0.0187,0,0.072074073,1.0436,0.02792,-0.0215,0.04,0.061422751,0.9708,-0.01191,-0.0329
-0.15,-0.12,-0.07,-0.07,0.024223381,1.1542,0.1367,0.0341,-0.04,0.085174457,1.1297,0.07276,-0.0187,0,0.072074073,1.0436,0.02792,-0.0215
-0.15,-0.15,-0.12,-0.12,-0.00790903,1.1462,0.00014,0.0093,-0.07,0.024223381,1.1542,0.1367,0.0341,-0.04,0.085174457,1.1297,0.07276,-0.0187
-0.13,-0.15,-0.15,-0.15,9.88667E-05,1.1463,0.00379,0.0073,-0.12,-0.00790903,1.1462,0.00014,0.0093,-0.07,0.024223381,1.1542,0.1367,0.0341
-0.13,-0.13,-0.15,-0.15,0.017695572,1.1642,0.02433,-0.0767,-0.15,9.88667E-05,1.1463,0.00379,0.0073,-0.12,-0.00790903,1.1462,0.00014,0.0093
-0.1,-0.13,-0.13,-0.13,0.008698351,1.173,0.08159,-0.0795,-0.15,0.017695572,1.1642,0.02433,-0.0767,-0.15,9.88667E-05,1.1463,0.00379,0.0073
-0.09,-0.1,-0.13,-0.13,-0.012256986,1.1606,0.12787,0.0694,-0.13,0.008698351,1.173,0.08159,-0.0795,-0.15,0.017695572,1.1642,0.02433,-0.0767
-0.11,-0.09,-0.1,-0.1,-0.005041616,1.1555,-0.11274,-0.016,-0.13,-0.012256986,1.1606,0.12787,0.0694,-0.13,0.008698351,1.173,0.08159,-0.0795
-0.16,-0.11,-0.09,-0.09,0.014234496,1.1699,-0.00487,0.0359,-0.1,-0.005041616,1.1555,-0.11274,-0.016,-0.13,-0.012256986,1.1606,0.12787,0.0694
-0.25,-0.16,-0.11,-0.11,0.018580876,1.1887,0.10751,0.0224,-0.09,0.014234496,1.1699,-0.00487,0.0359,-0.1,-0.005041616,1.1555,-0.11274,-0.016
-0.32,-0.25,-0.16,-0.16,-0.048732728,1.1394,0.059,-0.006,-0.11,0.018580876,1.1887,0.10751,0.0224,-0.09,0.014234496,1.1699,-0.00487,0.0359
-0.37,-0.32,-0.25,-0.25,-0.071412113,1.0672,-0.00426,-0.028,-0.16,-0.048732728,1.1394,0.059,-0.006,-0.11,0.018580876,1.1887,0.10751,0.0224
-0.36,-0.37,-0.32,-0.32,-0.092159382,0.9741,0.00525,-0.0421,-0.25,-0.071412113,1.0672,-0.00426,-0.028,-0.16,-0.048732728,1.1394,0.059,-0.006
-0.32,-0.36,-0.37,-0.37,-0.104933416,0.8682,0.06865,0.0538,-0.32,-0.092159382,0.9741,0.00525,-0.0421,-0.25,-0.071412113,1.0672,-0.00426,-0.028
-0.26,-0.32,-0.36,-0.36,-0.076664037,0.7909,0.02961,0.0294,-0.37,-0.104933416,0.8682,0.06865,0.0538,-0.32,-0.092159382,0.9741,0.00525,-0.0421
-0.16,-0.26,-0.32,-0.32,-0.02758566,0.7631,0.01378,-0.0459,-0.36,-0.076664037,0.7909,0.02961,0.0294,-0.37,-0.104933416,0.8682,0.06865,0.0538
-0.07,-0.16,-0.26,-0.26,0.065577904,0.8292,-0.04224,-0.0501,-0.32,-0.02758566,0.7631,0.01378,-0.0459,-0.36,-0.076664037,0.7909,0.02961,0.0294
0,-0.07,-0.16,-0.16,0.078418741,0.9083,-0.03598,-0.0226,-0.26,0.065577904,0.8292,-0.04224,-0.0501,-0.32,-0.02758566,0.7631,0.01378,-0.0459
0.02,0,-0.07,-0.07,0.014665706,0.9231,-0.02,-0.0274,-0.16,0.078418741,0.9083,-0.03598,-0.0226,-0.26,0.065577904,0.8292,-0.04224,-0.0501
0.02,0.02,0,0,-0.030126482,0.8927,-0.02,-0.066,-0.07,0.014665706,0.9231,-0.02,-0.0274,-0.16,0.078418741,0.9083,-0.03598,-0.0226
0,0.02,0.02,0.02,-0.092814886,0.7991,-0.02,0.0259,0,-0.030126482,0.8927,-0.02,-0.066,-0.07,0.014665706,0.9231,-0.02,-0.0274
-0.02,0,0.02,0.02,-0.12656929,0.6716,-0.01,-0.0545,0.02,-0.092814886,0.7991,-0.02,0.0259,0,-0.030126482,0.8927,-0.02,-0.066
-0.04,-0.02,0,0,-0.149707323,0.521,-0.01,0.0441,0.02,-0.12656929,0.6716,-0.01,-0.0545,0.02,-0.092814886,0.7991,-0.02,0.0259
-0.02,-0.04,-0.02,-0.02,-0.021589859,0.4993,0.01,-0.1445,0,-0.149707323,0.521,-0.01,0.0441,0.02,-0.12656929,0.6716,-0.01,-0.0545
0.05,-0.02,-0.04,-0.04,0.071815503,0.5715,0.01,0.0744,-0.02,-0.021589859,0.4993,0.01,-0.1445,0,-0.149707323,0.521,-0.01,0.0441
0.17,0.05,-0.02,-0.02,0.139901992,0.7123,0.01,0.0471,-0.04,0.071815503,0.5715,0.01,0.0744,-0.02,-0.021589859,0.4993,0.01,-0.1445
0.27,0.17,0.05,0.05,0.100830571,0.8139,0,-0.0572,-0.02,0.139901992,0.7123,0.01,0.0471,-0.04,0.071815503,0.5715,0.01,0.0744
0.37,0.27,0.17,0.17,-0.069458987,0.7439,-0.05,0.0477,0.05,0.100830571,0.8139,0,-0.0572,-0.02,0.139901992,0.7123,0.01,0.0471
0.46,0.37,0.27,0.27,-0.480187505,0.2613,0.01,0.0363,0.17,-0.069458987,0.7439,-0.05,0.0477,0.05,0.100830571,0.8139,0,-0.0572
-3.19,0.46,0.37,0.37,-1.037214284,-0.77325,-0.22,-0.119,0.27,-0.480187505,0.2613,0.01,0.0363,0.17,-0.069458987,0.7439,-0.05,0.0477
-8.92,-3.19,0.46,0.46,-1.118573956,-1.87699,0.12,-0.2776,0.37,-1.037214284,-0.77325,-0.22,-0.119,0.27,-0.480187505,0.2613,0.01,0.0363
2.57,-8.92,-3.19,-3.19,-0.347903245,-2.21777,-0.32,0.0373,0.46,-1.118573956,-1.87699,0.12,-0.2776,0.37,-1.037214284,-0.77325,-0.22,-0.119
5.52,2.57,-8.92,-8.92,0.208950431,-2.01324,-0.14,0.0858,-3.19,-0.347903245,-2.21777,-0.32,0.0373,0.46,-1.118573956,-1.87699,0.12,-0.2776
4.28,5.52,2.57,2.57,0.278292913,-1.74017,-0.09,0.2121,-8.92,0.208950431,-2.01324,-0.14,0.0858,-3.19,-0.347903245,-2.21777,-0.32,0.0373
-0.05,4.28,5.52,5.52,0.252744072,-1.49151,-0.03,-0.0991,2.57,0.278292913,-1.74017,-0.09,0.2121,-8.92,0.208950431,-2.01324,-0.14,0.0858
-0.83,-0.05,4.28,4.28,0.213854239,-1.28062,-0.01,0.0623,5.52,0.252744072,-1.49151,-0.03,-0.0991,2.57,0.278292913,-1.74017,-0.09,0.2121
-0.45,-0.83,-0.05,-0.05,0.079749892,-1.20186,-0.01,0.1709,4.28,0.213854239,-1.28062,-0.01,0.0623,5.52,0.252744072,-1.49151,-0.03,-0.0991
0,-0.45,-0.83,-0.83,0.011952952,-1.19005,-0.01,-0.1662,-0.05,0.079749892,-1.20186,-0.01,0.1709,4.28,0.213854239,-1.28062,-0.01,0.0623
1.05,0,-0.45,-0.45,0.114902141,-1.07645,-0.01,0.0862,-0.83,0.011952952,-1.19005,-0.01,-0.1662,-0.05,0.079749892,-1.20186,-0.01,0.1709
-0.36,1.05,0,0,0.140292785,-0.93757,0,-0.1321,-0.45,0.114902141,-1.07645,-0.01,0.0862,-0.83,0.011952952,-1.19005,-0.01,-0.1662
0.83,-0.36,1.05,1.05,0.278214713,-0.66158,0.02,0.1094,0,0.140292785,-0.93757,0,-0.1321,-0.45,0.114902141,-1.07645,-0.01,0.0862
1.05,0.83,-0.36,-0.36,0.408913637,-0.25454,0.03,0.2077,1.05,0.278214713,-0.66158,0.02,0.1094,0,0.140292785,-0.93757,0,-0.1321
0.67,1.05,0.83,0.83,0.324040572,0.0692,0.01,-0.0009,-0.36,0.408913637,-0.25454,0.03,0.2077,1.05,0.278214713,-0.66158,0.02,0.1094
0.48,0.67,1.05,1.05,0.245528218,0.3152,-0.01,0.0971,0.83,0.324040572,0.0692,0.01,-0.0009,-0.36,0.408913637,-0.25454,0.03,0.2077
0.34,0.48,0.67,0.67,0.151208652,0.467,0,0.0192,1.05,0.245528218,0.3152,-0.01,0.0971,0.83,0.324040572,0.0692,0.01,-0.0009
0.14,0.34,0.48,0.48,-0.099784009,0.3668,0,0.052,0.67,0.151208652,0.467,0,0.0192,1.05,0.245528218,0.3152,-0.01,0.0971
-0.04,0.14,0.34,0.34,-0.238610269,0.1276,-0.01,-0.0622,0.48,-0.099784009,0.3668,0,0.052,0.67,0.151208652,0.467,0,0.0192
-0.17,-0.04,0.14,0.14,-0.163875269,-0.03635,0,0.0122,0.34,-0.238610269,0.1276,-0.01,-0.0622,0.48,-0.099784009,0.3668,0,0.052
-0.26,-0.17,-0.04,-0.04,-0.183164162,-0.21928,0.09,0.0275,0.14,-0.163875269,-0.03635,0,0.0122,0.34,-0.238610269,0.1276,-0.01,-0.0622
-0.36,-0.26,-0.17,-0.17,-0.227326105,-0.44585,-0.03,0.0438,-0.04,-0.183164162,-0.21928,0.09,0.0275,0.14,-0.163875269,-0.03635,0,0.0122
-0.51,-0.36,-0.26,-0.26,-0.240439536,-0.68493,0.03,-0.0171,-0.17,-0.227326105,-0.44585,-0.03,0.0438,-0.04,-0.183164162,-0.21928,0.09,0.0275
-0.7,-0.51,-0.36,-0.36,-0.335041599,-1.01712,0.37,-0.0253,-0.26,-0.240439536,-0.68493,0.03,-0.0171,-0.17,-0.227326105,-0.44585,-0.03,0.0438
-0.87,-0.7,-0.51,-0.51,-0.464551459,-1.47588,0.28,-0.0239,-0.36,-0.335041599,-1.01712,0.37,-0.0253,-0.26,-0.240439536,-0.68493,0.03,-0.0171
-0.92,-0.87,-0.7,-0.7,-0.546279848,-2.01263,0.18,-0.0024,-0.51,-0.464551459,-1.47588,0.28,-0.0239,-0.36,-0.335041599,-1.01712,0.37,-0.0253
-0.84,-0.92,-0.87,-0.87,-0.397267733,-2.40113,0.14,-0.0842,-0.7,-0.546279848,-2.01263,0.18,-0.0024,-0.51,-0.464551459,-1.47588,0.28,-0.0239
-0.71,-0.84,-0.92,-0.92,-0.376614294,-2.76801,0.18,0.0871,-0.87,-0.397267733,-2.40113,0.14,-0.0842,-0.7,-0.546279848,-2.01263,0.18,-0.0024
-0.56,-0.71,-0.84,-0.84,-0.378667784,-3.1355,0.26,-0.0941,-0.92,-0.376614294,-2.76801,0.18,0.0871,-0.87,-0.397267733,-2.40113,0.14,-0.0842
-0.41,-0.56,-0.71,-0.71,-0.207101247,-3.3359,0.27,-0.0314,-0.84,-0.378667784,-3.1355,0.26,-0.0941,-0.92,-0.376614294,-2.76801,0.18,0.0871
-0.29,-0.41,-0.56,-0.56,0.004551741,-3.3315,0.39,-0.1222,-0.71,-0.207101247,-3.3359,0.27,-0.0314,-0.84,-0.378667784,-3.1355,0.26,-0.0941
-0.15,-0.29,-0.41,-0.41,0.019952803,-3.31221,0.68,-0.0344,-0.56,0.004551741,-3.3315,0.39,-0.1222,-0.71,-0.207101247,-3.3359,0.27,-0.0314
0.03,-0.15,-0.29,-0.29,0.099301384,-3.21615,0.48,0.1075,-0.41,0.019952803,-3.31221,0.68,-0.0344,-0.56,0.004551741,-3.3315,0.39,-0.1222
0.21,0.03,-0.15,-0.15,0.186035599,-3.03593,0.13,-0.073,-0.29,0.099301384,-3.21615,0.48,0.1075,-0.41,0.019952803,-3.31221,0.68,-0.0344
0.33,0.21,0.03,0.03,0.278642622,-2.76537,0.26,-0.017,-0.15,0.186035599,-3.03593,0.13,-0.073,-0.29,0.099301384,-3.21615,0.48,0.1075
0.43,0.33,0.21,0.21,0.311717241,-2.4618,0.23,0.0413,0.03,0.278642622,-2.76537,0.26,-0.017,-0.15,0.186035599,-3.03593,0.13,-0.073
0.48,0.43,0.33,0.33,0.254100287,-2.21364,0.2,-0.0539,0.21,0.311717241,-2.4618,0.23,0.0413,0.03,0.278642622,-2.76537,0.26,-0.017
0.46,0.48,0.43,0.43,0.174360994,-2.04299,0.12,0.0177,0.33,0.254100287,-2.21364,0.2,-0.0539,0.21,0.311717241,-2.4618,0.23,0.0413
0.44,0.46,0.48,0.48,0.213895623,-1.83324,0.19,-0.0443,0.43,0.174360994,-2.04299,0.12,0.0177,0.33,0.254100287,-2.21364,0.2,-0.0539
0.41,0.44,0.46,0.46,0.190931181,-1.64563,0.21,-0.0162,0.48,0.213895623,-1.83324,0.19,-0.0443,0.43,0.174360994,-2.04299,0.12,0.0177
0.36,0.41,0.44,0.44,0.178520975,-1.46989,0.36,0.0192,0.46,0.190931181,-1.64563,0.21,-0.0162,0.48,0.213895623,-1.83324,0.19,-0.0443
0.3,0.36,0.41,0.41,0.0793047,-1.39172,0.4,0.1053,0.44,0.178520975,-1.46989,0.36,0.0192,0.46,0.190931181,-1.64563,0.21,-0.0162
0.3,0.3,0.36,0.36,-0.103797675,-1.49402,0.04,-0.0989,0.41,0.0793047,-1.39172,0.4,0.1053,0.44,0.178520975,-1.46989,0.36,0.0192
0.26,0.3,0.3,0.3,-0.16397213,-1.65541,-0.01,0.0023,0.36,-0.103797675,-1.49402,0.04,-0.0989,0.41,0.0793047,-1.39172,0.4,0.1053
0.23,0.26,0.3,0.3,-0.104167741,-1.7578,-0.12,0.0808,0.3,-0.16397213,-1.65541,-0.01,0.0023,0.36,-0.103797675,-1.49402,0.04,-0.0989
0.2,0.23,0.26,0.26,0.109943184,-1.64973,-0.04,-0.1196,0.3,-0.104167741,-1.7578,-0.12,0.0808,0.3,-0.16397213,-1.65541,-0.01,0.0023
0.19,0.2,0.23,0.23,0.327636669,-1.32697,-0.14,0.0463,0.26,0.109943184,-1.64973,-0.04,-0.1196,0.3,-0.104167741,-1.7578,-0.12,0.0808
0.18,0.19,0.2,0.2,0.34575761,-0.98521,-0.02,-0.042,0.23,0.327636669,-1.32697,-0.14,0.0463,0.26,0.109943184,-1.64973,-0.04,-0.1196
0.16,0.18,0.19,0.19,0.188158371,-0.79873,0.01,0.0194,0.2,0.34575761,-0.98521,-0.02,-0.042,0.23,0.327636669,-1.32697,-0.14,0.0463
0.14,0.16,0.18,0.18,0.061311061,-0.73789,-0.01,0.0177,0.19,0.188158371,-0.79873,0.01,0.0194,0.2,0.34575761,-0.98521,-0.02,-0.042
0.16,0.14,0.16,0.16,-0.072904326,-0.81023,-0.02,0.0524,0.18,0.061311061,-0.73789,-0.01,0.0177,0.19,0.188158371,-0.79873,0.01,0.0194
0.2,0.16,0.14,0.14,-0.140263988,-0.94926,-0.02,-0.1096,0.16,-0.072904326,-0.81023,-0.02,0.0524,0.18,0.061311061,-0.73789,-0.01,0.0177
0.2,0.2,0.16,0.16,-0.079728302,-1.0282,0,0.0693,0.14,-0.140263988,-0.94926,-0.02,-0.1096,0.16,-0.072904326,-0.81023,-0.02,0.0524
0.15,0.2,0.2,0.2,-0.019947065,-1.04794,-0.07,0.0285,0.16,-0.079728302,-1.0282,0,0.0693,0.14,-0.140263988,-0.94926,-0.02,-0.1096
0.04,0.15,0.2,0.2,0.036647397,-1.01167,-0.18,-0.0488,0.2,-0.019947065,-1.04794,-0.07,0.0285,0.16,-0.079728302,-1.0282,0,0.0693
-0.06,0.04,0.15,0.15,0.071881625,-0.94049,-0.07,-0.0678,0.2,0.036647397,-1.01167,-0.18,-0.0488,0.2,-0.019947065,-1.04794,-0.07,0.0285
-0.1,-0.06,0.04,0.04,0.068188269,-0.87292,-0.09,0.0675,0.15,0.071881625,-0.94049,-0.07,-0.0678,0.2,0.036647397,-1.01167,-0.18,-0.0488
-0.09,-0.1,-0.06,-0.06,0.004478999,-0.86848,-0.07,0.0304,0.04,0.068188269,-0.87292,-0.09,0.0675,0.15,0.071881625,-0.94049,-0.07,-0.0678
-0.05,-0.09,-0.1,-0.1,-0.069406655,-0.93726,-0.04,-0.2036,-0.06,0.004478999,-0.86848,-0.07,0.0304,0.04,0.068188269,-0.87292,-0.09,0.0675