CLI,CLI_t-1,CLI_t-2_stock removed,y1,y2,y3,y4,y5,y1_t-1,y2_t-1,y3_t-1,y4_t-1,y5_t-1,y1_t-2,y2_t-2,y3_t-2,y4_t-2,y5_t-2,CLI_t-3_stock removed,CLI_t-4_stock removed
0.03,-0.01,0.154560965,0.013407707,1.441,-0.94196,-0.0366,0.091914985,0.056312277,1.4274,-0.14425,0.0755,0.05737258,0.116966524,1.3703,-9.9476E-14,-0.0973,0.006659005,0.064413629,0
0.07,0.03,0.126360527,-0.003548924,1.4374,-1.20009,-0.0364,0.031545992,0.013407707,1.441,-0.94196,-0.0366,0.091914985,0.056312277,1.4274,-0.14425,0.0755,0.05737258,0.154560965,0.064413629
0.05,0.07,-0.007759682,-0.011140496,1.4261,-0.30965,0.0147,-0.038103657,-0.003548924,1.4374,-1.20009,-0.0364,0.031545992,0.013407707,1.441,-0.94196,-0.0366,0.091914985,0.126360527,0.154560965
0.04,0.05,-0.03517528,0.005521109,1.4317,-0.44413,-0.0338,0.003044379,-0.011140496,1.4261,-0.30965,0.0147,-0.038103657,-0.003548924,1.4374,-1.20009,-0.0364,0.031545992,-0.007759682,0.126360527
0.04,0.04,-0.005991029,-0.033427091,1.3978,0.21513,-0.0003,-0.009007984,0.005521109,1.4317,-0.44413,-0.0338,0.003044379,-0.011140496,1.4261,-0.30965,0.0147,-0.038103657,-0.03517528,-0.007759682
0.04,0.04,-0.015664492,-0.054651225,1.3424,-0.1437,0.0095,-0.006717015,-0.033427091,1.3978,0.21513,-0.0003,-0.009007984,0.005521109,1.4317,-0.44413,-0.0338,0.003044379,-0.005991029,-0.03517528
0.07,0.04,0.017764564,-0.042241984,1.2996,0.29457,0.0294,0.024647135,-0.054651225,1.3424,-0.1437,0.0095,-0.006717015,-0.033427091,1.3978,0.21513,-0.0003,-0.009007984,-0.015664492,-0.005991029
0.14,0.07,0.004681304,-0.01036583,1.2891,0.97548,0.0341,-0.019485567,-0.042241984,1.2996,0.29457,0.0294,0.024647135,-0.054651225,1.3424,-0.1437,0.0095,-0.006717015,0.017764564,-0.015664492
0.25,0.14,0.007313328,-0.067453495,1.2208,0.08169,0.0295,0.027331464,-0.01036583,1.2891,0.97548,0.0341,-0.019485567,-0.042241984,1.2996,0.29457,0.0294,0.024647135,0.004681304,0.017764564
0.35,0.25,0.028636254,-0.069377395,1.1506,0.15812,-0.0016,0.001270077,-0.067453495,1.2208,0.08169,0.0295,0.027331464,-0.01036583,1.2891,0.97548,0.0341,-0.019485567,0.007313328,0.004681304
0.47,0.35,0.077255102,-0.013347327,1.1371,-0.30336,-0.0141,0.075888641,-0.069377395,1.1506,0.15812,-0.0016,0.001270077,-0.067453495,1.2208,0.08169,0.0295,0.027331464,0.028636254,0.007313328
0.4,0.47,0.167355429,0.032425967,1.1699,-0.20866,0.0857,0.085015108,-0.013347327,1.1371,-0.30336,-0.0141,0.075888641,-0.069377395,1.1506,0.15812,-0.0016,0.001270077,0.077255102,0.028636254
0.42,0.4,0.138166335,0.052472198,1.223,-0.87799,0.0136,0.048986624,0.032425967,1.1699,-0.20866,0.0857,0.085015108,-0.013347327,1.1371,-0.30336,-0.0141,0.075888641,0.167355429,0.077255102
0.41,0.42,0.030860284,0.057677761,1.2814,-0.18323,-0.0132,-0.017279858,0.052472198,1.223,-0.87799,0.0136,0.048986624,0.032425967,1.1699,-0.20866,0.0857,0.085015108,0.138166335,0.167355429
0.34,0.41,0.070757701,0.032281073,1.3141,-0.96305,0.0513,0.089585586,0.057677761,1.2814,-0.18323,-0.0132,-0.017279858,0.052472198,1.223,-0.87799,0.0136,0.048986624,0.030860284,0.138166335
0.2,0.34,0.148960512,0.050523143,1.3653,0.06816,0.0094,0.054493127,0.032281073,1.3141,-0.96305,0.0513,0.089585586,0.057677761,1.2814,-0.18323,-0.0132,-0.017279858,0.070757701,0.030860284
0.03,0.2,0.101462669,0.064892673,1.4311,0.31188,-0.0205,0.044542293,0.050523143,1.3653,0.06816,0.0094,0.054493127,0.032281073,1.3141,-0.96305,0.0513,0.089585586,0.148960512,0.070757701
-0.13,0.03,-0.004141222,0.033219006,1.4648,0.85174,0.0561,-0.046607509,0.064892673,1.4311,0.31188,-0.0205,0.044542293,0.050523143,1.3653,0.06816,0.0094,0.054493127,0.101462669,0.148960512
-0.25,-0.13,-0.027800604,-0.033711952,1.4306,0.09632,-0.0372,0.019726299,0.033219006,1.4648,0.85174,0.0561,-0.046607509,0.064892673,1.4311,0.31188,-0.0205,0.044542293,-0.004141222,0.101462669
-0.32,-0.25,-0.073219926,-0.117193062,1.3118,-0.16832,0.0477,-0.091148208,-0.033711952,1.4306,0.09632,-0.0372,0.019726299,0.033219006,1.4648,0.85174,0.0561,-0.046607509,-0.027800604,-0.004141222
-0.34,-0.32,-0.284168433,-0.1127849,1.1976,-1.02919,0.0262,-0.212378108,-0.117193062,1.3118,-0.16832,0.0477,-0.091148208,-0.033711952,1.4306,0.09632,-0.0372,0.019726299,-0.073219926,-0.027800604
-0.32,-0.34,-0.199088728,0.041790677,1.2399,-1.02568,-0.0316,0.016872792,-0.1127849,1.1976,-1.02919,0.0262,-0.212378108,-0.117193062,1.3118,-0.16832,0.0477,-0.091148208,-0.284168433,-0.073219926
-0.24,-0.32,0.073004654,0.125267345,1.3668,0.91408,0.0024,0.055200476,0.041790677,1.2399,-1.02568,-0.0316,0.016872792,-0.1127849,1.1976,-1.02919,0.0262,-0.212378108,-0.199088728,-0.284168433
-0.16,-0.24,0.042796021,0.114370462,1.4828,0.40104,0.0061,-0.011755544,0.125267345,1.3668,0.91408,0.0024,0.055200476,0.041790677,1.2399,-1.02568,-0.0316,0.016872792,0.073004654,-0.199088728
-0.07,-0.16,0.022736788,0.079390803,1.5634,-0.37491,-0.013,0.034902631,0.114370462,1.4828,0.40104,0.0061,-0.011755544,0.125267345,1.3668,0.91408,0.0024,0.055200476,0.042796021,0.073004654
0.01,-0.07,0.02290379,0.03071501,1.5946,-0.53878,-0.0301,-0.011594174,0.079390803,1.5634,-0.37491,-0.013,0.034902631,0.114370462,1.4828,0.40104,0.0061,-0.011755544,0.022736788,0.042796021
0.04,0.01,-0.013805229,0.035527073,1.6307,-0.3075,0.0412,-0.002236991,0.03071501,1.5946,-0.53878,-0.0301,-0.011594174,0.079390803,1.5634,-0.37491,-0.013,0.034902631,0.02290379,0.022736788
0,0.04,0.033966828,0.03010448,1.6613,0.90838,-0.0374,0.036284988,0.035527073,1.6307,-0.3075,0.0412,-0.002236991,0.03071501,1.5946,-0.53878,-0.0301,-0.011594174,-0.013805229,0.02290379
-0.06,0,0.041256989,0.045139735,1.7072,1.59852,0.0094,0.004797909,0.03010448,1.6613,0.90838,-0.0374,0.036284988,0.035527073,1.6307,-0.3075,0.0412,-0.002236991,0.033966828,-0.013805229
-0.1,-0.06,-0.00918311,0.084226008,1.7929,0.87063,0.0159,-0.013914259,0.045139735,1.7072,1.59852,0.0094,0.004797909,0.03010448,1.6613,0.90838,-0.0374,0.036284988,0.041256989,0.033966828
-0.16,-0.1,-0.044296383,0.045866942,1.8396,0.74605,-0.0037,-0.030810834,0.084226008,1.7929,0.87063,0.0159,-0.013914259,0.045139735,1.7072,1.59852,0.0094,0.004797909,-0.00918311,0.041256989
-0.17,-0.16,0.006908828,-0.013551639,1.8258,-0.14644,-0.0121,0.038918782,0.045866942,1.8396,0.74605,-0.0037,-0.030810834,0.084226008,1.7929,0.87063,0.0159,-0.013914259,-0.044296383,-0.00918311
-0.13,-0.17,0.024905002,-0.038013309,1.7871,0.27428,-0.017,-0.013488812,-0.013551639,1.8258,-0.14644,-0.0121,0.038918782,0.045866942,1.8396,0.74605,-0.0037,-0.030810834,0.006908828,-0.044296383
-0.09,-0.13,-0.039712446,-0.042647109,1.7437,0.83949,0.0151,-0.026582196,-0.038013309,1.7871,0.27428,-0.017,-0.013488812,-0.013551639,1.8258,-0.14644,-0.0121,0.038918782,0.024905002,0.006908828
-0.02,-0.09,0.040544188,-0.025361051,1.7179,0.00355,-0.0712,0.068959478,-0.042647109,1.7437,0.83949,0.0151,-0.026582196,-0.038013309,1.7871,0.27428,-0.017,-0.013488812,-0.039712446,0.024905002
0.01,-0.02,0.15565333,-0.110661209,1.6054,-0.09716,-0.0135,0.081101159,-0.025361051,1.7179,0.00355,-0.0712,0.068959478,-0.042647109,1.7437,0.83949,0.0151,-0.026582196,0.040544188,-0.039712446
0.02,0.01,0.096355952,-0.171298954,1.4315,-0.00156,-0.0196,0.014110422,-0.110661209,1.6054,-0.09716,-0.0135,0.081101159,-0.025361051,1.7179,0.00355,-0.0712,0.068959478,0.15565333,0.040544188
0.03,0.02,0.009996508,-0.157471491,1.2719,0.12109,-0.0403,-0.004056673,-0.171298954,1.4315,-0.00156,-0.0196,0.014110422,-0.110661209,1.6054,-0.09716,-0.0135,0.081101159,0.096355952,0.15565333
0.02,0.03,0.030155405,-0.083374746,1.1875,0.03856,-0.0022,0.03435143,-0.157471491,1.2719,0.12109,-0.0403,-0.004056673,-0.171298954,1.4315,-0.00156,-0.0196,0.014110422,0.009996508,0.096355952
-0.05,0.02,0.039558659,0.003755334,1.1913,0.96038,-0.0143,0.005034294,-0.083374746,1.1875,0.03856,-0.0022,0.03435143,-0.157471491,1.2719,0.12109,-0.0403,-0.004056673,0.030155405,0.009996508
-0.1,-0.05,0.051602594,0.075077081,1.2673,-0.21936,0.0293,0.046335036,0.003755334,1.1913,0.96038,-0.0143,0.005034294,-0.083374746,1.1875,0.03856,-0.0022,0.03435143,0.039558659,0.030155405
-0.15,-0.1,0.096223414,0.096924099,1.3655,-0.06745,-0.0241,0.047679163,0.075077081,1.2673,-0.21936,0.0293,0.046335036,0.003755334,1.1913,0.96038,-0.0143,0.005034294,0.051602594,0.039558659
-0.2,-0.15,0.057700707,0.108459346,1.4755,0.17645,-0.0437,0.009565471,0.096924099,1.3655,-0.06745,-0.0241,0.047679163,0.075077081,1.2673,-0.21936,0.0293,0.046335036,0.096223414,0.051602594
-0.22,-0.2,-0.064952915,-0.003547717,1.4719,0.99601,0.0115,-0.073812336,0.108459346,1.4755,0.17645,-0.0437,0.009565471,0.096924099,1.3655,-0.06745,-0.0241,0.047679163,0.057700707,0.096223414
-0.16,-0.22,-0.07192253,-0.049286869,1.4219,0.08594,-0.0368,0.002040414,-0.003547717,1.4719,0.99601,0.0115,-0.073812336,0.108459346,1.4755,0.17645,-0.0437,0.009565471,-0.064952915,0.057700707
-0.13,-0.16,0.071553213,-0.025244283,1.3963,-0.00233,0.015,0.069371253,-0.049286869,1.4219,0.08594,-0.0368,0.002040414,-0.003547717,1.4719,0.99601,0.0115,-0.073812336,-0.07192253,-0.064952915
-0.11,-0.13,0.073587596,-0.018148265,1.3779,0.04658,-0.0181,0.003942824,-0.025244283,1.3963,-0.00233,0.015,0.069371253,-0.049286869,1.4219,0.08594,-0.0368,0.002040414,0.071553213,-0.07192253
-0.09,-0.11,-0.026099641,-0.066308616,1.3107,-0.04915,-0.0198,-0.029924478,-0.018148265,1.3779,0.04658,-0.0181,0.003942824,-0.025244283,1.3963,-0.00233,0.015,0.069371253,0.073587596,0.071553213
-0.03,-0.09,-0.050389475,-0.062105517,1.2478,0.16754,-0.0394,-0.021096293,-0.066308616,1.3107,-0.04915,-0.0198,-0.029924478,-0.018148265,1.3779,0.04658,-0.0181,0.003942824,-0.026099641,0.073587596
0.03,-0.03,-0.045996459,-0.033389015,1.214,-0.05932,0.046,-0.025436788,-0.062105517,1.2478,0.16754,-0.0394,-0.021096293,-0.066308616,1.3107,-0.04915,-0.0198,-0.029924478,-0.050389475,-0.026099641
0.05,0.03,-0.007987564,-0.084707948,1.1283,-0.06315,-0.0189,0.017904661,-0.033389015,1.214,-0.05932,0.046,-0.025436788,-0.062105517,1.2478,0.16754,-0.0394,-0.021096293,-0.045996459,-0.050389475
0.01,0.05,0.084717749,-0.123285789,1.0037,-0.18127,0.0055,0.065637865,-0.084707948,1.1283,-0.06315,-0.0189,0.017904661,-0.033389015,1.214,-0.05932,0.046,-0.025436788,-0.007987564,-0.045996459
-0.06,0.01,0.058880956,-0.21834903,0.7834,-0.02722,-0.0407,-0.006340717,-0.123285789,1.0037,-0.18127,0.0055,0.065637865,-0.084707948,1.1283,-0.06315,-0.0189,0.017904661,0.084717749,-0.007987564
-0.13,-0.06,-0.076535017,-0.393496588,0.3876,0.03084,-0.0175,-0.070642222,-0.21834903,0.7834,-0.02722,-0.0407,-0.006340717,-0.123285789,1.0037,-0.18127,0.0055,0.065637865,0.058880956,0.084717749
-0.17,-0.13,-0.118922956,-0.432371126,-0.04551,-0.06547,-0.0338,-0.051950643,-0.393496588,0.3876,0.03084,-0.0175,-0.070642222,-0.21834903,0.7834,-0.02722,-0.0407,-0.006340717,-0.076535017,0.058880956
-0.18,-0.17,-0.046997912,-0.283269563,-0.32825,-0.88901,-0.0281,0.005224127,-0.432371126,-0.04551,-0.06547,-0.0338,-0.051950643,-0.393496588,0.3876,0.03084,-0.0175,-0.070642222,-0.118922956,-0.076535017
-0.18,-0.18,0.004162506,-0.068096632,-0.3961,-0.38105,-0.03,-0.001056104,-0.283269563,-0.32825,-0.88901,-0.0281,0.005224127,-0.432371126,-0.04551,-0.06547,-0.0338,-0.051950643,-0.046997912,-0.118922956
-0.13,-0.18,0.034518208,0.042358846,-0.3539,0.20059,-0.0383,0.035611922,-0.068096632,-0.3961,-0.38105,-0.03,-0.001056104,-0.283269563,-0.32825,-0.88901,-0.0281,0.005224127,0.004162506,-0.046997912
-0.03,-0.13,0.008113142,0.091772809,-0.26241,0.12917,-0.0052,-0.026553171,0.042358846,-0.3539,0.20059,-0.0383,0.035611922,-0.068096632,-0.3961,-0.38105,-0.03,-0.001056104,0.034518208,0.004162506
0.11,-0.03,0.052797949,0.256804722,-0.00595,-0.71555,-0.0995,0.081515618,0.091772809,-0.26241,0.12917,-0.0052,-0.026553171,0.042358846,-0.3539,0.20059,-0.0383,0.035611922,0.008113142,0.034518208
0.23,0.11,0.162899129,0.377558856,0.3723,-0.83252,0.0408,0.075249502,0.256804722,-0.00595,-0.71555,-0.0995,0.081515618,0.091772809,-0.26241,0.12917,-0.0052,-0.026553171,0.052797949,0.008113142
0.26,0.23,0.103500737,0.140278938,0.5132,-0.44788,0.0625,0.026274121,0.377558856,0.3723,-0.83252,0.0408,0.075249502,0.256804722,-0.00595,-0.71555,-0.0995,0.081515618,0.162899129,0.052797949
0.28,0.26,0.017762126,-0.009153446,0.504,-0.4497,-0.0656,-0.008294075,0.140278938,0.5132,-0.44788,0.0625,0.026274121,0.377558856,0.3723,-0.83252,0.0408,0.075249502,0.103500737,0.162899129
0.27,0.28,-0.007571688,-0.045381624,0.4584,-0.26678,0.0387,0.000728429,-0.009153446,0.504,-0.4497,-0.0656,-0.008294075,0.140278938,0.5132,-0.44788,0.0625,0.026274121,0.017762126,0.103500737
0.26,0.27,0.014753725,-0.062632592,0.3955,-0.16868,0.0192,0.014015088,-0.045381624,0.4584,-0.26678,0.0387,0.000728429,-0.009153446,0.504,-0.4497,-0.0656,-0.008294075,-0.007571688,0.017762126
0.24,0.26,0.042228163,-0.044932425,0.3504,-0.19652,0.019,0.027823131,-0.062632592,0.3955,-0.16868,0.0192,0.014015088,-0.045381624,0.4584,-0.26678,0.0387,0.000728429,0.014753725,-0.007571688
0.16,0.24,0.036384797,-0.056218864,0.294,-0.59916,0.0629,0.008329901,-0.044932425,0.3504,-0.19652,0.019,0.027823131,-0.062632592,0.3955,-0.16868,0.0192,0.014015088,0.042228163,0.014753725
0.06,0.16,-0.007552119,-0.184927701,0.1087,0.12415,-0.0044,-0.015750818,-0.056218864,0.294,-0.59916,0.0629,0.008329901,-0.044932425,0.3504,-0.19652,0.019,0.027823131,0.036384797,0.042228163
-0.03,0.06,-0.044646892,-0.262459204,-0.1537,0.07154,0.0267,-0.029358495,-0.184927701,0.1087,0.12415,-0.0044,-0.015750818,-0.056218864,0.294,-0.59916,0.0629,0.008329901,-0.007552119,0.036384797
-0.05,-0.03,-0.066011257,-0.1904838,-0.34371,0.3186,-0.0316,-0.03776138,-0.262459204,-0.1537,0.07154,0.0267,-0.029358495,-0.184927701,0.1087,0.12415,-0.0044,-0.015750818,-0.044646892,-0.007552119
-0.03,-0.05,0.00602592,-0.057393678,-0.40089,-0.13064,-0.0355,0.045505656,-0.1904838,-0.34371,0.3186,-0.0316,-0.03776138,-0.262459204,-0.1537,0.07154,0.0267,-0.029358495,-0.066011257,-0.044646892
0.02,-0.03,0.055098696,0.095266704,-0.30596,-0.29742,0.004,0.009175503,-0.057393678,-0.40089,-0.13064,-0.0355,0.045505656,-0.1904838,-0.34371,0.3186,-0.0316,-0.03776138,0.00602592,-0.066011257
0.04,0.02,-0.009899829,0.164348127,-0.14198,0.25014,0.0276,-0.018901898,0.095266704,-0.30596,-0.29742,0.004,0.009175503,-0.057393678,-0.40089,-0.13064,-0.0355,0.045505656,0.055098696,0.00602592
0,0.04,0.002412263,0.09641046,-0.04566,-0.01562,0.0258,0.021724801,0.164348127,-0.14198,0.25014,0.0276,-0.018901898,0.095266704,-0.30596,-0.29742,0.004,0.009175503,-0.009899829,0.055098696
-0.13,0,0.082998207,0.004772065,-0.04089,-0.54583,0.0809,0.059970558,0.09641046,-0.04566,-0.01562,0.0258,0.021724801,0.164348127,-0.14198,0.25014,0.0276,-0.018901898,0.002412263,-0.009899829
-0.27,-0.13,0.021569917,-0.099780544,-0.14058,-0.05822,-0.0381,-0.036228025,0.004772065,-0.04089,-0.54583,0.0809,0.059970558,0.09641046,-0.04566,-0.01562,0.0258,0.021724801,0.082998207,0.002412263
-0.36,-0.27,-0.095874401,-0.195896875,-0.33601,0.15167,-0.0508,-0.061888473,-0.099780544,-0.14058,-0.05822,-0.0381,-0.036228025,0.004772065,-0.04089,-0.54583,0.0809,0.059970558,0.021569917,0.082998207
-0.31,-0.36,-0.099956878,-0.221237106,-0.55626,0.20975,-0.071,-0.040579828,-0.195896875,-0.33601,0.15167,-0.0508,-0.061888473,-0.099780544,-0.14058,-0.05822,-0.0381,-0.036228025,-0.095874401,0.021569917
-0.19,-0.31,0.003748089,-0.190358951,-0.74538,-0.37491,0.0029,0.04620282,-0.221237106,-0.55626,0.20975,-0.071,-0.040579828,-0.195896875,-0.33601,0.15167,-0.0508,-0.061888473,-0.099956878,-0.095874401
-0.04,-0.19,0.1036582,-0.063644491,-0.80853,-1.64382,0.0593,0.054918013,-0.190358951,-0.74538,-0.37491,0.0029,0.04620282,-0.221237106,-0.55626,0.20975,-0.071,-0.040579828,0.003748089,-0.099956878
0.1,-0.04,0.106225901,0.129564274,-0.67993,-1.12636,-0.0499,0.048636848,-0.063644491,-0.80853,-1.64382,0.0593,0.054918013,-0.190358951,-0.74538,-0.37491,0.0029,0.04620282,0.1036582,0.003748089
0.18,0.1,0.073794823,0.151908215,-0.52894,-0.03579,0.0417,0.023991122,0.129564274,-0.67993,-1.12636,-0.0499,0.048636848,-0.063644491,-0.80853,-1.64382,0.0593,0.054918013,0.106225901,0.1036582
0.21,0.18,0.028519616,0.070206832,-0.45908,-0.24769,0.0274,0.004422395,0.151908215,-0.52894,-0.03579,0.0417,0.023991122,0.129564274,-0.67993,-1.12636,-0.0499,0.048636848,0.073794823,0.106225901
0.22,0.21,0.02237762,-0.001255773,-0.46033,-0.75277,0.0408,0.017876169,0.070206832,-0.45908,-0.24769,0.0274,0.004422395,0.151908215,-0.52894,-0.03579,0.0417,0.023991122,0.028519616,0.073794823
0.22,0.22,0.038237063,-0.008238261,-0.46853,-0.19893,0.0312,0.020003311,-0.001255773,-0.46033,-0.75277,0.0408,0.017876169,0.070206832,-0.45908,-0.24769,0.0274,0.004422395,0.02237762,0.028519616
0.2,0.22,-0.000957581,-0.025733866,-0.49414,-0.00814,0.0458,-0.020549827,-0.008238261,-0.46853,-0.19893,0.0312,0.020003311,-0.001255773,-0.46033,-0.75277,0.0408,0.017876169,0.038237063,0.02237762
0.19,0.2,-0.023079856,-0.112800675,-0.60632,0.02048,0.0175,-0.002583112,-0.025733866,-0.49414,-0.00814,0.0458,-0.020549827,-0.008238261,-0.46853,-0.19893,0.0312,0.020003311,-0.000957581,0.038237063
0.16,0.19,0.013126362,-0.157236156,-0.76248,-0.09257,-0.0183,0.015750158,-0.112800675,-0.60632,0.02048,0.0175,-0.002583112,-0.025733866,-0.49414,-0.00814,0.0458,-0.020549827,-0.023079856,-0.000957581
0.16,0.16,0.007282622,-0.127008421,-0.88844,0.05185,-0.0442,-0.008336239,-0.157236156,-0.76248,-0.09257,-0.0183,0.015750158,-0.112800675,-0.60632,0.02048,0.0175,-0.002583112,0.013126362,-0.023079856
0.15,0.16,0.050294331,-0.047876713,-0.93588,-0.08949,0.0721,0.059123437,-0.127008421,-0.88844,0.05185,-0.0442,-0.008336239,-0.157236156,-0.76248,-0.09257,-0.0183,0.015750158,0.007282622,0.013126362
0.11,0.15,0.062169217,0.022356756,-0.91373,0.04581,0.0263,0.002875756,-0.047876713,-0.93588,-0.08949,0.0721,0.059123437,-0.127008421,-0.88844,0.05185,-0.0442,-0.008336239,0.050294331,0.007282622
0.05,0.11,0.035064954,0.094468963,-0.82008,-0.14625,-0.0603,0.032096895,0.022356756,-0.91373,0.04581,0.0263,0.002875756,-0.047876713,-0.93588,-0.08949,0.0721,0.059123437,0.062169217,0.050294331
0,0.05,0.027618345,0.176482755,-0.64489,-0.20602,0.0434,-0.004339273,0.094468963,-0.82008,-0.14625,-0.0603,0.032096895,0.022356756,-0.91373,0.04581,0.0263,0.002875756,0.035064954,0.062169217
-0.05,0,0.060327778,0.308606567,-0.3378,-0.22479,-0.0116,0.064948883,0.176482755,-0.64489,-0.20602,0.0434,-0.004339273,0.094468963,-0.82008,-0.14625,-0.0603,0.032096895,0.027618345,0.035064954
-0.09,-0.05,0.102746167,0.320620257,-0.01775,0.06064,0.027,0.035492112,0.308606567,-0.3378,-0.22479,-0.0116,0.064948883,0.176482755,-0.64489,-0.20602,0.0434,-0.004339273,0.060327778,0.027618345
-0.15,-0.09,0.024963112,0.218549841,0.201,-0.18017,0.0277,-0.010168112,0.320620257,-0.01775,0.06064,0.027,0.035492112,0.308606567,-0.3378,-0.22479,-0.0116,0.064948883,0.102746167,0.060327778
-0.18,-0.15,-0.065623288,0.146996228,0.3484,-0.0357,-0.0218,-0.056024843,0.218549841,0.201,-0.18017,0.0277,-0.010168112,0.320620257,-0.01775,0.06064,0.027,0.035492112,0.024963112,0.102746167
-0.17,-0.18,-0.078160224,0.153944688,0.503,0.06223,-0.0208,-0.023449114,0.146996228,0.3484,-0.0357,-0.0218,-0.056024843,0.218549841,0.201,-0.18017,0.0277,-0.010168112,-0.065623288,0.024963112
-0.12,-0.17,-0.036457612,0.155893666,0.6598,-0.06254,0.0575,-0.013320861,0.153944688,0.503,0.06223,-0.0208,-0.023449114,0.146996228,0.3484,-0.0357,-0.0218,-0.056024843,-0.078160224,-0.065623288
-0.07,-0.12,-0.048099341,0.128072389,0.7888,-0.03941,0.0214,-0.035248014,0.155893666,0.6598,-0.06254,0.0575,-0.013320861,0.153944688,0.503,0.06223,-0.0208,-0.023449114,-0.036457612,-0.078160224
-0.05,-0.07,-0.017047406,0.091436602,0.881,0.07851,-0.0377,0.018865582,0.128072389,0.7888,-0.03941,0.0214,-0.035248014,0.155893666,0.6598,-0.06254,0.0575,-0.013320861,-0.048099341,-0.036457612
-0.03,-0.05,0.066487138,0.098978567,0.9809,0.31108,0.0953,0.046739782,0.091436602,0.881,0.07851,-0.0377,0.018865582,0.128072389,0.7888,-0.03941,0.0214,-0.035248014,-0.017047406,-0.048099341
-0.07,-0.03,0.020343391,0.071572079,1.0532,0.19066,-0.0304,-0.025217721,0.098978567,0.9809,0.31108,0.0953,0.046739782,0.091436602,0.881,0.07851,-0.0377,0.018865582,0.066487138,-0.017047406
-0.09,-0.07,-0.041443607,0.02434065,1.0778,0.20659,0.0067,-0.016645651,0.071572079,1.0532,0.19066,-0.0304,-0.025217721,0.098978567,0.9809,0.31108,0.0953,0.046739782,0.020343391,0.066487138
-0.11,-0.09,-0.003707193,-0.018700216,1.0589,0.15066,0.0201,0.013157473,0.02434065,1.0778,0.20659,0.0067,-0.016645651,0.071572079,1.0532,0.19066,-0.0304,-0.025217721,-0.041443607,0.020343391
-0.11,-0.11,-0.006612611,-0.028205353,1.0304,0.30149,0.0217,-0.019513338,-0.018700216,1.0589,0.15066,0.0201,0.013157473,0.02434065,1.0778,0.20659,0.0067,-0.016645651,-0.003707193,-0.041443607
-0.07,-0.11,-0.01897069,-0.047323688,0.9826,0.21093,-0.0233,0.000553448,-0.028205353,1.0304,0.30149,0.0217,-0.019513338,-0.018700216,1.0589,0.15066,0.0201,0.013157473,-0.006612611,-0.003707193
-0.03,-0.07,0.008278188,-0.124256976,0.8572,0.16613,0.0412,0.007720467,-0.047323688,0.9826,0.21093,-0.0233,0.000553448,-0.028205353,1.0304,0.30149,0.0217,-0.019513338,-0.01897069,-0.006612611
0,-0.03,0.016492558,-0.136622954,0.7195,-0.07837,-0.0249,0.008704885,-0.124256976,0.8572,0.16613,0.0412,0.007720467,-0.047323688,0.9826,0.21093,-0.0233,0.000553448,0.008278188,-0.01897069
0.03,0,0.048072979,-0.04230463,0.6769,0.01079,-0.0374,0.039028357,-0.136622954,0.7195,-0.07837,-0.0249,0.008704885,-0.124256976,0.8572,0.16613,0.0412,0.007720467,0.016492558,0.008278188
0.07,0.03,0.068245209,0.023140665,0.7002,0.03983,0.0442,0.028119397,-0.04230463,0.6769,0.01079,-0.0374,0.039028357,-0.136622954,0.7195,-0.07837,-0.0249,0.008704885,0.048072979,0.016492558
0.07,0.07,0.047890504,0.096576792,0.7975,-0.06132,-0.0588,0.01923036,0.023140665,0.7002,0.03983,0.0442,0.028119397,-0.04230463,0.6769,0.01079,-0.0374,0.039028357,0.068245209,0.048072979
0.06,0.07,0.042021728,0.068827223,0.8669,0.16202,-0.038,0.022361351,0.096576792,0.7975,-0.06132,-0.0588,0.01923036,0.023140665,0.7002,0.03983,0.0442,0.028119397,0.047890504,0.068245209
0.04,0.06,0.040400683,-0.021515814,0.8452,-0.00118,0.0254,0.017644772,0.068827223,0.8669,0.16202,-0.038,0.022361351,0.096576792,0.7975,-0.06132,-0.0588,0.01923036,0.042021728,0.047890504
0.01,0.04,0.031453916,-0.131972351,0.7122,-0.08029,-0.0238,0.01356971,-0.021515814,0.8452,-0.00118,0.0254,0.017644772,0.068827223,0.8669,0.16202,-0.038,0.022361351,0.040400683,0.042021728
-0.01,0.01,0.01286086,-0.11534548,0.5961,0.02244,-0.0196,-0.00069936,-0.131972351,0.7122,-0.08029,-0.0238,0.01356971,-0.021515814,0.8452,-0.00118,0.0254,0.017644772,0.031453916,0.040400683
-0.03,-0.01,0.013027163,-0.077866327,0.5178,-0.09695,-0.0232,0.013736129,-0.11534548,0.5961,0.02244,-0.0196,-0.00069936,-0.131972351,0.7122,-0.08029,-0.0238,0.01356971,0.01286086,0.031453916
-0.01,-0.03,0.033240786,-0.024078236,0.4936,-0.17103,-0.0484,0.019240369,-0.077866327,0.5178,-0.09695,-0.0232,0.013736129,-0.11534548,0.5961,0.02244,-0.0196,-0.00069936,0.013027163,0.01286086
0,-0.01,0.038089689,0.00218917,0.4958,-0.10267,0.0464,0.018493499,-0.024078236,0.4936,-0.17103,-0.0484,0.019240369,-0.077866327,0.5178,-0.09695,-0.0232,0.013736129,0.033240786,0.013027163
0.02,0,0.024354933,0.037805378,0.5338,-0.20164,-0.0085,0.005755004,0.00218917,0.4958,-0.10267,0.0464,0.018493499,-0.024078236,0.4936,-0.17103,-0.0484,0.019240369,0.038089689,0.033240786
0.02,0.02,-0.005162186,0.08163075,0.6159,-0.10566,-0.008,-0.010854721,0.037805378,0.5338,-0.20164,-0.0085,0.005755004,0.00218917,0.4958,-0.10267,0.0464,0.018493499,0.024354933,0.038089689
0.02,0.02,0.014509833,0.027824732,0.6439,-0.05536,-0.0209,0.025642901,0.08163075,0.6159,-0.10566,-0.008,-0.010854721,0.037805378,0.5338,-0.20164,-0.0085,0.005755004,-0.005162186,0.024354933
-0.02,0.02,0.016473154,-0.00685609,0.637,0.03199,-0.0255,-0.008940487,0.027824732,0.6439,-0.05536,-0.0209,0.025642901,0.08163075,0.6159,-0.10566,-0.008,-0.010854721,0.014509833,-0.005162186
-0.01,-0.02,-0.015371787,0.02344787,0.6606,-0.18174,0.0341,-0.006489318,-0.00685609,0.637,0.03199,-0.0255,-0.008940487,0.027824732,0.6439,-0.05536,-0.0209,0.025642901,0.016473154,0.014509833
-0.01,-0.01,-0.013622953,0.03814072,0.699,-0.1131,0.0184,-0.00718023,0.02344787,0.6606,-0.18174,0.0341,-0.006489318,-0.00685609,0.637,0.03199,-0.0255,-0.008940487,-0.015371787,0.016473154
0.03,-0.01,0.028851614,0.041997555,0.7413,0.0148,0.0288,0.036292431,0.03814072,0.699,-0.1131,0.0184,-0.00718023,0.02344787,0.6606,-0.18174,0.0341,-0.006489318,-0.013622953,-0.015371787
0.04,0.03,0.059313127,0.020049349,0.7615,0.02718,0.0161,0.022214478,0.041997555,0.7413,0.0148,0.0288,0.036292431,0.03814072,0.699,-0.1131,0.0184,-0.00718023,0.028851614,-0.013622953
0.05,0.04,0.04665437,0.005259807,0.7668,0.15588,0.0174,0.023908771,0.020049349,0.7615,0.02718,0.0161,0.022214478,0.041997555,0.7413,0.0148,0.0288,0.036292431,0.059313127,0.028851614
0.05,0.05,0.010809015,-0.014589202,0.7521,0.36626,0.0302,-0.01279387,0.005259807,0.7668,0.15588,0.0174,0.023908771,0.020049349,0.7615,0.02718,0.0161,0.022214478,0.04665437,0.059313127
0.05,0.05,0.004451047,-0.029085509,0.7228,0.04585,-0.0751,0.017468405,-0.014589202,0.7521,0.36626,0.0302,-0.01279387,0.005259807,0.7668,0.15588,0.0174,0.023908771,0.010809015,0.04665437
0.08,0.05,0.049015901,0.02581009,0.7488,-0.01673,0.006,0.031005872,-0.029085509,0.7228,0.04585,-0.0751,0.017468405,-0.014589202,0.7521,0.36626,0.0302,-0.01279387,0.004451047,0.010809015
0.1,0.08,0.068751719,0.083340945,0.8328,-0.12643,-0.0015,0.0366107,0.02581009,0.7488,-0.01673,0.006,0.031005872,-0.029085509,0.7228,0.04585,-0.0751,0.017468405,0.049015901,0.004451047
0.11,0.1,0.044586948,0.112499275,0.9463,0.01565,0.0389,0.007694545,0.083340945,0.8328,-0.12643,-0.0015,0.0366107,0.02581009,0.7488,-0.01673,0.006,0.031005872,0.068751719,0.049015901
0.12,0.11,-0.000939589,0.144427944,1.0922,0.15024,-0.0143,-0.008568206,0.112499275,0.9463,0.01565,0.0389,0.007694545,0.083340945,0.8328,-0.12643,-0.0015,0.0366107,0.044586948,0.068751719
0.1,0.12,0.062724196,0.164861921,1.259,0.07777,-0.0287,0.071908529,0.144427944,1.0922,0.15024,-0.0143,-0.008568206,0.112499275,0.9463,0.01565,0.0389,0.007694545,-0.000939589,0.044586948
0.08,0.1,0.0781184,0.150983643,1.412,0.13248,-0.0129,0.005793285,0.164861921,1.259,0.07777,-0.0287,0.071908529,0.144427944,1.0922,0.15024,-0.0143,-0.008568206,0.062724196,-0.000939589
0.07,0.08,0.047642377,0.102597924,1.5161,0.37682,0.0514,0.041608045,0.150983643,1.412,0.13248,-0.0129,0.005793285,0.164861921,1.259,0.07777,-0.0287,0.071908529,0.0781184,0.062724196
0.08,0.07,0.063698502,0.025411459,1.5419,0.20205,-0.021,0.021208033,0.102597924,1.5161,0.37682,0.0514,0.041608045,0.150983643,1.412,0.13248,-0.0129,0.005793285,0.047642377,0.0781184
0.06,0.08,0.034588539,-0.012803416,1.5289,0.05338,0.0128,0.013102626,0.025411459,1.5419,0.20205,-0.021,0.021208033,0.102597924,1.5161,0.37682,0.0514,0.041608045,0.063698502,0.047642377
0.02,0.06,0.040354524,-0.053890804,1.4742,0.05928,0.0478,0.026899445,-0.012803416,1.5289,0.05338,0.0128,0.013102626,0.025411459,1.5419,0.20205,-0.021,0.021208033,0.034588539,0.063698502
-0.01,0.02,-0.032756152,-0.048694179,1.4248,0.27002,-0.0366,-0.05809293,-0.053890804,1.4742,0.05928,0.0478,0.026899445,-0.012803416,1.5289,0.05338,0.0128,0.013102626,0.040354524,0.034588539
-0.02,-0.01,-0.011194454,-0.037571834,1.3867,0.09173,0.0081,0.04979098,-0.048694179,1.4248,0.27002,-0.0366,-0.05809293,-0.053890804,1.4742,0.05928,0.0478,0.026899445,-0.032756152,0.040354524
-0.03,-0.02,0.081684217,0.053838722,1.4413,-0.1325,-0.0476,0.030380559,-0.037571834,1.3867,0.09173,0.0081,0.04979098,-0.048694179,1.4248,0.27002,-0.0366,-0.05809293,-0.011194454,-0.032756152
-0.04,-0.03,0.111750861,0.082772244,1.5253,-0.04145,0.0154,0.078971116,0.053838722,1.4413,-0.1325,-0.0476,0.030380559,-0.037571834,1.3867,0.09173,0.0081,0.04979098,0.081684217,-0.011194454
-0.08,-0.04,0.118216072,0.035846706,1.5617,0.02281,-0.0275,0.036372574,0.082772244,1.5253,-0.04145,0.0154,0.078971116,0.053838722,1.4413,-0.1325,-0.0476,0.030380559,0.111750861,0.081684217
-0.15,-0.08,0.056299766,0.008368946,1.5702,-0.03143,-0.0278,0.019227827,0.035846706,1.5617,0.02281,-0.0275,0.036372574,0.082772244,1.5253,-0.04145,0.0154,0.078971116,0.118216072,0.111750861
-0.24,-0.15,0.012781987,-0.035252772,1.5344,-0.04723,-0.0552,-0.006324238,0.008368946,1.5702,-0.03143,-0.0278,0.019227827,0.035846706,1.5617,0.02281,-0.0275,0.036372574,0.056299766,0.118216072
-0.32,-0.24,-0.021368229,-0.061968644,1.4715,0.22586,-0.0333,-0.015139738,-0.035252772,1.5344,-0.04723,-0.0552,-0.006324238,0.008368946,1.5702,-0.03143,-0.0278,0.019227827,0.012781987,0.056299766
-0.37,-0.32,0.008867561,-0.053033874,1.4177,0.09226,0.0013,0.024376351,-0.061968644,1.4715,0.22586,-0.0333,-0.015139738,-0.035252772,1.5344,-0.04723,-0.0552,-0.006324238,-0.021368229,0.012781987
-0.32,-0.37,-0.049782497,-0.06766394,1.3491,-0.07798,-0.0709,-0.072394143,-0.053033874,1.4177,0.09226,0.0013,0.024376351,-0.061968644,1.4715,0.22586,-0.0333,-0.015139738,0.008867561,-0.021368229
-0.21,-0.32,-0.136823819,-0.054282602,1.2941,-0.26056,-0.0006,-0.069458031,-0.06766394,1.3491,-0.07798,-0.0709,-0.072394143,-0.053033874,1.4177,0.09226,0.0013,0.024376351,-0.049782497,0.008867561
-0.06,-0.21,-0.088543831,0.007897483,1.3021,-0.24707,-0.0751,-0.020510413,-0.054282602,1.2941,-0.26056,-0.0006,-0.069458031,-0.06766394,1.3491,-0.07798,-0.0709,-0.072394143,-0.136823819,-0.049782497
0.13,-0.06,0.082343081,0.105371697,1.4089,-0.24613,-0.0132,0.105007236,0.007897483,1.3021,-0.24707,-0.0751,-0.020510413,-0.054282602,1.2941,-0.26056,-0.0006,-0.069458031,-0.088543831,-0.136823819
0.28,0.13,0.1229144,0.110383011,1.5209,-0.51414,0.0912,0.016205472,0.105371697,1.4089,-0.24613,-0.0132,0.105007236,0.007897483,1.3021,-0.24707,-0.0751,-0.020510413,0.082343081,-0.088543831
0.41,0.28,0.067957006,0.148922407,1.6722,-0.53863,-0.0245,0.05092625,0.110383011,1.5209,-0.51414,0.0912,0.016205472,0.105371697,1.4089,-0.24613,-0.0132,0.105007236,0.1229144,0.082343081
0.48,0.41,0.057071789,0.095850469,1.7697,-0.38974,0.0056,0.005847736,0.148922407,1.6722,-0.53863,-0.0245,0.05092625,0.110383011,1.5209,-0.51414,0.0912,0.016205472,0.067957006,0.1229144
0.5,0.48,0.032247801,-0.011300662,1.7582,-0.1091,0.0195,0.026246582,0.095850469,1.7697,-0.38974,0.0056,0.005847736,0.148922407,1.6722,-0.53863,-0.0245,0.05092625,0.057071789,0.067957006
0.42,0.5,0.074712402,-0.030174111,1.7275,-0.10514,0.0521,0.047226291,-0.011300662,1.7582,-0.1091,0.0195,0.026246582,0.095850469,1.7697,-0.38974,0.0056,0.005847736,0.032247801,0.057071789
0.32,0.42,0.024882541,0.016808201,1.7446,0.03102,0.1214,-0.021336124,-0.030174111,1.7275,-0.10514,0.0521,0.047226291,-0.011300662,1.7582,-0.1091,0.0195,0.026246582,0.074712402,0.032247801
0.22,0.32,-0.005269817,0.04461158,1.79,-0.12761,-0.0603,0.016416573,0.016808201,1.7446,0.03102,0.1214,-0.021336124,-0.030174111,1.7275,-0.10514,0.0521,0.047226291,0.024882541,0.074712402
0.09,0.22,0.015943403,0.036931975,1.8276,-0.05426,-0.0422,-0.000465527,0.04461158,1.79,-0.12761,-0.0603,0.016416573,0.016808201,1.7446,0.03102,0.1214,-0.021336124,-0.005269817,0.024882541
-0.05,0.09,-0.033445316,0.041139516,1.8695,0.08721,0.0892,-0.032995148,0.036931975,1.8276,-0.05426,-0.0422,-0.000465527,0.04461158,1.79,-0.12761,-0.0603,0.016416573,0.015943403,-0.005269817
-0.18,-0.05,-0.047626255,0.064473491,1.9352,0.15661,0.0527,-0.015130334,0.041139516,1.8695,0.08721,0.0892,-0.032995148,0.036931975,1.8276,-0.05426,-0.0422,-0.000465527,-0.033445316,0.015943403
-0.24,-0.18,-0.022494182,0.073058952,2.0097,0.61494,-0.0113,-0.007476977,0.064473491,1.9352,0.15661,0.0527,-0.015130334,0.041139516,1.8695,0.08721,0.0892,-0.032995148,-0.047626255,-0.033445316
-0.24,-0.24,0.06057999,0.099157075,2.1109,-0.15314,-0.0167,0.068569661,0.073058952,2.0097,0.61494,-0.0113,-0.007476977,0.064473491,1.9352,0.15661,0.0527,-0.015130334,-0.022494182,-0.047626255
-0.2,-0.24,0.106835784,0.104733165,2.2179,0.18281,0.0212,0.035810603,0.099157075,2.1109,-0.15314,-0.0167,0.068569661,0.073058952,2.0097,0.61494,-0.0113,-0.007476977,0.06057999,-0.022494182
-0.16,-0.2,0.000915596,0.110877981,2.3313,0.08101,-0.0048,-0.033688598,0.104733165,2.2179,0.18281,0.0212,0.035810603,0.099157075,2.1109,-0.15314,-0.0167,0.068569661,0.106835784,0.06057999
-0.11,-0.16,-0.080552996,0.008892289,2.3404,0.10149,-0.0241,-0.048498235,0.110877981,2.3313,0.08101,-0.0048,-0.033688598,0.104733165,2.2179,0.18281,0.0212,0.035810603,0.000915596,0.106835784
-0.08,-0.11,0.007395151,-0.049259544,2.29,-0.00943,-0.0102,0.058742283,0.008892289,2.3404,0.10149,-0.0241,-0.048498235,0.110877981,2.3313,0.08101,-0.0048,-0.033688598,-0.080552996,0.000915596
-0.08,-0.08,0.020563172,-0.019945287,2.2696,0.06809,-0.048,-0.036060817,-0.049259544,2.29,-0.00943,-0.0102,0.058742283,0.008892289,2.3404,0.10149,-0.0241,-0.048498235,0.007395151,-0.080552996
-0.06,-0.08,-0.049810004,-0.008116133,2.2613,0.00709,0.0115,-0.014263542,-0.019945287,2.2696,0.06809,-0.048,-0.036060817,-0.049259544,2.29,-0.00943,-0.0102,0.058742283,0.020563172,0.007395151
-0.06,-0.06,0.023709295,-0.031492921,2.2291,-0.07674,-0.0308,0.038522301,-0.008116133,2.2613,0.00709,0.0115,-0.014263542,-0.019945287,2.2696,0.06809,-0.048,-0.036060817,-0.049810004,0.020563172
-0.04,-0.06,0.035023013,-0.006162819,2.2228,-0.03435,0.0409,-0.003369488,-0.031492921,2.2291,-0.07674,-0.0308,0.038522301,-0.008116133,2.2613,0.00709,0.0115,-0.014263542,0.023709295,-0.049810004
-0.02,-0.04,0.004427503,-0.056852793,2.1647,0.02507,-0.024,0.007823352,-0.006162819,2.2228,-0.03435,0.0409,-0.003369488,-0.031492921,2.2291,-0.07674,-0.0308,0.038522301,0.035023013,0.023709295
0.03,-0.02,0.004555951,-0.125170436,2.0369,-0.01185,0.0395,-0.003242037,-0.056852793,2.1647,0.02507,-0.024,0.007823352,-0.006162819,2.2228,-0.03435,0.0409,-0.003369488,0.004427503,0.035023013
0.07,0.03,-0.029310667,-0.092656467,1.9424,-0.04295,0.0224,-0.02615342,-0.125170436,2.0369,-0.01185,0.0395,-0.003242037,-0.056852793,2.1647,0.02507,-0.024,0.007823352,0.004555951,0.004427503
0.08,0.07,-0.015753605,-0.125247124,1.8148,-0.07645,-0.0201,0.01067911,-0.092656467,1.9424,-0.04295,0.0224,-0.02615342,-0.125170436,2.0369,-0.01185,0.0395,-0.003242037,-0.029310667,0.004555951
0.06,0.08,-0.010224655,-0.201745778,1.6096,-0.1309,0.0779,-0.02068289,-0.125247124,1.8148,-0.07645,-0.0201,0.01067911,-0.092656467,1.9424,-0.04295,0.0224,-0.02615342,-0.015753605,-0.029310667
0.01,0.06,-0.026109827,-0.198997983,1.4076,-0.10961,-0.0153,-0.005541553,-0.201745778,1.6096,-0.1309,0.0779,-0.02068289,-0.125247124,1.8148,-0.07645,-0.0201,0.01067911,-0.010224655,-0.015753605
-0.03,0.01,-0.017795029,-0.164620138,1.2408,-0.08923,-0.0972,-0.012321758,-0.198997983,1.4076,-0.10961,-0.0153,-0.005541553,-0.201745778,1.6096,-0.1309,0.0779,-0.02068289,-0.026109827,-0.010224655
-0.06,-0.03,-0.0776999,-0.095362759,1.1443,-0.20529,-0.0498,-0.066193766,-0.164620138,1.2408,-0.08923,-0.0972,-0.012321758,-0.198997983,1.4076,-0.10961,-0.0153,-0.005541553,-0.017795029,-0.026109827
-0.08,-0.06,-0.057309072,-0.064681008,1.0789,-0.14677,0.0184,0.009514494,-0.095362759,1.1443,-0.20529,-0.0498,-0.066193766,-0.164620138,1.2408,-0.08923,-0.0972,-0.012321758,-0.0776999,-0.017795029
-0.08,-0.08,0.028734282,-0.044232661,1.0342,-0.15591,-0.0216,0.019038645,-0.064681008,1.0789,-0.14677,0.0184,0.009514494,-0.095362759,1.1443,-0.20529,-0.0498,-0.066193766,-0.057309072,-0.0776999
-0.09,-0.08,-0.002550324,-0.039994457,0.9938,0.00996,0.0253,-0.021185623,-0.044232661,1.0342,-0.15591,-0.0216,0.019038645,-0.064681008,1.0789,-0.14677,0.0184,0.009514494,0.028734282,-0.057309072
-0.12,-0.09,-0.070636286,-0.089154112,0.9038,-0.00418,0.0208,-0.050520981,-0.039994457,0.9938,0.00996,0.0253,-0.021185623,-0.044232661,1.0342,-0.15591,-0.0216,0.019038645,-0.002550324,0.028734282
-0.12,-0.12,-0.053449918,-0.191355153,0.7109,-0.25778,-0.0705,-0.003084783,-0.089154112,0.9038,-0.00418,0.0208,-0.050520981,-0.039994457,0.9938,0.00996,0.0253,-0.021185623,-0.070636286,-0.002550324
-0.1,-0.12,-0.105305064,-0.254815203,0.4546,-0.26712,-0.0071,-0.102536584,-0.191355153,0.7109,-0.25778,-0.0705,-0.003084783,-0.089154112,0.9038,-0.00418,0.0208,-0.050520981,-0.053449918,-0.070636286
-0.07,-0.1,-0.07079704,-0.122817405,0.3313,-0.30125,-0.0071,0.035365836,-0.254815203,0.4546,-0.26712,-0.0071,-0.102536584,-0.191355153,0.7109,-0.25778,-0.0705,-0.003084783,-0.105305064,-0.053449918
0,-0.07,0.072665367,0.057592553,0.3891,-0.43146,-0.0337,0.03602546,-0.122817405,0.3313,-0.30125,-0.0071,0.035365836,-0.254815203,0.4546,-0.26712,-0.0071,-0.102536584,-0.07079704,-0.105305064
0.04,0,0.023889162,0.181925896,0.5719,0.05385,-0.0519,-0.011714286,0.057592553,0.3891,-0.43146,-0.0337,0.03602546,-0.122817405,0.3313,-0.30125,-0.0071,0.035365836,0.072665367,-0.07079704
0.09,0.04,-0.009600735,0.16581338,0.7388,-0.00383,0.081,0.002138603,0.181925896,0.5719,0.05385,-0.0519,-0.011714286,0.057592553,0.3891,-0.43146,-0.0337,0.03602546,0.023889162,0.072665367
0.12,0.09,-0.010444161,0.123213201,0.863,0.00591,0.0296,-0.012555912,0.16581338,0.7388,-0.00383,0.081,0.002138603,0.181925896,0.5719,0.05385,-0.0519,-0.011714286,-0.009600735,0.023889162
0.13,0.12,0.011814378,0.103750331,0.9677,0.07787,-0.0097,0.024680172,0.123213201,0.863,0.00591,0.0296,-0.012555912,0.16581338,0.7388,-0.00383,0.081,0.002138603,-0.010444161,-0.009600735
0.1,0.13,0.016091944,0.02713371,0.9951,0.04264,0.0683,-0.008381374,0.103750331,0.9677,0.07787,-0.0097,0.024680172,0.123213201,0.863,0.00591,0.0296,-0.012555912,0.011814378,-0.010444161
0.01,0.1,-0.015993717,-0.012476631,0.9825,-0.01949,-0.0414,-0.007676685,0.02713371,0.9951,0.04264,0.0683,-0.008381374,0.103750331,0.9677,0.07787,-0.0097,0.024680172,0.016091944,0.011814378
-0.05,0.01,-0.084786862,-0.112161508,0.8693,0.02388,0.0514,-0.077706707,-0.012476631,0.9825,-0.01949,-0.0414,-0.007676685,0.02713371,0.9951,0.04264,0.0683,-0.008381374,-0.015993717,0.016091944
-0.09,-0.05,-0.180143865,-0.150803703,0.7173,-0.11704,0.024,-0.111067877,-0.112161508,0.8693,0.02388,0.0514,-0.077706707,-0.012476631,0.9825,-0.01949,-0.0414,-0.007676685,-0.084786862,-0.015993717
-0.12,-0.09,-0.10607588,-0.146755727,0.5696,-0.074,0.0029,0.005615723,-0.150803703,0.7173,-0.11704,0.024,-0.111067877,-0.112161508,0.8693,0.02388,0.0514,-0.077706707,-0.180143865,-0.084786862
-0.15,-0.12,-0.066393098,-0.144083641,0.4248,0.00218,-0.0503,-0.071606698,-0.146755727,0.5696,-0.074,0.0029,0.005615723,-0.150803703,0.7173,-0.11704,0.024,-0.111067877,-0.10607588,-0.180143865
-0.2,-0.15,-0.068741867,-0.158053957,0.2662,-0.02471,0.0233,0.003085795,-0.144083641,0.4248,0.00218,-0.0503,-0.071606698,-0.146755727,0.5696,-0.074,0.0029,0.005615723,-0.066393098,-0.10607588
-0.25,-0.2,0.036740025,-0.113562326,0.1524,0.00741,0.0195,0.033550699,-0.158053957,0.2662,-0.02471,0.0233,0.003085795,-0.144083641,0.4248,0.00218,-0.0503,-0.071606698,-0.068741867,-0.066393098
-0.29,-0.25,-0.005180231,-0.143084412,0.0092,0.04635,-0.0684,-0.037473662,-0.113562326,0.1524,0.00741,0.0195,0.033550699,-0.158053957,0.2662,-0.02471,0.0233,0.003085795,0.036740025,-0.068741867
-0.28,-0.29,-0.075227702,-0.199580687,-0.1902,-0.03514,0.0174,-0.039223903,-0.143084412,0.0092,0.04635,-0.0684,-0.037473662,-0.113562326,0.1524,0.00741,0.0195,0.033550699,-0.005180231,0.036740025
-0.19,-0.28,-0.077107923,-0.171091416,-0.36082,-0.22838,-0.0403,-0.039430644,-0.199580687,-0.1902,-0.03514,0.0174,-0.039223903,-0.143084412,0.0092,0.04635,-0.0684,-0.037473662,-0.075227702,-0.005180231
-0.07,-0.19,-0.041012285,-0.009564968,-0.37035,-0.09922,-0.0262,-0.001646567,-0.171091416,-0.36082,-0.22838,-0.0403,-0.039430644,-0.199580687,-0.1902,-0.03514,0.0174,-0.039223903,-0.077107923,-0.075227702
0.05,-0.07,0.060764425,0.24196423,-0.12899,-0.00905,-0.0018,0.062513925,-0.009564968,-0.37035,-0.09922,-0.0262,-0.001646567,-0.171091416,-0.36082,-0.22838,-0.0403,-0.039430644,-0.041012285,-0.077107923
0.12,0.05,0.095791249,0.270073811,0.1411,-0.01346,0.0155,0.031319424,0.24196423,-0.12899,-0.00905,-0.0018,0.062513925,-0.009564968,-0.37035,-0.09922,-0.0262,-0.001646567,0.060764425,-0.041012285
0.16,0.12,0.065805442,0.16463192,0.3061,0.00714,0.0276,0.033438736,0.270073811,0.1411,-0.01346,0.0155,0.031319424,0.24196423,-0.12899,-0.00905,-0.0018,0.062513925,0.095791249,0.060764425
0.16,0.16,0.023256522,0.067869146,0.3742,-0.14944,-0.0294,-0.009852751,0.16463192,0.3061,0.00714,0.0276,0.033438736,0.270073811,0.1411,-0.01346,0.0155,0.031319424,0.065805442,0.095791249
0.17,0.16,0.015098245,-0.007073781,0.3671,0.03227,0.0361,0.025199278,0.067869146,0.3742,-0.14944,-0.0294,-0.009852751,0.16463192,0.3061,0.00714,0.0276,0.033438736,0.023256522,0.065805442
0.16,0.17,0.038209404,0.006675271,0.3738,0.17421,-0.0367,0.012690339,-0.007073781,0.3671,0.03227,0.0361,0.025199278,0.067869146,0.3742,-0.14944,-0.0294,-0.009852751,0.015098245,0.023256522
0.16,0.16,0.025954701,0.069715008,0.4438,0.10668,0.0004,0.013098142,0.006675271,0.3738,0.17421,-0.0367,0.012690339,-0.007073781,0.3671,0.03227,0.0361,0.025199278,0.038209404,0.015098245
0.16,0.16,0.027027376,0.128844778,0.5733,0.17705,0.0892,0.013749146,0.069715008,0.4438,0.10668,0.0004,0.013098142,0.006675271,0.3738,0.17421,-0.0367,0.012690339,0.025954701,0.038209404
0.15,0.16,0.024810991,0.136324951,0.7105,0.03821,0.0183,0.010911817,0.128844778,0.5733,0.17705,0.0892,0.013749146,0.069715008,0.4438,0.10668,0.0004,0.013098142,0.027027376,0.025954701
0.12,0.15,0.027964735,0.140403124,0.852,0.03667,0.0806,0.016868848,0.136324951,0.7105,0.03821,0.0183,0.010911817,0.128844778,0.5733,0.17705,0.0892,0.013749146,0.024810991,0.027027376
0.06,0.12,0.010516707,-0.012692671,0.8392,0.11123,-0.067,-0.006246765,0.140403124,0.852,0.03667,0.0806,0.016868848,0.136324951,0.7105,0.03821,0.0183,0.010911817,0.027964735,0.024810991
0.01,0.06,-0.005443924,-0.043246504,0.7956,0.13019,0.044,0.000807888,-0.012692671,0.8392,0.11123,-0.067,-0.006246765,0.140403124,0.852,0.03667,0.0806,0.016868848,0.010516707,0.027964735
-0.04,0.01,0.015765918,-0.039295149,0.756,0.09799,-0.0418,0.014945955,-0.043246504,0.7956,0.13019,0.044,0.000807888,-0.012692671,0.8392,0.11123,-0.067,-0.006246765,-0.005443924,0.010516707
-0.06,-0.04,0.001585552,-0.021837312,0.734,0.134,0.0989,-0.013163659,-0.039295149,0.756,0.09799,-0.0418,0.014945955,-0.043246504,0.7956,0.13019,0.044,0.000807888,0.015765918,-0.005443924
-0.05,-0.06,-0.007721883,0.042181425,0.7765,0.26102,-0.0328,0.005514365,-0.021837312,0.734,0.134,0.0989,-0.013163659,-0.039295149,0.756,0.09799,-0.0418,0.014945955,0.001585552,0.015765918
-0.04,-0.05,-0.020447913,0.054858854,0.8318,0.06728,-0.0362,-0.025819898,0.042181425,0.7765,0.26102,-0.0328,0.005514365,-0.021837312,0.734,0.134,0.0989,-0.013163659,-0.007721883,0.001585552
0.02,-0.04,-0.020275545,0.00109092,0.8329,0.10582,0.0629,0.005691302,0.054858854,0.8318,0.06728,-0.0362,-0.025819898,0.042181425,0.7765,0.26102,-0.0328,0.005514365,-0.020447913,-0.007721883
0.06,0.02,0.045396334,-0.024201379,0.8085,-0.01594,-0.0601,0.039480337,0.00109092,0.8329,0.10582,0.0629,0.005691302,0.054858854,0.8318,0.06728,-0.0362,-0.025819898,-0.020275545,-0.020447913
0.08,0.06,0.058723513,0.003372675,0.8119,-0.04619,0.0308,0.018512303,-0.024201379,0.8085,-0.01594,-0.0601,0.039480337,0.00109092,0.8329,0.10582,0.0629,0.005691302,0.045396334,-0.020275545
0.09,0.08,0.040214897,0.053154197,0.8655,-0.01712,-0.0409,0.021308131,0.003372675,0.8119,-0.04619,0.0308,0.018512303,-0.024201379,0.8085,-0.01594,-0.0601,0.039480337,0.058723513,0.045396334
0.06,0.09,0.022752686,0.092357613,0.9587,-0.01256,-0.0082,0.001414416,0.053154197,0.8655,-0.01712,-0.0409,0.021308131,0.003372675,0.8119,-0.04619,0.0308,0.018512303,0.040214897,0.058723513
0.01,0.06,0.017233767,0.073567383,1.033,0.00213,0.0338,0.015797008,0.092357613,0.9587,-0.01256,-0.0082,0.001414416,0.053154197,0.8655,-0.01712,-0.0409,0.021308131,0.022752686,0.040214897
-0.01,0.01,0.052230447,-0.019698475,1.0131,0.01753,-0.0038,0.03586685,0.073567383,1.033,0.00213,0.0338,0.015797008,0.092357613,0.9587,-0.01256,-0.0082,0.001414416,0.017233767,0.022752686
-0.05,-0.01,0.027458129,-0.130563323,0.8813,0.09667,-0.0558,-0.008117569,-0.019698475,1.0131,0.01753,-0.0038,0.03586685,0.073567383,1.033,0.00213,0.0338,0.015797008,0.052230447,0.017233767
-0.07,-0.05,-0.022240369,-0.143042524,0.7371,-0.044,-0.0485,-0.014238381,-0.130563323,0.8813,0.09667,-0.0558,-0.008117569,-0.019698475,1.0131,0.01753,-0.0038,0.03586685,0.027458129,0.052230447
-0.07,-0.07,-0.006592902,-0.056201644,0.6805,-0.04961,-0.0242,0.00775591,-0.143042524,0.7371,-0.044,-0.0485,-0.014238381,-0.130563323,0.8813,0.09667,-0.0558,-0.008117569,-0.022240369,0.027458129
-0.04,-0.07,0.033239751,0.038232469,0.719,-0.05231,-0.02,0.025287711,-0.056201644,0.6805,-0.04961,-0.0242,0.00775591,-0.143042524,0.7371,-0.044,-0.0485,-0.014238381,-0.006592902,-0.022240369
-0.03,-0.04,0.061373746,-0.036444651,0.6823,-0.1835,0.0703,0.035196009,0.038232469,0.719,-0.05231,-0.02,0.025287711,-0.056201644,0.6805,-0.04961,-0.0242,0.00775591,0.033239751,-0.006592902
0.01,-0.03,0.050911864,-0.200135976,0.481,-0.06329,-0.0669,0.015181526,-0.036444651,0.6823,-0.1835,0.0703,0.035196009,0.038232469,0.719,-0.05231,-0.02,0.025287711,0.061373746,0.033239751
0.02,0.01,0.031468818,-0.242528714,0.2376,0.00221,0.0598,0.016043724,-0.200135976,0.481,-0.06329,-0.0669,0.015181526,-0.036444651,0.6823,-0.1835,0.0703,0.035196009,0.050911864,0.061373746
0.06,0.02,-0.002728295,-0.020054366,0.2175,-0.00985,0.0214,-0.018475602,-0.242528714,0.2376,0.00221,0.0598,0.016043724,-0.200135976,0.481,-0.06329,-0.0669,0.015181526,0.031468818,0.050911864
0.11,0.06,0.012170356,0.22246795,0.4407,0.03146,-0.0412,0.031222819,-0.020054366,0.2175,-0.00985,0.0214,-0.018475602,-0.242528714,0.2376,0.00221,0.0598,0.016043724,-0.002728295,0.031468818
0.14,0.11,0.048876485,0.313921127,0.7565,0.01885,-0.0048,0.017119158,0.22246795,0.4407,0.03146,-0.0412,0.031222819,-0.020054366,0.2175,-0.00985,0.0214,-0.018475602,0.012170356,-0.002728295
0.14,0.14,0.045575572,0.217515963,0.9759,-0.03364,-0.0129,0.027977464,0.313921127,0.7565,0.01885,-0.0048,0.017119158,0.22246795,0.4407,0.03146,-0.0412,0.031222819,0.048876485,0.012170356
0.16,0.14,0.045950538,0.04564404,1.022,-0.02169,0.0562,0.017483918,0.217515963,0.9759,-0.03364,-0.0129,0.027977464,0.313921127,0.7565,0.01885,-0.0048,0.017119158,0.045575572,0.048876485
0.15,0.16,0.040625862,-0.037919723,0.9837,0.00542,0.001,0.022744285,0.04564404,1.022,-0.02169,0.0562,0.017483918,0.217515963,0.9759,-0.03364,-0.0129,0.027977464,0.045950538,0.045575572
0.14,0.15,0.042221686,-0.101850457,0.8809,0.04219,0.0646,0.019044253,-0.037919723,0.9837,0.00542,0.001,0.022744285,0.04564404,1.022,-0.02169,0.0562,0.017483918,0.040625862,0.045950538
0.12,0.14,-0.014733564,-0.167565464,0.712,0.0719,-0.034,-0.033146565,-0.101850457,0.8809,0.04219,0.0646,0.019044253,-0.037919723,0.9837,0.00542,0.001,0.022744285,0.042221686,0.040625862
0.11,0.12,-0.063426332,-0.092087029,0.6193,0.03348,0.0028,-0.031317846,-0.167565464,0.712,0.0719,-0.034,-0.033146565,-0.101850457,0.8809,0.04219,0.0646,0.019044253,-0.014733564,0.042221686
0.12,0.11,-0.003012981,-0.025942722,0.5932,-0.00176,0.0537,0.029219972,-0.092087029,0.6193,0.03348,0.0028,-0.031317846,-0.167565464,0.712,0.0719,-0.034,-0.033146565,-0.063426332,-0.014733564
0.16,0.12,0.037000313,0.026539028,0.6199,0.21103,-0.0502,0.007559455,-0.025942722,0.5932,-0.00176,0.0537,0.029219972,-0.092087029,0.6193,0.03348,0.0028,-0.031317846,-0.003012981,-0.063426332
0.23,0.16,0.010701597,0.140529457,0.7614,0.08076,0.0399,0.003118567,0.026539028,0.6199,0.21103,-0.0502,0.007559455,-0.025942722,0.5932,-0.00176,0.0537,0.029219972,0.037000313,-0.003012981
0.26,0.23,0.038041699,0.199975776,0.9631,0.10675,-0.0581,0.03481456,0.140529457,0.7614,0.08076,0.0399,0.003118567,0.026539028,0.6199,0.21103,-0.0502,0.007559455,0.010701597,0.037000313
0.26,0.26,0.046072827,0.110771198,1.075,0.09368,0.0785,0.010879502,0.199975776,0.9631,0.10675,-0.0581,0.03481456,0.140529457,0.7614,0.08076,0.0399,0.003118567,0.038041699,0.010701597
0.25,0.26,0.011792405,0.052620336,1.1282,0.06623,-0.0147,0.000903078,0.110771198,1.075,0.09368,0.0785,0.010879502,0.199975776,0.9631,0.10675,-0.0581,0.03481456,0.046072827,0.038041699
0.24,0.25,0.011234267,0.008305944,1.1366,0.19456,-0.033,0.010321867,0.052620336,1.1282,0.06623,-0.0147,0.000903078,0.110771198,1.075,0.09368,0.0785,0.010879502,0.011792405,0.046072827
0.21,0.24,0.030675673,-0.060728406,1.0752,0.07947,0.0962,0.020145863,0.008305944,1.1366,0.19456,-0.033,0.010321867,0.052620336,1.1282,0.06623,-0.0147,0.000903078,0.011234267,0.011792405
0.17,0.21,-0.005023196,-0.076506971,0.9979,-0.01624,-0.0155,-0.024672019,-0.060728406,1.0752,0.07947,0.0962,0.020145863,0.008305944,1.1366,0.19456,-0.033,0.010321867,0.030675673,0.011234267
0.11,0.17,0.01070765,-0.021884037,0.9758,0.09953,-0.0322,0.036274638,-0.076506971,0.9979,-0.01624,-0.0155,-0.024672019,-0.060728406,1.0752,0.07947,0.0962,0.020145863,-0.005023196,0.030675673
0.04,0.11,0.058905413,0.018418559,0.9944,0.11843,0.0229,0.021838588,-0.021884037,0.9758,0.09953,-0.0322,0.036274638,-0.076506971,0.9979,-0.01624,-0.0155,-0.024672019,0.01070765,-0.005023196
-0.06,0.04,0.025990931,-0.024756912,0.9694,0.11276,0.0689,0.004063599,0.018418559,0.9944,0.11843,0.0229,0.021838588,-0.021884037,0.9758,0.09953,-0.0322,0.036274638,0.058905413,0.01070765
-0.15,-0.06,-0.001427493,-0.043289808,0.9257,0.14378,-0.1029,-0.005468869,-0.024756912,0.9694,0.11276,0.0689,0.004063599,0.018418559,0.9944,0.11843,0.0229,0.021838588,0.025990931,0.058905413
-0.19,-0.15,-0.063485164,-0.150123975,0.7743,0.3955,0.0331,-0.058335322,-0.043289808,0.9257,0.14378,-0.1029,-0.005468869,-0.024756912,0.9694,0.11276,0.0689,0.004063599,-0.001427493,0.025990931
-0.2,-0.19,-0.033033152,-0.193888021,0.5791,0.22748,0.0199,0.026869618,-0.150123975,0.7743,0.3955,0.0331,-0.058335322,-0.043289808,0.9257,0.14378,-0.1029,-0.005468869,-0.063485164,-0.001427493
-0.24,-0.2,0.068002198,-0.235714174,0.3423,-0.3768,-0.0509,0.040056283,-0.193888021,0.5791,0.22748,0.0199,0.026869618,-0.150123975,0.7743,0.3955,0.0331,-0.058335322,-0.033033152,-0.063485164
-0.28,-0.24,-0.003152032,-0.271839906,0.0699,0.13844,0.0282,-0.041544208,-0.235714174,0.3423,-0.3768,-0.0509,0.040056283,-0.193888021,0.5791,0.22748,0.0199,0.026869618,0.068002198,-0.033033152
-0.34,-0.28,-0.024784822,-0.209823463,-0.13985,-0.04915,-0.048,0.017485821,-0.271839906,0.0699,0.13844,0.0282,-0.041544208,-0.235714174,0.3423,-0.3768,-0.0509,0.040056283,-0.003152032,0.068002198
-0.39,-0.34,-0.04354377,-0.217460061,-0.35677,-0.69978,0.0404,-0.059980778,-0.209823463,-0.13985,-0.04915,-0.048,0.017485821,-0.271839906,0.0699,0.13844,0.0282,-0.041544208,-0.024784822,-0.003152032
-0.47,-0.39,-0.081667579,-0.309279488,-0.66447,-0.01763,-0.0304,-0.023070593,-0.217460061,-0.35677,-0.69978,0.0404,-0.059980778,-0.209823463,-0.13985,-0.04915,-0.048,0.017485821,-0.04354377,-0.024784822
-0.55,-0.47,-0.064578409,-0.372402459,-1.03371,0.25727,0.0312,-0.04248804,-0.309279488,-0.66447,-0.01763,-0.0304,-0.023070593,-0.217460061,-0.35677,-0.69978,0.0404,-0.059980778,-0.081667579,-0.04354377
-0.67,-0.55,0.014116447,-0.459980232,-1.48789,0.01952,-0.1089,0.05911622,-0.372402459,-1.03371,0.25727,0.0312,-0.04248804,-0.309279488,-0.66447,-0.01763,-0.0304,-0.023070593,-0.064578409,-0.081667579
-0.79,-0.67,0.092758039,-0.454182257,-1.9343,-0.09242,-0.0171,0.031764049,-0.459980232,-1.48789,0.01952,-0.1089,0.05911622,-0.372402459,-1.03371,0.25727,0.0312,-0.04248804,0.014116447,-0.064578409
-0.89,-0.79,-0.03592026,-0.357327097,-2.28409,0.10305,0.0718,-0.06560057,-0.454182257,-1.9343,-0.09242,-0.0171,0.031764049,-0.459980232,-1.48789,0.01952,-0.1089,0.05911622,0.092758039,0.014116447
-0.92,-0.89,-0.130779149,-0.111722811,-2.3932,-0.09724,-0.0563,-0.069754516,-0.357327097,-2.28409,0.10305,0.0718,-0.06560057,-0.454182257,-1.9343,-0.09242,-0.0171,0.031764049,-0.03592026,0.092758039
-0.89,-0.92,-0.053766947,0.083760303,-2.31141,-0.06601,-0.0702,0.017186398,-0.111722811,-2.3932,-0.09724,-0.0563,-0.069754516,-0.357327097,-2.28409,0.10305,0.0718,-0.06560057,-0.130779149,-0.03592026
-0.8,-0.89,-0.026700316,0.012610708,-2.29909,0.14441,-0.0533,-0.043145203,0.083760303,-2.31141,-0.06601,-0.0702,0.017186398,-0.111722811,-2.3932,-0.09724,-0.0563,-0.069754516,-0.053766947,-0.130779149
-0.69,-0.8,-0.216830497,-0.271050261,-2.56355,0.22244,-0.0672,-0.181516877,0.012610708,-2.29909,0.14441,-0.0533,-0.043145203,0.083760303,-2.31141,-0.06601,-0.0702,0.017186398,-0.026700316,-0.053766947
-0.5,-0.69,-0.19262217,-0.250198687,-2.80703,-1.6862,-0.052,-0.013568139,-0.271050261,-2.56355,0.22244,-0.0672,-0.181516877,0.012610708,-2.29909,0.14441,-0.0533,-0.043145203,-0.216830497,-0.026700316
-0.28,-0.5,-0.003743524,-0.139551859,-2.94257,-1.27437,0.0154,0.00995975,-0.250198687,-2.80703,-1.6862,-0.052,-0.013568139,-0.271050261,-2.56355,0.22244,-0.0672,-0.181516877,-0.19262217,-0.216830497
-0.06,-0.28,0.015345715,-0.064559944,-3.00521,-0.82971,-0.0697,0.005332851,-0.139551859,-2.94257,-1.27437,0.0154,0.00995975,-0.250198687,-2.80703,-1.6862,-0.052,-0.013568139,-0.003743524,-0.19262217
0.19,-0.06,-0.044971596,0.010247448,-2.99527,-0.25238,-0.0569,-0.050037604,-0.064559944,-3.00521,-0.82971,-0.0697,0.005332851,-0.139551859,-2.94257,-1.27437,0.0154,0.00995975,0.015345715,-0.003743524
0.45,0.19,-0.123238175,0.234167789,-2.76785,-0.25899,-0.0353,-0.077056282,0.010247448,-2.99527,-0.25238,-0.0569,-0.050037604,-0.064559944,-3.00521,-0.82971,-0.0697,0.005332851,-0.044971596,0.015345715
0.7,0.45,-0.008229871,0.469123021,-2.31064,-0.29726,0.0841,0.074572706,0.234167789,-2.76785,-0.25899,-0.0353,-0.077056282,0.010247448,-2.99527,-0.25238,-0.0569,-0.050037604,-0.123238175,-0.044971596
0.88,0.7,0.166218739,0.465383813,-1.85495,-0.17618,0.0331,0.085286023,0.469123021,-2.31064,-0.29726,0.0841,0.074572706,0.234167789,-2.76785,-0.25899,-0.0353,-0.077056282,-0.008229871,-0.123238175
1,0.88,0.076374021,0.346903657,-1.51389,-0.11678,0.0448,-0.008211663,0.465383813,-1.85495,-0.17618,0.0331,0.085286023,0.469123021,-2.31064,-0.29726,0.0841,0.074572706,0.166218739,-0.008229871
1.06,1,-0.002451438,0.22546275,-1.29159,-0.24004,0.0103,0.005807917,0.346903657,-1.51389,-0.11678,0.0448,-0.008211663,0.465383813,-1.85495,-0.17618,0.0331,0.085286023,0.076374021,0.166218739
1.01,1.06,0.095117744,0.210065242,-1.08402,-0.22744,0.0532,0.088794117,0.22546275,-1.29159,-0.24004,0.0103,0.005807917,0.346903657,-1.51389,-0.11678,0.0448,-0.008211663,-0.002451438,0.076374021
0.9,1.01,0.150558865,0.222073228,-0.86411,-0.16809,0.0401,0.056727665,0.210065242,-1.08402,-0.22744,0.0532,0.088794117,0.22546275,-1.29159,-0.24004,0.0103,0.005807917,0.095117744,-0.002451438
0.72,0.9,0.083614536,0.099329394,-0.76559,-0.03473,0.0565,0.02544352,0.222073228,-0.86411,-0.16809,0.0401,0.056727665,0.210065242,-1.08402,-0.22744,0.0532,0.088794117,0.150558865,0.095117744
0.5,0.72,0.041556805,0.028141519,-0.73766,0.03849,-0.029,0.015713479,0.099329394,-0.76559,-0.03473,0.0565,0.02544352,0.222073228,-0.86411,-0.16809,0.0401,0.056727665,0.083614536,0.150558865
0.3,0.5,0.030306995,0.059863802,-0.67822,-0.00395,-0.0179,0.014367748,0.028141519,-0.73766,0.03849,-0.029,0.015713479,0.099329394,-0.76559,-0.03473,0.0565,0.02544352,0.041556805,0.083614536
0.14,0.3,0.032319792,0.067807043,-0.61085,0.00724,0.0502,0.017697766,0.059863802,-0.67822,-0.00395,-0.0179,0.014367748,0.028141519,-0.73766,0.03849,-0.029,0.015713479,0.030306995,0.041556805
0.03,0.14,-0.016112566,0.016237879,-0.59471,0.02045,-0.0035,-0.03322237,0.067807043,-0.61085,0.00724,0.0502,0.017697766,0.059863802,-0.67822,-0.00395,-0.0179,0.014367748,0.032319792,0.030306995
-0.07,0.03,0.038677379,-0.002273547,-0.59697,0.01239,0.0116,0.074370514,0.016237879,-0.59471,0.02045,-0.0035,-0.03322237,0.067807043,-0.61085,0.00724,0.0502,0.017697766,-0.016112566,0.032319792
-0.13,-0.07,0.093849016,-0.022667874,-0.6195,0.01043,0.0339,0.018130153,-0.002273547,-0.59697,0.01239,0.0116,0.074370514,0.016237879,-0.59471,0.02045,-0.0035,-0.03322237,0.038677379,-0.016112566
-0.19,-0.13,-0.068323943,-0.051663315,-0.67083,0.04121,0.0567,-0.084914581,-0.022667874,-0.6195,0.01043,0.0339,0.018130153,-0.002273547,-0.59697,0.01239,0.0116,0.074370514,0.093849016,0.038677379
-0.21,-0.19,-0.101956613,-0.04667392,-0.71718,0.03126,-0.0255,-0.018623433,-0.051663315,-0.67083,0.04121,0.0567,-0.084914581,-0.022667874,-0.6195,0.01043,0.0339,0.018130153,-0.068323943,0.093849016
-0.19,-0.21,-0.015004903,-0.046907331,-0.76374,0.00764,0.0401,0.003687198,-0.04667392,-0.71718,0.03126,-0.0255,-0.018623433,-0.051663315,-0.67083,0.04121,0.0567,-0.084914581,-0.101956613,-0.068323943
-0.14,-0.19,0.02657105,0.019013419,-0.74487,-0.00307,0.01,0.022799785,-0.046907331,-0.76374,0.00764,0.0401,0.003687198,-0.04667392,-0.71718,0.03126,-0.0255,-0.018623433,-0.015004903,-0.101956613
-0.09,-0.14,0.069054436,0.026312558,-0.71875,-0.00437,-0.0031,0.045223564,0.019013419,-0.74487,-0.00307,0.01,0.022799785,-0.046907331,-0.76374,0.00764,0.0401,0.003687198,0.02657105,-0.015004903
-0.03,-0.09,0.077932026,0.042879065,-0.67617,0.00981,0.0069,0.031293268,0.026312558,-0.71875,-0.00437,-0.0031,0.045223564,0.019013419,-0.74487,-0.00307,0.01,0.022799785,0.069054436,0.02657105
0,-0.03,0.039848822,0.078973011,-0.5977,0.00061,-0.0127,0.008295946,0.042879065,-0.67617,0.00981,0.0069,0.031293268,0.026312558,-0.71875,-0.00437,-0.0031,0.045223564,0.077932026,0.069054436
0,0,0.034009993,0.032780588,-0.56511,0.01061,0.0521,0.02550248,0.078973011,-0.5977,0.00061,-0.0127,0.008295946,0.042879065,-0.67617,0.00981,0.0069,0.031293268,0.039848822,0.077932026
0,0,0.040775378,-0.040939686,-0.60581,0.01904,-0.0265,0.014893087,0.032780588,-0.56511,0.01061,0.0521,0.02550248,0.078973011,-0.5977,0.00061,-0.0127,0.008295946,0.034009993,0.039848822
-0.02,0,0.023870074,-0.108868417,-0.71396,0.03096,0.0131,0.008845254,-0.040939686,-0.60581,0.01904,-0.0265,0.014893087,0.032780588,-0.56511,0.01061,0.0521,0.02550248,0.040775378,0.034009993
-0.09,-0.02,-0.018642239,-0.22639058,-0.93848,0.00951,0.0683,-0.027246491,-0.108868417,-0.71396,0.03096,0.0131,0.008845254,-0.040939686,-0.60581,0.01904,-0.0265,0.014893087,0.023870074,0.040775378
-0.14,-0.09,-0.001521379,-0.130428266,-1.0676,0.01183,-0.0628,0.026445663,-0.22639058,-0.93848,0.00951,0.0683,-0.027246491,-0.108868417,-0.71396,0.03096,0.0131,0.008845254,-0.018642239,0.023870074
-0.22,-0.14,0.014867839,-0.00782383,-1.07534,0.00248,0.0071,-0.01127953,-0.130428266,-1.0676,0.01183,-0.0628,0.026445663,-0.22639058,-0.93848,0.00951,0.0683,-0.027246491,-0.001521379,-0.018642239
-0.32,-0.22,-0.036531551,-0.083209017,-1.15762,0.00168,0.0075,-0.025540102,-0.00782383,-1.07534,0.00248,0.0071,-0.01127953,-0.130428266,-1.0676,0.01183,-0.0628,0.026445663,0.014867839,-0.001521379
-0.37,-0.32,-0.00575037,-0.235236407,-1.38986,0.00378,-0.0701,0.020308411,-0.083209017,-1.15762,0.00168,0.0075,-0.025540102,-0.00782383,-1.07534,0.00248,0.0071,-0.01127953,-0.036531551,0.014867839
-0.4,-0.37,-0.090986389,-0.279885899,-1.66547,0.02892,0.0367,-0.109079567,-0.235236407,-1.38986,0.00378,-0.0701,0.020308411,-0.083209017,-1.15762,0.00168,0.0075,-0.025540102,-0.00575037,-0.036531551
-0.37,-0.4,-0.115284562,-0.111314815,-1.77487,0.06028,-0.0597,-0.006964701,-0.279885899,-1.66547,0.02892,0.0367,-0.109079567,-0.235236407,-1.38986,0.00378,-0.0701,0.020308411,-0.090986389,-0.00575037
-0.31,-0.37,0.027245062,0.014516616,-1.76061,0.05181,-0.0593,0.034449695,-0.111314815,-1.77487,0.06028,-0.0597,-0.006964701,-0.279885899,-1.66547,0.02892,0.0367,-0.109079567,-0.115284562,-0.090986389
-0.22,-0.31,0.033282977,0.133492714,-1.62938,0.04191,0.0069,-0.001127863,0.014516616,-1.76061,0.05181,-0.0593,0.034449695,-0.111314815,-1.77487,0.06028,-0.0597,-0.006964701,0.027245062,-0.115284562
-0.13,-0.22,0.01376139,0.186588895,-1.44566,0.04966,-0.0213,0.014906064,0.133492714,-1.62938,0.04191,0.0069,-0.001127863,0.014516616,-1.76061,0.05181,-0.0593,0.034449695,0.033282977,0.027245062
-0.04,-0.13,0.053006786,0.207244255,-1.2412,0.02561,0.1035,0.037541131,0.186588895,-1.44566,0.04966,-0.0213,0.014906064,0.133492714,-1.62938,0.04191,0.0069,-0.001127863,0.01376139,0.033282977
0.01,-0.04,0.074828721,0.147543766,-1.09538,-0.0146,0.0131,0.035938421,0.207244255,-1.2412,0.02561,0.1035,0.037541131,0.186588895,-1.44566,0.04966,-0.0213,0.014906064,0.053006786,0.01376139
0.03,0.01,0.032784939,0.067163382,-1.02893,-0.03492,0.0053,-0.003044082,0.147543766,-1.09538,-0.0146,0.0131,0.035938421,0.207244255,-1.2412,0.02561,0.1035,0.037541131,0.074828721,0.053006786
0.05,0.03,-0.028498193,-0.00060624,-1.02953,-0.01965,0.027,-0.025531832,0.067163382,-1.02893,-0.03492,0.0053,-0.003044082,0.147543766,-1.09538,-0.0146,0.0131,0.035938421,0.032784939,0.074828721
0.07,0.05,-0.069023397,-0.034561734,-1.06373,-0.01292,-0.1293,-0.044631077,-0.00060624,-1.02953,-0.01965,0.027,-0.025531832,0.067163382,-1.02893,-0.03492,0.0053,-0.003044082,-0.028498193,0.032784939
0.12,0.07,-0.046445817,-0.093892358,-1.15658,-0.05522,0.0438,-0.001899517,-0.034561734,-1.06373,-0.01292,-0.1293,-0.044631077,-0.00060624,-1.02953,-0.01965,0.027,-0.025531832,-0.069023397,-0.028498193
0.18,0.12,0.030459671,-0.052359122,-1.20832,-0.13243,0.0564,0.032420772,-0.093892358,-1.15658,-0.05522,0.0438,-0.001899517,-0.034561734,-1.06373,-0.01292,-0.1293,-0.044631077,-0.046445817,-0.069023397
0.21,0.18,0.061654356,-0.000668075,-1.20898,-0.11254,-0.0866,0.028315572,-0.052359122,-1.20832,-0.13243,0.0564,0.032420772,-0.093892358,-1.15658,-0.05522,0.0438,-0.001899517,0.030459671,-0.046445817
0.23,0.21,0.029977938,0.042636486,-1.16685,-0.05678,0.0471,0.001616592,-0.000668075,-1.20898,-0.11254,-0.0866,0.028315572,-0.052359122,-1.20832,-0.13243,0.0564,0.032420772,0.061654356,0.030459671
0.21,0.23,0.006166214,0.059901222,-1.10763,-0.10406,0.0477,0.00454228,0.042636486,-1.16685,-0.05678,0.0471,0.001616592,-0.000668075,-1.20898,-0.11254,-0.0866,0.028315572,0.029977938,0.061654356
0.18,0.21,-0.003086764,0.009039723,-1.09869,-0.01945,-0.0802,-0.007594547,0.059901222,-1.10763,-0.10406,0.0477,0.00454228,0.042636486,-1.16685,-0.05678,0.0471,0.001616592,0.006166214,0.029977938
0.18,0.18,0.016101336,-0.048625939,-1.14677,-0.00604,0.0488,0.02387722,0.009039723,-1.09869,-0.01945,-0.0802,-0.007594547,0.059901222,-1.10763,-0.10406,0.0477,0.00454228,-0.003086764,0.006166214
0.19,0.18,0.062698783,0.067825055,-1.0797,-6.20E-03,-0.0332,0.037916229,-0.048625939,-1.14677,-0.00604,0.0488,0.02387722,0.009039723,-1.09869,-0.01945,-0.0802,-0.007594547,0.016101336,-0.003086764
0.22,0.19,0.065922982,0.117671992,-0.96323,-0.0024,-0.0068,0.026983635,0.067825055,-1.0797,-6.20E-03,-0.0332,0.037916229,-0.048625939,-1.14677,-0.00604,0.0488,0.02387722,0.062698783,0.016101336
0.26,0.22,0.04618559,0.109908835,-0.85432,-3.00E-03,0.0455,0.01869743,0.117671992,-0.96323,-0.0024,-0.0068,0.026983635,0.067825055,-1.0797,-6.20E-03,-0.0332,0.037916229,0.065922982,0.062698783
0.27,0.26,0.007434598,0.106826045,-0.74835,-0.00131,-0.0098,-0.011056111,0.109908835,-0.85432,-3.00E-03,0.0455,0.01869743,0.117671992,-0.96323,-0.0024,-0.0068,0.026983635,0.04618559,0.065922982
0.27,0.27,0.032284236,0.145654673,-0.60368,0.00006,-0.0125,0.04382488,0.106826045,-0.74835,-0.00131,-0.0098,-0.011056111,0.109908835,-0.85432,-3.00E-03,0.0455,0.01869743,0.007434598,0.04618559
0.27,0.27,-0.010038767,0.129498377,-0.47488,0.00231,-0.0464,-0.051602187,0.145654673,-0.60368,0.00006,-0.0125,0.04382488,0.106826045,-0.74835,-0.00131,-0.0098,-0.011056111,0.032284236,0.007434598
0.27,0.27,-0.01871839,0.105425316,-0.3699,0.0015,0.0762,0.034673,0.129498377,-0.47488,0.00231,-0.0464,-0.051602187,0.145654673,-0.60368,0.00006,-0.0125,0.04382488,-0.010038767,0.032284236
0.23,0.27,0.035036479,0.014342026,-0.35561,0.00318,0.0568,0.000351299,0.105425316,-0.3699,0.0015,0.0762,0.034673,0.129498377,-0.47488,0.00231,-0.0464,-0.051602187,-0.01871839,-0.010038767
0.18,0.23,0.005294672,-0.051867848,-0.40728,0.00426,0.1006,0.004941638,0.014342026,-0.35561,0.00318,0.0568,0.000351299,0.105425316,-0.3699,0.0015,0.0762,0.034673,0.035036479,-0.01871839
0.12,0.18,0.007944631,-0.072330634,-0.47929,-0.00025,-9.55E-02,0.002988226,-0.051867848,-0.40728,0.00426,0.1006,0.004941638,0.014342026,-0.35561,0.00318,0.0568,0.000351299,0.005294672,0.035036479
0.1,0.12,0.021665395,0.026855125,-0.45256,6.81E-03,0.086,0.018621524,-0.072330634,-0.47929,-0.00025,-9.55E-02,0.002988226,-0.051867848,-0.40728,0.00426,0.1006,0.004941638,0.007944631,0.005294672
0.1,0.1,0.001833553,0.085370065,-0.36754,0.0013,-3.44E-02,-0.016481068,0.026855125,-0.45256,6.81E-03,0.086,0.018621524,-0.072330634,-0.47929,-0.00025,-9.55E-02,0.002988226,0.021665395,0.007944631
0.1,0.1,0.003291327,0.055147536,-0.31258,-3.81E-03,-0.0264,0.020103726,0.085370065,-0.36754,0.0013,-3.44E-02,-0.016481068,0.026855125,-0.45256,6.81E-03,0.086,0.018621524,0.001833553,0.021665395
0.08,0.1,0.016560923,0.048078761,-0.26464,0.0006,-0.0001,-0.003472983,0.055147536,-0.31258,-3.81E-03,-0.0264,0.020103726,0.085370065,-0.36754,0.0013,-3.44E-02,-0.016481068,0.003291327,0.001833553
0.06,0.08,-0.01260564,0.088414987,-0.17642,0.00004,-0.0341,-0.009164486,0.048078761,-0.26464,0.0006,-0.0001,-0.003472983,0.055147536,-0.31258,-3.81E-03,-0.0264,0.020103726,0.016560923,0.003291327
0.03,0.06,-0.006499188,0.108812849,-0.06774,0.00508,0.07,0.00268995,0.088414987,-0.17642,0.00004,-0.0341,-0.009164486,0.048078761,-0.26464,0.0006,-0.0001,-0.003472983,-0.01260564,0.016560923
-0.03,0.03,0.030411846,0.051641654,-0.01612,0.00079,-0.0225,0.027647526,0.108812849,-0.06774,0.00508,0.07,0.00268995,0.088414987,-0.17642,0.00004,-0.0341,-0.009164486,-0.006499188,-0.01260564
-0.09,-0.03,0.023276803,0.011531194,-0.00459,0.0165,0.0366,-0.004253134,0.051641654,-0.01612,0.00079,-0.0225,0.027647526,0.108812849,-0.06774,0.00508,0.07,0.00268995,0.030411846,-0.006499188
-0.13,-0.09,-0.008978196,-0.02413402,-0.02872,0.01247,-0.0472,-0.004745244,0.011531194,-0.00459,0.0165,0.0366,-0.004253134,0.051641654,-0.01612,0.00079,-0.0225,0.027647526,0.023276803,0.030411846
-0.15,-0.13,-0.013094004,-0.019937713,-0.04865,0.00478,0.0235,-0.008388566,-0.02413402,-0.02872,0.01247,-0.0472,-0.004745244,0.011531194,-0.00459,0.0165,0.0366,-0.004253134,-0.008978196,0.023276803
-0.17,-0.15,0.000846258,0.010474548,-0.03818,0.00172,-0.0324,0.009312946,-0.019937713,-0.04865,0.00478,0.0235,-0.008388566,-0.02413402,-0.02872,0.01247,-0.0472,-0.004745244,-0.013094004,-0.008978196
-0.15,-0.17,-0.045656316,0.05288621,0.0147,-0.00455,-0.0187,-0.054462059,0.010474548,-0.03818,0.00172,-0.0324,0.009312946,-0.019937713,-0.04865,0.00478,0.0235,-0.008388566,0.000846258,-0.013094004
-0.13,-0.15,-0.019716018,0.106427692,0.1212,-0.00208,0.0188,0.036747378,0.05288621,0.0147,-0.00455,-0.0187,-0.054462059,0.010474548,-0.03818,0.00172,-0.0324,0.009312946,-0.045656316,0.000846258
-0.1,-0.13,0.021822242,0.184406161,0.306,0.0019,0.0057,-0.014396117,0.106427692,0.1212,-0.00208,0.0188,0.036747378,0.05288621,0.0147,-0.00455,-0.0187,-0.054462059,-0.019716018,-0.045656316
-0.06,-0.1,-0.004706793,0.203071639,0.5099,0.00442,-0.003,0.00983085,0.184406161,0.306,0.0019,0.0057,-0.014396117,0.106427692,0.1212,-0.00208,0.0188,0.036747378,0.021822242,-0.019716018
-0.01,-0.06,0.050402819,0.134920517,0.6456,0.00103,0.0332,0.040176995,0.203071639,0.5099,0.00442,-0.003,0.00983085,0.184406161,0.306,0.0019,0.0057,-0.014396117,-0.004706793,0.021822242
0,-0.01,0.041081519,0.05979596,0.7058,0.00073,-0.0705,0.000869586,0.134920517,0.6456,0.00103,0.0332,0.040176995,0.203071639,0.5099,0.00442,-0.003,0.00983085,0.050402819,-0.004706793
0,0,0.017094509,-0.001588799,0.7042,0.00514,0.0199,0.016210826,0.05979596,0.7058,0.00073,-0.0705,0.000869586,0.134920517,0.6456,0.00103,0.0332,0.040176995,0.041081519,0.050402819
-0.04,0,0.014490407,-0.065559964,0.6382,-0.00152,-0.0292,-0.001692974,-0.001588799,0.7042,0.00514,0.0199,0.016210826,0.05979596,0.7058,0.00073,-0.0705,0.000869586,0.017094509,0.041081519
-0.07,-0.04,-0.030437713,-0.050987676,0.5869,0.0039,-0.0269,-0.028793486,-0.065559964,0.6382,-0.00152,-0.0292,-0.001692974,-0.001588799,0.7042,0.00514,0.0199,0.016210826,0.014490407,0.017094509
-0.11,-0.07,-0.048347637,-0.106730868,0.4796,0.00896,0.0361,-0.020133876,-0.050987676,0.5869,0.0039,-0.0269,-0.028793486,-0.065559964,0.6382,-0.00152,-0.0292,-0.001692974,-0.030437713,0.014490407
-0.16,-0.11,-0.04969963,-0.086423028,0.3928,0.00586,-0.0165,-0.030173259,-0.106730868,0.4796,0.00896,0.0361,-0.020133876,-0.050987676,0.5869,0.0039,-0.0269,-0.028793486,-0.048347637,-0.030437713
-0.17,-0.16,-0.084142278,-0.02659907,0.3661,-0.00094,-0.012,-0.055648104,-0.086423028,0.3928,0.00586,-0.0165,-0.030173259,-0.106730868,0.4796,0.00896,0.0361,-0.020133876,-0.04969963,-0.048347637
-0.17,-0.17,-0.016326227,0.105059966,0.4716,-0.0057,-0.0187,0.041639009,-0.02659907,0.3661,-0.00094,-0.012,-0.055648104,-0.086423028,0.3928,0.00586,-0.0165,-0.030173259,-0.084142278,-0.04969963
-0.17,-0.17,0.036068363,0.133878549,0.6062,-0.00635,-0.0216,-0.005347962,0.105059966,0.4716,-0.0057,-0.0187,0.041639009,-0.02659907,0.3661,-0.00094,-0.012,-0.055648104,-0.016326227,-0.084142278
-0.15,-0.17,-0.026884587,0.04432144,0.6508,0.00906,-0.0043,-0.021652421,0.133878549,0.6062,-0.00635,-0.0216,-0.005347962,0.105059966,0.4716,-0.0057,-0.0187,0.041639009,0.036068363,-0.016326227
-0.15,-0.15,-0.058508968,-0.067384309,0.583,0.00699,0.0237,-0.037672242,0.04432144,0.6508,0.00906,-0.0043,-0.021652421,0.133878549,0.6062,-0.00635,-0.0216,-0.005347962,-0.026884587,0.036068363
-0.12,-0.15,-0.046772124,-0.10812839,0.4743,0.00097,-0.04,-0.009456115,-0.067384309,0.583,0.00699,0.0237,-0.037672242,0.04432144,0.6508,0.00906,-0.0043,-0.021652421,-0.058508968,-0.026884587
-0.08,-0.12,0.036241926,-0.06312063,0.4109,-0.00248,0.0465,0.046134292,-0.10812839,0.4743,0.00097,-0.04,-0.009456115,-0.067384309,0.583,0.00699,0.0237,-0.037672242,-0.046772124,-0.058508968
-0.04,-0.08,0.066332375,0.004581071,0.4155,0.00065,0.0064,0.019307352,-0.06312063,0.4109,-0.00248,0.0465,0.046134292,-0.10812839,0.4743,0.00097,-0.04,-0.009456115,0.036241926,-0.046772124
-0.01,-0.04,0.003266587,0.05177143,0.4675,0.00039,0.0174,-0.015736927,0.004581071,0.4155,0.00065,0.0064,0.019307352,-0.06312063,0.4109,-0.00248,0.0465,0.046134292,0.066332375,0.036241926
0.03,-0.01,-0.015400452,-0.011148505,0.4563,-0.01461,0.0295,0.000341855,0.05177143,0.4675,0.00039,0.0174,-0.015736927,0.004581071,0.4155,0.00065,0.0064,0.019307352,0.003266587,0.066332375
0.09,0.03,0.078190043,-0.078672099,0.3773,-0.06108,-0.0372,0.077821584,-0.011148505,0.4563,-0.01461,0.0295,0.000341855,0.05177143,0.4675,0.00039,0.0174,-0.015736927,-0.015400452,0.003266587
0.18,0.09,0.104787895,-0.01564221,0.3616,-0.10747,0.0103,0.025019272,-0.078672099,0.3773,-0.06108,-0.0372,0.077821584,-0.011148505,0.4563,-0.01461,0.0295,0.000341855,0.078190043,-0.015400452
0.21,0.18,0.023720303,0.035166631,0.3969,-0.02706,0.0081,-0.001267263,-0.01564221,0.3616,-0.10747,0.0103,0.025019272,-0.078672099,0.3773,-0.06108,-0.0372,0.077821584,0.104787895,0.078190043
0.2,0.21,0.027673891,0.036249529,0.4333,0.01843,-0.0052,0.028977877,0.035166631,0.3969,-0.02706,0.0081,-0.001267263,-0.01564221,0.3616,-0.10747,0.0103,0.025019272,0.023720303,0.104787895
0.15,0.2,-0.001529227,0.069474722,0.5031,0.00023,0.0812,-0.029647968,0.036249529,0.4333,0.01843,-0.0052,0.028977877,0.035166631,0.3969,-0.02706,0.0081,-0.001267263,0.027673891,0.023720303
0.11,0.15,-0.005765928,0.055008046,0.5584,-0.02547,-0.0308,0.024611728,0.069474722,0.5031,0.00023,0.0812,-0.029647968,0.036249529,0.4333,0.01843,-0.0052,0.028977877,-0.001529227,0.027673891
0.06,0.11,0.059515986,-0.005370158,0.553,-0.01016,0.0404,0.034065838,0.055008046,0.5584,-0.02547,-0.0308,0.024611728,0.069474722,0.5031,0.00023,0.0812,-0.029647968,-0.005765928,-0.001529227
0.04,0.06,0.038682626,0.023268602,0.5764,-0.00536,0.0133,0.004464694,-0.005370158,0.553,-0.01016,0.0404,0.034065838,0.055008046,0.5584,-0.02547,-0.0308,0.024611728,0.059515986,-0.005765928
0.02,0.04,0.020988637,0.098682208,0.6757,-0.01107,-0.0132,0.016450496,0.023268602,0.5764,-0.00536,0.0133,0.004464694,-0.005370158,0.553,-0.01016,0.0404,0.034065838,0.038682626,0.059515986
0.02,0.02,0.004085072,0.106126191,0.7826,-0.01054,-0.0203,-0.0121653,0.098682208,0.6757,-0.01107,-0.0132,0.016450496,0.023268602,0.5764,-0.00536,0.0133,0.004464694,0.020988637,0.038682626
0.05,0.02,0.008023578,0.070225558,0.8534,-0.02432,0.0273,0.020437506,0.106126191,0.7826,-0.01054,-0.0203,-0.0121653,0.098682208,0.6757,-0.01107,-0.0132,0.016450496,0.004085072,0.020988637
0.04,0.05,0.026681241,0.024190606,0.8778,-0.01639,0.0261,0.006118685,0.070225558,0.8534,-0.02432,0.0273,0.020437506,0.106126191,0.7826,-0.01054,-0.0203,-0.0121653,0.008023578,0.004085072
0,0.04,-0.003063343,0.030725529,0.9088,-0.00132,0.0292,-0.009126187,0.024190606,0.8778,-0.01639,0.0261,0.006118685,0.070225558,0.8534,-0.02432,0.0273,0.020437506,0.026681241,0.008023578
-0.04,0,-0.007386477,0.061422751,0.9708,-0.01191,-0.0329,0.001755733,0.030725529,0.9088,-0.00132,0.0292,-0.009126187,0.024190606,0.8778,-0.01639,0.0261,0.006118685,-0.003063343,0.026681241
-0.07,-0.04,-0.008276644,7.21E-02,1.0436,0.02792,-0.0215,-0.010014794,0.061422751,0.9708,-0.01191,-0.0329,0.001755733,0.030725529,0.9088,-0.00132,0.0292,-0.009126187,-0.007386477,-0.003063343
-0.12,-0.07,0.01340884,0.085174457,1.1297,0.07276,-0.0187,0.023660589,7.21E-02,1.0436,0.02792,-0.0215,-0.010014794,0.061422751,0.9708,-0.01191,-0.0329,0.001755733,-0.008276644,-0.007386477
-0.15,-0.12,0.014532628,2.42E-02,1.1542,0.1367,0.0341,-0.00891698,0.085174457,1.1297,0.07276,-0.0187,0.023660589,7.21E-02,1.0436,0.02792,-0.0215,-0.010014794,0.01340884,-0.008276644
-0.15,-0.15,-0.00211506,-0.00790903,1.1462,0.00014,0.0093,0.006863119,2.42E-02,1.1542,0.1367,0.0341,-0.00891698,0.085174457,1.1297,0.07276,-0.0187,0.023660589,0.014532628,0.01340884
-0.13,-0.15,0.034144547,9.88667E-05,1.1463,0.00379,0.0073,0.027095469,-0.00790903,1.1462,0.00014,0.0093,0.006863119,2.42E-02,1.1542,0.1367,0.0341,-0.00891698,-0.00211506,0.014532628
-0.13,-0.13,-0.031552847,0.017695572,1.1642,0.02433,-0.0767,-0.057101134,9.88667E-05,1.1463,0.00379,0.0073,0.027095469,-0.00790903,1.1462,0.00014,0.0093,0.006863119,0.034144547,-0.00211506
-0.1,-0.13,-0.0788455,0.008698351,1.173,0.08159,-0.0795,-0.023061185,0.017695572,1.1642,0.02433,-0.0767,-0.057101134,9.88667E-05,1.1463,0.00379,0.0073,0.027095469,-0.031552847,0.034144547
-0.09,-0.1,0.002933887,-0.012256986,1.1606,0.12787,0.0694,0.0266087,0.008698351,1.173,0.08159,-0.0795,-0.023061185,0.017695572,1.1642,0.02433,-0.0767,-0.057101134,-0.0788455,-0.031552847
-0.11,-0.09,0.084367098,-0.005041616,1.1555,-0.11274,-0.016,0.056261356,-0.012256986,1.1606,0.12787,0.0694,0.0266087,0.008698351,1.173,0.08159,-0.0795,-0.023061185,0.002933887,-0.0788455
-0.16,-0.11,0.052182424,0.014234496,1.1699,-0.00487,0.0359,-0.00386167,-0.005041616,1.1555,-0.11274,-0.016,0.056261356,-0.012256986,1.1606,0.12787,0.0694,0.0266087,0.084367098,0.002933887
-0.25,-0.16,-0.004625252,0.018580876,1.1887,0.10751,0.0224,-0.000766543,0.014234496,1.1699,-0.00487,0.0359,-0.00386167,-0.005041616,1.1555,-0.11274,-0.016,0.056261356,0.052182424,0.084367098
-0.32,-0.25,-0.006862712,-0.048732728,1.1394,0.059,-0.006,-0.006100846,0.018580876,1.1887,0.10751,0.0224,-0.000766543,0.014234496,1.1699,-0.00487,0.0359,-0.00386167,-0.004625252,0.052182424
-0.37,-0.32,-0.034655356,-0.071412113,1.0672,-0.00426,-0.028,-0.028729786,-0.048732728,1.1394,0.059,-0.006,-0.006100846,0.018580876,1.1887,0.10751,0.0224,-0.000766543,-0.006862712,-0.004625252
-0.36,-0.37,-0.061458396,-0.092159382,0.9741,0.00525,-0.0421,-0.033696709,-0.071412113,1.0672,-0.00426,-0.028,-0.028729786,-0.048732728,1.1394,0.059,-0.006,-0.006100846,-0.034655356,-0.006862712
-0.32,-0.36,-0.046723948,-0.104933416,0.8682,0.06865,0.0538,-0.013481522,-0.092159382,0.9741,0.00525,-0.0421,-0.033696709,-0.071412113,1.0672,-0.00426,-0.028,-0.028729786,-0.061458396,-0.034655356
-0.26,-0.32,-0.049897341,-0.076664037,0.7909,0.02961,0.0294,-0.036913468,-0.104933416,0.8682,0.06865,0.0538,-0.013481522,-0.092159382,0.9741,0.00525,-0.0421,-0.033696709,-0.046723948,-0.061458396
-0.16,-0.26,-0.026277781,-0.02758566,0.7631,0.01378,-0.0459,0.011043335,-0.076664037,0.7909,0.02961,0.0294,-0.036913468,-0.104933416,0.8682,0.06865,0.0538,-0.013481522,-0.049897341,-0.046723948
-0.07,-0.16,0.054035996,0.065577904,0.8292,-0.04224,-0.0501,0.042523065,-0.02758566,0.7631,0.01378,-0.0459,0.011043335,-0.076664037,0.7909,0.02961,0.0294,-0.036913468,-0.026277781,-0.049897341
0,-0.07,0.050871653,0.078418741,0.9083,-0.03598,-0.0226,0.008008061,0.065577904,0.8292,-0.04224,-0.0501,0.042523065,-0.02758566,0.7631,0.01378,-0.0459,0.011043335,0.054035996,-0.026277781
0.02,0,0.04046382,0.014665706,0.9231,-0.02,-0.0274,0.032197916,0.078418741,0.9083,-0.03598,-0.0226,0.008008061,0.065577904,0.8292,-0.04224,-0.0501,0.042523065,0.050871653,0.054035996
0.02,0.02,0.010464437,-0.030126482,0.8927,-0.02,-0.066,-0.021055535,0.014665706,0.9231,-0.02,-0.0274,0.032197916,0.078418741,0.9083,-0.03598,-0.0226,0.008008061,0.04046382,0.050871653
0,0.02,-0.010382774,-0.092814886,0.7991,-0.02,0.0259,0.010902315,-0.030126482,0.8927,-0.02,-0.066,-0.021055535,0.014665706,0.9231,-0.02,-0.0274,0.032197916,0.010464437,0.04046382
-0.02,0,0.036990871,-0.12656929,0.6716,-0.01,-0.0545,0.025807197,-0.092814886,0.7991,-0.02,0.0259,0.010902315,-0.030126482,0.8927,-0.02,-0.066,-0.021055535,-0.010382774,0.010464437
-0.04,-0.02,-0.021845476,-0.149707323,0.521,-0.01,0.0441,-0.04645383,-0.12656929,0.6716,-0.01,-0.0545,0.025807197,-0.092814886,0.7991,-0.02,0.0259,0.010902315,0.036990871,-0.010382774
-0.02,-0.04,-0.030373154,-0.021589859,0.4993,0.01,-0.1445,0.016864077,-0.149707323,0.521,-0.01,0.0441,-0.04645383,-0.12656929,0.6716,-0.01,-0.0545,0.025807197,-0.021845476,0.036990871
0.05,-0.02,0.003155143,0.071815503,0.5715,0.01,0.0744,-0.013481579,-0.021589859,0.4993,0.01,-0.1445,0.016864077,-0.149707323,0.521,-0.01,0.0441,-0.04645383,-0.030373154,-0.021845476
0.17,0.05,0.003877621,0.139901992,0.7123,0.01,0.0471,0.017596427,0.071815503,0.5715,0.01,0.0744,-0.013481579,-0.021589859,0.4993,0.01,-0.1445,0.016864077,0.003155143,-0.030373154
0.27,0.17,0.028134375,0.100830571,0.8139,0,-0.0572,0.010355724,0.139901992,0.7123,0.01,0.0471,0.017596427,0.071815503,0.5715,0.01,0.0744,-0.013481579,0.003877621,0.003155143
0.37,0.27,0.028440323,-0.069458987,0.7439,-0.05,0.0477,0.01789924,0.100830571,0.8139,0,-0.0572,0.010355724,0.139901992,0.7123,0.01,0.0471,0.017596427,0.028134375,0.003877621
0.46,0.37,-0.014947566,-0.480187505,0.2613,0.01,0.0363,-0.032269212,-0.069458987,0.7439,-0.05,0.0477,0.01789924,0.100830571,0.8139,0,-0.0572,0.010355724,0.028440323,0.028134375
-3.19,0.46,-0.240221458,-1.037214284,-0.77325,-0.22,-0.119,-0.214886463,-0.480187505,0.2613,0.01,0.0363,-0.032269212,-0.069458987,0.7439,-0.05,0.0477,0.01789924,-0.014947566,0.028440323
-8.92,-3.19,-0.215192692,-1.118573956,-1.87699,0.12,-0.2776,-0.000390044,-1.037214284,-0.77325,-0.22,-0.119,-0.214886463,-0.480187505,0.2613,0.01,0.0363,-0.032269212,-0.240221458,-0.014947566
2.57,-8.92,0.037480654,-0.347903245,-2.21777,-0.32,0.0373,0.037885476,-1.118573956,-1.87699,0.12,-0.2776,-0.000390044,-1.037214284,-0.77325,-0.22,-0.119,-0.214886463,-0.215192692,-0.240221458
5.52,2.57,0.08798102,0.208950431,-2.01324,-0.14,0.0858,0.048266929,-0.347903245,-2.21777,-0.32,0.0373,0.037885476,-1.118573956,-1.87699,0.12,-0.2776,-0.000390044,0.037480654,-0.215192692
4.28,5.52,0.035295766,0.278292913,-1.74017,-0.09,0.2121,-0.012373911,0.208950431,-2.01324,-0.14,0.0858,0.048266929,-0.347903245,-2.21777,-0.32,0.0373,0.037885476,0.08798102,0.037480654
-0.05,4.28,-0.028200339,0.252744072,-1.49151,-0.03,-0.0991,-0.016024716,0.278292913,-1.74017,-0.09,0.2121,-0.012373911,0.208950431,-2.01324,-0.14,0.0858,0.048266929,0.035295766,0.08798102
-0.83,-0.05,-0.037998406,0.213854239,-1.28062,-0.01,0.0623,-0.022331546,0.252744072,-1.49151,-0.03,-0.0991,-0.016024716,0.278292913,-1.74017,-0.09,0.2121,-0.012373911,-0.028200339,0.035295766
-0.45,-0.83,-0.035764814,0.079749892,-1.20186,-0.01,0.1709,-0.013740106,0.213854239,-1.28062,-0.01,0.0623,-0.022331546,0.252744072,-1.49151,-0.03,-0.0991,-0.016024716,-0.037998406,-0.028200339
0,-0.45,0.048798145,0.011952952,-1.19005,-0.01,-0.1662,0.063409504,0.079749892,-1.20186,-0.01,0.1709,-0.013740106,0.213854239,-1.28062,-0.01,0.0623,-0.022331546,-0.035764814,-0.037998406
1.05,0,0.11380353,0.114902141,-1.07645,-0.01,0.0862,0.047389106,0.011952952,-1.19005,-0.01,-0.1662,0.063409504,0.079749892,-1.20186,-0.01,0.1709,-0.013740106,0.048798145,-0.035764814
-0.36,1.05,0.074671748,0.140292785,-0.93757,0,-0.1321,0.02604824,0.114902141,-1.07645,-0.01,0.0862,0.047389106,0.011952952,-1.19005,-0.01,-0.1662,0.063409504,0.11380353,0.048798145
0.83,-0.36,0.010151311,0.278214713,-0.66158,0.02,0.1094,-0.015493354,0.140292785,-0.93757,0,-0.1321,0.02604824,0.114902141,-1.07645,-0.01,0.0862,0.047389106,0.074671748,0.11380353
1.05,0.83,0.003949669,0.408913637,-0.25454,0.03,0.2077,0.019749001,0.278214713,-0.66158,0.02,0.1094,-0.015493354,0.140292785,-0.93757,0,-0.1321,0.02604824,0.010151311,0.074671748
0.67,1.05,0.049001772,0.324040572,0.0692,0.01,-0.0009,0.028686246,0.408913637,-0.25454,0.03,0.2077,0.019749001,0.278214713,-0.66158,0.02,0.1094,-0.015493354,0.003949669,0.010151311
0.48,0.67,0.045852022,0.245528218,0.3152,-0.01,0.0971,0.016687086,0.324040572,0.0692,0.01,-0.0009,0.028686246,0.408913637,-0.25454,0.03,0.2077,0.019749001,0.049001772,0.003949669
0.34,0.48,0.027688626,0.151208652,0.467,0,0.0192,0.01082097,0.245528218,0.3152,-0.01,0.0971,0.016687086,0.324040572,0.0692,0.01,-0.0009,0.028686246,0.045852022,0.049001772
0.14,0.34,0.003732535,-0.099784009,0.3668,0,0.052,-0.007012552,0.151208652,0.467,0,0.0192,0.01082097,0.245528218,0.3152,-0.01,0.0971,0.016687086,0.027688626,0.045852022
-0.04,0.14,0.005854789,-0.238610269,0.1276,-0.01,-0.0622,0.012958211,-0.099784009,0.3668,0,0.052,-0.007012552,0.151208652,0.467,0,0.0192,0.01082097,0.003732535,0.027688626
-0.17,-0.04,0.002475984,-0.163875269,-0.03635,0,0.0122,-0.010348134,-0.238610269,0.1276,-0.01,-0.0622,0.012958211,-0.099784009,0.3668,0,0.052,-0.007012552,0.005854789,0.003732535
-0.26,-0.17,0.00338379,-0.183164162,-0.21928,0.09,0.0275,0.01387551,-0.163875269,-0.03635,0,0.0122,-0.010348134,-0.238610269,0.1276,-0.01,-0.0622,0.012958211,0.002475984,0.005854789
-0.36,-0.26,0.028263475,-0.227326105,-0.44585,-0.03,0.0438,0.014191057,-0.183164162,-0.21928,0.09,0.0275,0.01387551,-0.163875269,-0.03635,0,0.0122,-0.010348134,0.00338379,0.002475984
-0.51,-0.36,0.017464004,-0.240439536,-0.68493,0.03,-0.0171,0.003227151,-0.227326105,-0.44585,-0.03,0.0438,0.014191057,-0.183164162,-0.21928,0.09,0.0275,0.01387551,0.028263475,0.00338379
-0.7,-0.51,0.031751349,-0.335041599,-1.01712,0.37,-0.0253,0.028432442,-0.240439536,-0.68493,0.03,-0.0171,0.003227151,-0.227326105,-0.44585,-0.03,0.0438,0.014191057,0.017464004,0.028263475
-0.87,-0.7,0.0339195,-0.464551459,-1.47588,0.28,-0.0239,0.00533536,-0.335041599,-1.01712,0.37,-0.0253,0.028432442,-0.240439536,-0.68493,0.03,-0.0171,0.003227151,0.031751349,0.017464004
-0.92,-0.87,-0.024094467,-0.546279848,-2.01263,0.18,-0.0024,-0.029273642,-0.464551459,-1.47588,0.28,-0.0239,0.00533536,-0.335041599,-1.01712,0.37,-0.0253,0.028432442,0.0339195,0.031751349
-0.84,-0.92,0.003330031,-0.397267733,-2.40113,0.14,-0.0842,0.033586883,-0.546279848,-2.01263,0.18,-0.0024,-0.029273642,-0.464551459,-1.47588,0.28,-0.0239,0.00533536,-0.024094467,0.0339195
-0.71,-0.84,0.018739919,-0.376614294,-2.76801,0.18,0.0871,-0.014364505,-0.397267733,-2.40113,0.14,-0.0842,0.033586883,-0.546279848,-2.01263,0.18,-0.0024,-0.029273642,0.003330031,-0.024094467
-0.56,-0.71,-0.034600244,-0.378667784,-3.1355,0.26,-0.0941,-0.020530652,-0.376614294,-2.76801,0.18,0.0871,-0.014364505,-0.397267733,-2.40113,0.14,-0.0842,0.033586883,0.018739919,0.003330031
-0.41,-0.56,-0.030342425,-0.207101247,-3.3359,0.27,-0.0314,-0.010017438,-0.378667784,-3.1355,0.26,-0.0941,-0.020530652,-0.376614294,-2.76801,0.18,0.0871,-0.014364505,-0.034600244,0.018739919
-0.29,-0.41,0.02294605,0.004551741,-3.3315,0.39,-0.1222,0.033297039,-0.207101247,-3.3359,0.27,-0.0314,-0.010017438,-0.378667784,-3.1355,0.26,-0.0941,-0.020530652,-0.030342425,-0.034600244
-0.15,-0.29,-0.00511188,0.019952803,-3.31221,0.68,-0.0344,-0.037171228,0.004551741,-3.3315,0.39,-0.1222,0.033297039,-0.207101247,-3.3359,0.27,-0.0314,-0.010017438,0.02294605,-0.030342425
0.03,-0.15,-0.066223504,0.099301384,-3.21615,0.48,0.1075,-0.030173877,0.019952803,-3.31221,0.68,-0.0344,-0.037171228,0.004551741,-3.3315,0.39,-0.1222,0.033297039,-0.00511188,0.02294605
0.21,0.03,0.024910053,0.186035599,-3.03593,0.13,-0.073,0.056797737,0.099301384,-3.21615,0.48,0.1075,-0.030173877,0.019952803,-3.31221,0.68,-0.0344,-0.037171228,-0.066223504,-0.00511188
0.33,0.21,0.071984222,0.278642622,-2.76537,0.26,-0.017,0.014370285,0.186035599,-3.03593,0.13,-0.073,0.056797737,0.099301384,-3.21615,0.48,0.1075,-0.030173877,0.024910053,-0.066223504
0.43,0.33,0.04960814,0.311717241,-2.4618,0.23,0.0413,0.034738651,0.278642622,-2.76537,0.26,-0.017,0.014370285,0.186035599,-3.03593,0.13,-0.073,0.056797737,0.071984222,0.024910053
0.48,0.43,0.05902897,0.254100287,-2.21364,0.2,-0.0539,0.023474835,0.311717241,-2.4618,0.23,0.0413,0.034738651,0.278642622,-2.76537,0.26,-0.017,0.014370285,0.04960814,0.071984222
0.46,0.48,-0.012344584,0.174360994,-2.04299,0.12,0.0177,-0.03499785,0.254100287,-2.21364,0.2,-0.0539,0.023474835,0.311717241,-2.4618,0.23,0.0413,0.034738651,0.05902897,0.04960814
0.44,0.46,-0.01210477,0.213895623,-1.83324,0.19,-0.0443,0.023723346,0.174360994,-2.04299,0.12,0.0177,-0.03499785,0.254100287,-2.21364,0.2,-0.0539,0.023474835,-0.012344584,0.05902897
0.41,0.44,0.009757517,0.190931181,-1.64563,0.21,-0.0162,-0.013642191,0.213895623,-1.83324,0.19,-0.0443,0.023723346,0.174360994,-2.04299,0.12,0.0177,-0.03499785,-0.01210477,-0.012344584
0.36,0.41,-0.033548403,0.178520975,-1.46989,0.36,0.0192,-0.020181533,0.190931181,-1.64563,0.21,-0.0162,-0.013642191,0.213895623,-1.83324,0.19,-0.0443,0.023723346,0.009757517,-0.01210477
0.3,0.36,-0.025914826,0.0793047,-1.39172,0.4,0.1053,-0.005851383,0.178520975,-1.46989,0.36,0.0192,-0.020181533,0.190931181,-1.64563,0.21,-0.0162,-0.013642191,-0.033548403,0.009757517
0.3,0.3,-0.015018113,-0.103797675,-1.49402,0.04,-0.0989,-0.009220684,0.0793047,-1.39172,0.4,0.1053,-0.005851383,0.178520975,-1.46989,0.36,0.0192,-0.020181533,-0.025914826,-0.033548403
0.26,0.3,0.008435029,-0.16397213,-1.65541,-0.01,0.0023,0.017820026,-0.103797675,-1.49402,0.04,-0.0989,-0.009220684,0.0793047,-1.39172,0.4,0.1053,-0.005851383,-0.015018113,-0.025914826
0.23,0.26,0.005127256,-0.104167741,-1.7578,-0.12,0.0808,-0.012470545,-0.16397213,-1.65541,-0.01,0.0023,0.017820026,-0.103797675,-1.49402,0.04,-0.0989,-0.009220684,0.008435029,-0.015018113
0.2,0.23,-0.017630771,0.109943184,-1.64973,-0.04,-0.1196,-0.005225389,-0.104167741,-1.7578,-0.12,0.0808,-0.012470545,-0.16397213,-1.65541,-0.01,0.0023,0.017820026,0.005127256,0.008435029
0.19,0.2,0.017830494,0.327636669,-1.32697,-0.14,0.0463,0.023176992,0.109943184,-1.64973,-0.04,-0.1196,-0.005225389,-0.104167741,-1.7578,-0.12,0.0808,-0.012470545,-0.017630771,0.005127256
0.18,0.19,0.021738841,0.34575761,-0.98521,-0.02,-0.042,-0.001405573,0.327636669,-1.32697,-0.14,0.0463,0.023176992,0.109943184,-1.64973,-0.04,-0.1196,-0.005225389,0.017830494,-0.017630771
0.16,0.18,0.003136775,0.188158371,-0.79873,0.01,0.0194,0.004548742,0.34575761,-0.98521,-0.02,-0.042,-0.001405573,0.327636669,-1.32697,-0.14,0.0463,0.023176992,0.021738841,0.017830494
0.14,0.16,0.022975268,0.061311061,-0.73789,-0.01,0.0177,0.018343087,0.188158371,-0.79873,0.01,0.0194,0.004548742,0.34575761,-0.98521,-0.02,-0.042,-0.001405573,0.003136775,0.021738841
0.16,0.14,0.044286897,-0.072904326,-0.81023,-0.02,0.0524,0.025476492,0.061311061,-0.73789,-0.01,0.0177,0.018343087,0.188158371,-0.79873,0.01,0.0194,0.004548742,0.022975268,0.003136775
0.2,0.16,0.070225457,-0.140263988,-0.94926,-0.02,-0.1096,0.043637241,-0.072904326,-0.81023,-0.02,0.0524,0.025476492,0.061311061,-0.73789,-0.01,0.0177,0.018343087,0.044286897,0.022975268
0.2,0.2,0.029958441,-0.079728302,-1.0282,0,0.0693,-0.013106853,-0.140263988,-0.94926,-0.02,-0.1096,0.043637241,-0.072904326,-0.81023,-0.02,0.0524,0.025476492,0.070225457,0.044286897
0.15,0.2,-0.014362405,-0.019947065,-1.04794,-0.07,0.0285,-0.001272227,-0.079728302,-1.0282,0,0.0693,-0.013106853,-0.140263988,-0.94926,-0.02,-0.1096,0.043637241,0.029958441,0.070225457
0.04,0.15,0.005016667,0.036647397,-1.01167,-0.18,-0.0488,0.006296905,-0.019947065,-1.04794,-0.07,0.0285,-0.001272227,-0.079728302,-1.0282,0,0.0693,-0.013106853,-0.014362405,0.029958441
-0.06,0.04,0.007403585,0.071881625,-0.94049,-0.07,-0.0678,0.001099755,0.036647397,-1.01167,-0.18,-0.0488,0.006296905,-0.019947065,-1.04794,-0.07,0.0285,-0.001272227,0.005016667,-0.014362405
-0.1,-0.06,0.001224346,0.068188269,-0.87292,-0.09,0.0675,0.000124454,0.071881625,-0.94049,-0.07,-0.0678,0.001099755,0.036647397,-1.01167,-0.18,-0.0488,0.006296905,0.007403585,0.005016667
-0.09,-0.1,-0.013054918,0.004478999,-0.86848,-0.07,0.0304,-0.013177732,0.068188269,-0.87292,-0.09,0.0675,0.000124454,0.071881625,-0.94049,-0.07,-0.0678,0.001099755,0.001224346,0.007403585
-0.05,-0.09,-0.00476935,-0.069406655,-0.93726,-0.04,-0.2036,0.008520665,0.004478999,-0.86848,-0.07,0.0304,-0.013177732,0.068188269,-0.87292,-0.09,0.0675,0.000124454,-0.013054918,0.001224346