x_t,x_t-1,x_t-2,GDP_M,INDPRO,RPIX,RMTS,PAYEMS,GDP_M_t-1,INDPRO_t-1,RPIX_t-1,RMTS_t-1,PAYEMS_t-1,GDP_M_t-2,INDPRO_t-2,RPIX_t-2,RMTS_-2,PAYEMS_t-2
0,0,0,-0.119755241,-0.075674899,0.96763766,0.793131142,0.174182798,0.028536149,0.796355218,0.88333257,0.432253783,0.241913994,0.383533975,0.532417731,0.791560861,0.515549695,0.221757654
0,0,0,0.188413576,0.34433893,0.454949852,-1.815849511,0.083927187,-0.119755241,-0.075674899,0.96763766,0.793131142,0.174182798,0.028536149,0.796355218,0.88333257,0.432253783,0.241913994
0,0,0,0.628244371,0.39008251,0.324977304,1.175392671,0.367685256,0.188413576,0.34433893,0.454949852,-1.815849511,0.083927187,-0.119755241,-0.075674899,0.96763766,0.793131142,0.174182798
0,0,0,0.874938912,0.631020736,0.485000604,0.827587311,0.211775233,0.628244371,0.39008251,0.324977304,1.175392671,0.367685256,0.188413576,0.34433893,0.454949852,-1.815849511,0.083927187
0,0,0,0.603698969,0.289654439,0.079947496,-0.532131696,0.168189503,0.874938912,0.631020736,0.485000604,0.827587311,0.211775233,0.628244371,0.39008251,0.324977304,1.175392671,0.367685256
0,0,0,0.137584556,0.072175181,0.478347369,0.658897302,-0.032555164,0.603698969,0.289654439,0.079947496,-0.532131696,0.168189503,0.874938912,0.631020736,0.485000604,0.827587311,0.211775233
0,0,0,-0.200344314,-0.177034911,0.587413455,-0.63215769,0.125619601,0.137584556,0.072175181,0.478347369,0.658897302,-0.032555164,0.603698969,0.289654439,0.079947496,-0.532131696,0.168189503
0,0,0,-0.087027626,-0.265655399,0.525737973,0.03470392,0.004537514,-0.200344314,-0.177034911,0.587413455,-0.63215769,0.125619601,0.137584556,0.072175181,0.478347369,0.658897302,-0.032555164
0,0,0,0.201863477,0.422150964,0.098026378,1.073138306,0.078617545,-0.087027626,-0.265655399,0.525737973,0.03470392,0.004537514,-0.200344314,-0.177034911,0.587413455,-0.63215769,0.125619601
0,0,0,0.390657856,-0.369244052,0.283831035,-0.766018221,0.010578412,0.201863477,0.422150964,0.098026378,1.073138306,0.078617545,-0.087027626,-0.265655399,0.525737973,0.03470392,0.004537514
0,0,0,0.20368437,0.022018301,0.123742052,-0.730767899,0.154015764,0.390657856,-0.369244052,0.283831035,-0.766018221,0.010578412,0.201863477,0.422150964,0.098026378,1.073138306,0.078617545
0,0,0,-0.110252028,-0.340205327,0.04153526,0.780959718,0.120630914,0.20368437,0.022018301,0.123742052,-0.730767899,0.154015764,0.390657856,-0.369244052,0.283831035,-0.766018221,0.010578412
0,0,0,-0.302346382,-0.493822803,0.438447157,-0.805542737,-0.009795832,-0.110252028,-0.340205327,0.04153526,0.780959718,0.120630914,0.20368437,0.022018301,0.123742052,-0.730767899,0.154015764
0,0,0,-0.123793739,-0.66133395,0.204592352,0.440259377,0.064032305,-0.302346382,-0.493822803,0.438447157,-0.805542737,-0.009795832,-0.110252028,-0.340205327,0.04153526,0.780959718,0.120630914
0,0,0,0.186435689,-0.248541892,0.297017589,-1.205915518,-0.027867846,-0.123793739,-0.66133395,0.204592352,0.440259377,0.064032305,-0.302346382,-0.493822803,0.438447157,-0.805542737,-0.009795832
0,0,0,0.389371691,-0.352151583,-0.404544481,-0.79184538,-0.22171286,0.186435689,-0.248541892,0.297017589,-1.205915518,-0.027867846,-0.123793739,-0.66133395,0.204592352,0.440259377,0.064032305
0,0,0,0.246044054,-0.527849154,-0.324239836,0.860830893,-0.036244743,0.389371691,-0.352151583,-0.404544481,-0.79184538,-0.22171286,0.186435689,-0.248541892,0.297017589,-1.205915518,-0.027867846
0,0,0,-0.041598883,-0.532766429,-0.137903788,-1.372291894,-0.083110451,0.246044054,-0.527849154,-0.324239836,0.860830893,-0.036244743,0.389371691,-0.352151583,-0.404544481,-0.79184538,-0.22171286
0,0,0,-0.271608783,-0.609890487,-0.015441631,0.380679327,-0.096797376,-0.041598883,-0.532766429,-0.137903788,-1.372291894,-0.083110451,0.246044054,-0.527849154,-0.324239836,0.860830893,-0.036244743
0,0,0,-0.242037307,-0.087672,-0.072414446,0.822812761,-0.113553791,-0.271608783,-0.609890487,-0.015441631,0.380679327,-0.096797376,-0.041598883,-0.532766429,-0.137903788,-1.372291894,-0.083110451
0,0,0,-0.068276256,-0.542198763,-0.131445435,-2.124787172,-0.195614656,-0.242037307,-0.087672,-0.072414446,0.822812761,-0.113553791,-0.271608783,-0.609890487,-0.015441631,0.380679327,-0.096797376
0,0,0,0.13428257,-0.304721266,-0.568359693,2.9277839,-0.236308831,-0.068276256,-0.542198763,-0.131445435,-2.124787172,-0.195614656,-0.242037307,-0.087672,-0.072414446,0.822812761,-0.113553791
0,0,0,0.250247371,-0.588914018,-0.068109289,-0.487369815,-0.234580985,0.13428257,-0.304721266,-0.568359693,2.9277839,-0.236308831,-0.068276256,-0.542198763,-0.131445435,-2.124787172,-0.195614656
0,0,0,0.298443001,-0.038921621,0.035033428,0.196537615,-0.122841234,0.250247371,-0.588914018,-0.068109289,-0.487369815,-0.234580985,0.13428257,-0.304721266,-0.568359693,2.9277839,-0.236308831
0,0,0,0.297694314,0.693760326,0.045719623,-0.096943085,-0.094713613,0.298443001,-0.038921621,0.035033428,0.196537615,-0.122841234,0.250247371,-0.588914018,-0.068109289,-0.487369815,-0.234580985
0,0,0,0.266826166,-0.006330502,0.023338131,0.363076572,-0.094038502,0.297694314,0.693760326,0.045719623,-0.096943085,-0.094713613,0.298443001,-0.038921621,0.035033428,0.196537615,-0.122841234
0,0,0,0.224772934,0.753110675,-0.006806392,-0.494501673,-0.010709177,0.266826166,-0.006330502,0.023338131,0.363076572,-0.094038502,0.297694314,0.693760326,0.045719623,-0.096943085,-0.094713613
0,0,0,0.190468997,0.474823645,-0.039875317,1.143499445,-0.081886611,0.224772934,0.753110675,-0.006806392,-0.494501673,-0.010709177,0.266826166,-0.006330502,0.023338131,0.363076572,-0.094038502
0,0,0,0.182848732,0.428001801,0.271033151,0.20726773,0.013014504,0.190468997,0.474823645,-0.039875317,1.143499445,-0.081886611,0.224772934,0.753110675,-0.006806392,-0.494501673,-0.010709177
0,0,0,0.179035101,0.818128194,0.308993499,0.325240262,0.031380954,0.182848732,0.428001801,0.271033151,0.20726773,0.013014504,0.190468997,0.474823645,-0.039875317,1.143499445,-0.081886611
0,0,0,0.156151065,-0.03309118,-0.357511753,-0.279072943,-0.068897942,0.179035101,0.818128194,0.308993499,0.325240262,0.031380954,0.182848732,0.428001801,0.271033151,0.20726773,0.013014504
0,0,0,0.091319586,-0.102762737,-0.024267957,0.955645908,-0.000765799,0.156151065,-0.03309118,-0.357511753,-0.279072943,-0.068897942,0.179035101,0.818128194,0.308993499,0.325240262,0.031380954
0,0,0,0.025050786,0.095812198,0.016502852,-0.860668097,-0.060516692,0.091319586,-0.102762737,-0.024267957,0.955645908,-0.000765799,0.156151065,-0.03309118,-0.357511753,-0.279072943,-0.068897942
0,0,0,-0.002145214,-0.263483513,0.193946978,-0.462101157,0.087316182,0.025050786,0.095812198,0.016502852,-0.860668097,-0.060516692,0.091319586,-0.102762737,-0.024267957,0.955645908,-0.000765799
0,0,0,0.050241709,0.547070068,0.220641692,1.065716855,-0.0007656,-0.002145214,-0.263483513,0.193946978,-0.462101157,0.087316182,0.025050786,0.095812198,0.016502852,-0.860668097,-0.060516692
0,0,0,0.135117476,-0.556141396,0.147789702,-0.779260045,-0.115672927,0.050241709,0.547070068,0.220641692,1.065716855,-0.0007656,-0.002145214,-0.263483513,0.193946978,-0.462101157,0.087316182
0,0,0,0.205388008,0.822249196,-0.347120173,0.586175637,0.082746578,0.135117476,-0.556141396,0.147789702,-0.779260045,-0.115672927,0.050241709,0.547070068,0.220641692,1.065716855,-0.0007656
0,0,0,0.213959227,0.124570025,-0.379437123,-1.111395201,-0.101144009,0.205388008,0.822249196,-0.347120173,0.586175637,0.082746578,0.135117476,-0.556141396,0.147789702,-0.779260045,-0.115672927
0,0,0,0.211220906,-0.2742372,0.130199496,0.907504647,-0.15805064,0.213959227,0.124570025,-0.379437123,-1.111395201,-0.101144009,0.205388008,0.822249196,-0.347120173,0.586175637,0.082746578
0,0,0,0.24756282,-0.627786512,0.410861254,-0.289939911,-0.048385797,0.211220906,-0.2742372,0.130199496,0.907504647,-0.15805064,0.213959227,0.124570025,-0.379437123,-1.111395201,-0.101144009
0,0,0,0.373374744,-0.034396739,0.735130946,0.873237204,0.018435445,0.24756282,-0.627786512,0.410861254,-0.289939911,-0.048385797,0.211220906,-0.2742372,0.130199496,0.907504647,-0.15805064
0,0,0,0.519330418,0.132213444,0.313409274,0.931853092,-0.008449157,0.373374744,-0.034396739,0.735130946,0.873237204,0.018435445,0.24756282,-0.627786512,0.410861254,-0.289939911,-0.048385797
0,0,0,0.616103584,0.514913827,0.067919513,0.757293736,-0.000768141,0.519330418,0.132213444,0.313409274,0.931853092,-0.008449157,0.373374744,-0.034396739,0.735130946,0.873237204,0.018435445
0,0,0,0.594367984,-0.213004577,0.152889156,-0.041076571,-0.023815286,0.616103584,0.514913827,0.067919513,0.757293736,-0.000768141,0.519330418,0.132213444,0.313409274,0.931853092,-0.008449157
0,0,0,0.499478119,0.646193388,0.173627717,0.405925701,0.07680315,0.594367984,-0.213004577,0.152889156,-0.041076571,-0.023815286,0.616103584,0.514913827,0.067919513,0.757293736,-0.000768141
0,0,0,0.376788488,0.134509455,0.53614844,0.236068987,0.143463792,0.499478119,0.646193388,0.173627717,0.405925701,0.07680315,0.594367984,-0.213004577,0.152889156,-0.041076571,-0.023815286
0,0,0,0.271653593,0.677010984,0.693476193,0.385932742,0.031427137,0.376788488,0.134509455,0.53614844,0.236068987,0.143463792,0.499478119,0.646193388,0.173627717,0.405925701,0.07680315
0,0,0,0.195113297,0.050678326,-0.08759991,-0.283160971,0.082736436,0.271653593,0.677010984,0.693476193,0.385932742,0.031427137,0.376788488,0.134509455,0.53614844,0.236068987,0.143463792
0,0,0,0.158207465,0.166504104,-0.319021687,-0.499922858,0.127800434,0.195113297,0.050678326,-0.08759991,-0.283160971,0.082736436,0.271653593,0.677010984,0.693476193,0.385932742,0.031427137
0,0,0,0.17197596,0.618380678,0.019850554,0.772353504,0.048934154,0.158207465,0.166504104,-0.319021687,-0.499922858,0.127800434,0.195113297,0.050678326,-0.08759991,-0.283160971,0.082736436
0,0,0,0.214701722,-0.391186043,0.368880523,2.320675642,0.243549683,0.17197596,0.618380678,0.019850554,0.772353504,0.048934154,0.158207465,0.166504104,-0.319021687,-0.499922858,0.127800434
0,0,0,0.264667688,0.387095518,0.33843525,-1.071106324,0.207959671,0.214701722,-0.391186043,0.368880523,2.320675642,0.243549683,0.17197596,0.618380678,0.019850554,0.772353504,0.048934154
0,0,0,0.300156798,0.738741306,0.613774382,0.278090578,0.216640336,0.264667688,0.387095518,0.33843525,-1.071106324,0.207959671,0.214701722,-0.391186043,0.368880523,2.320675642,0.243549683
0,0,0,0.320198868,-0.771686901,0.128638962,-0.093025783,0.073626807,0.300156798,0.738741306,0.613774382,0.278090578,0.216640336,0.264667688,0.387095518,0.33843525,-1.071106324,0.207959671
0,0,0,0.323823714,0.735028814,0.503638966,0.147628118,0.044756816,0.320198868,-0.771686901,0.128638962,-0.093025783,0.073626807,0.300156798,0.738741306,0.613774382,0.278090578,0.216640336
0,0,0,0.310061152,0.085372237,0.259192206,0.864591172,0.065960813,0.323823714,0.735028814,0.503638966,0.147628118,0.044756816,0.320198868,-0.771686901,0.128638962,-0.093025783,0.073626807
0,0,0,0.300220931,0.112293957,0.16257763,0.409222645,0.114380521,0.310061152,0.085372237,0.259192206,0.864591172,0.065960813,0.323823714,0.735028814,0.503638966,0.147628118,0.044756816
0,0,0,0.315612798,0.886016137,0.074733937,0.211418698,0.257067607,0.300220931,0.112293957,0.16257763,0.409222645,0.114380521,0.310061152,0.085372237,0.259192206,0.864591172,0.065960813
0,0,0,0.377546502,0.2450218,-0.309447629,0.182781385,0.055107858,0.315612798,0.886016137,0.074733937,0.211418698,0.257067607,0.300220931,0.112293957,0.16257763,0.409222645,0.114380521
0,0,0,0.432683125,0.777547615,3.702461875,1.546831568,0.094292306,0.377546502,0.2450218,-0.309447629,0.182781385,0.055107858,0.315612798,0.886016137,0.074733937,0.211418698,0.257067607
0,0,0,0.42768375,0.352105682,-3.397625835,0.361033214,0.114539781,0.432683125,0.777547615,3.702461875,1.546831568,0.094292306,0.377546502,0.2450218,-0.309447629,0.182781385,0.055107858
0,0,0,0.309209459,0.719568871,-0.048895922,0.032025045,0.189606323,0.42768375,0.352105682,-3.397625835,0.361033214,0.114539781,0.432683125,0.777547615,3.702461875,1.546831568,0.094292306
0,0,0,0.165381901,-0.141343219,0.378549348,-0.684429618,0.089411505,0.309209459,0.719568871,-0.048895922,0.032025045,0.189606323,0.42768375,0.352105682,-3.397625835,0.361033214,0.114539781
0,0,0,0.084322727,0.207386856,0.291912046,1.499405454,0.275245701,0.165381901,-0.141343219,0.378549348,-0.684429618,0.089411505,0.309209459,0.719568871,-0.048895922,0.032025045,0.189606323
0,0,0,0.154153586,0.093504448,0.496492208,-0.191337512,0.127241717,0.084322727,0.207386856,0.291912046,1.499405454,0.275245701,0.165381901,-0.141343219,0.378549348,-0.684429618,0.089411505
0,0,0,0.27299693,0.436574251,0.296898271,0.942596734,0.192799235,0.154153586,0.093504448,0.496492208,-0.191337512,0.127241717,0.084322727,0.207386856,0.291912046,1.499405454,0.275245701
0,0,0,0.338975212,-0.318164279,0.299646097,-0.06576335,0.263190421,0.27299693,0.436574251,0.296898271,0.942596734,0.192799235,0.154153586,0.093504448,0.496492208,-0.191337512,0.127241717
0,0,0,0.250210885,0.328560214,-0.006346817,0.245800956,0.15104001,0.338975212,-0.318164279,0.299646097,-0.06576335,0.263190421,0.27299693,0.436574251,0.296898271,0.942596734,0.192799235
0,0,0,0.124779197,-1.956049536,-0.275113329,-0.483584079,0.037910183,0.250210885,0.328560214,-0.006346817,0.245800956,0.15104001,0.338975212,-0.318164279,0.299646097,-0.06576335,0.263190421
0,0,0,0.080755394,1.215031835,0.750912726,-0.011836371,0.066122582,0.124779197,-1.956049536,-0.275113329,-0.483584079,0.037910183,0.250210885,0.328560214,-0.006346817,0.245800956,0.15104001
0,0,0,0.236214726,1.093632882,0.693351219,1.364342485,0.264053973,0.080755394,1.215031835,0.750912726,-0.011836371,0.066122582,0.124779197,-1.956049536,-0.275113329,-0.483584079,0.037910183
0,0,0,0.447473397,0.481599753,0.431027441,0.573677515,0.117709346,0.236214726,1.093632882,0.693351219,1.364342485,0.264053973,0.080755394,1.215031835,0.750912726,-0.011836371,0.066122582
0,0,0,0.570847614,0.157777241,0.916663463,0.524054207,0.198090122,0.447473397,0.481599753,0.431027441,0.573677515,0.117709346,0.236214726,1.093632882,0.693351219,1.364342485,0.264053973
0,0,0,0.462653583,0.042486922,0.703098986,0.236725505,0.224962017,0.570847614,0.157777241,0.916663463,0.524054207,0.198090122,0.447473397,0.481599753,0.431027441,0.573677515,0.117709346
0,0,0,0.240229309,0.226495823,0.454639809,0.168488988,0.224457074,0.462653583,0.042486922,0.703098986,0.236725505,0.224962017,0.570847614,0.157777241,0.916663463,0.524054207,0.198090122
0,0,0,0.020912795,0.295625359,0.107444705,-0.949422157,0.126357255,0.240229309,0.226495823,0.454639809,0.168488988,0.224457074,0.462653583,0.042486922,0.703098986,0.236725505,0.224962017
0,0,0,-0.077957953,0.025127919,-0.146782605,0.818454553,0.030096493,0.020912795,0.295625359,0.107444705,-0.949422157,0.126357255,0.240229309,0.226495823,0.454639809,0.168488988,0.224457074
0,0,0,-0.074678596,0.336187125,0.089143702,-0.275649301,0.063099817,-0.077957953,0.025127919,-0.146782605,0.818454553,0.030096493,0.020912795,0.295625359,0.107444705,-0.949422157,0.126357255
0,0,0,0.012455206,-0.06534862,-0.145992447,-0.435035633,0.142195403,-0.074678596,0.336187125,0.089143702,-0.275649301,0.063099817,-0.077957953,0.025127919,-0.146782605,0.818454553,0.030096493
0,0,0,0.165147793,0.43310929,-0.140949286,0.559196573,0.120048912,0.012455206,-0.06534862,-0.145992447,-0.435035633,0.142195403,-0.074678596,0.336187125,0.089143702,-0.275649301,0.063099817
0,0,0,0.30918495,-0.181342883,0.629666158,-0.018128108,0.099443563,0.165147793,0.43310929,-0.140949286,0.559196573,0.120048912,0.012455206,-0.06534862,-0.145992447,-0.435035633,0.142195403
0,0,0,0.370352464,-0.102547306,0.659461287,0.072492723,0.012423495,0.30918495,-0.181342883,0.629666158,-0.018128108,0.099443563,0.165147793,0.43310929,-0.140949286,0.559196573,0.120048912
0,0,0,0.274436122,-0.026838974,0.537359784,0.057956365,0.156987623,0.370352464,-0.102547306,0.659461287,0.072492723,0.012423495,0.30918495,-0.181342883,0.629666158,-0.018128108,0.099443563
0,0,0,0.123884868,1.020244904,0.502824076,1.586853424,0.137071218,0.274436122,-0.026838974,0.537359784,0.057956365,0.156987623,0.370352464,-0.102547306,0.659461287,0.072492723,0.012423495
0,0,0,0.021147645,-0.358138365,-0.143896009,-0.611752906,0.162346562,0.123884868,1.020244904,0.502824076,1.586853424,0.137071218,0.274436122,-0.026838974,0.537359784,0.057956365,0.156987623
0,0,0,0.068673399,0.959746222,0.4020467,0.598224181,0.062538634,0.021147645,-0.358138365,-0.143896009,-0.611752906,0.162346562,0.123884868,1.020244904,0.502824076,1.586853424,0.137071218
0,0,0,0.178157045,0.177172216,0.441242325,0.125333896,0.162707961,0.068673399,0.959746222,0.4020467,0.598224181,0.062538634,0.021147645,-0.358138365,-0.143896009,-0.611752906,0.162346562
0,0,0,0.261293503,0.66885058,0.305512182,-0.17257727,0.045713955,0.178157045,0.177172216,0.441242325,0.125333896,0.162707961,0.068673399,0.959746222,0.4020467,0.598224181,0.062538634
0,0,0,0.22977769,0.05374037,0.084699111,0.666953498,0.107309373,0.261293503,0.66885058,0.305512182,-0.17257727,0.045713955,0.178157045,0.177172216,0.441242325,0.125333896,0.162707961
0,0,0,0.161271152,0.027351221,-0.031330311,-0.113832881,0.055060097,0.22977769,0.05374037,0.084699111,0.666953498,0.107309373,0.261293503,0.66885058,0.305512182,-0.17257727,0.045713955
0,0,0,0.133435436,-0.15692841,0.035563384,-0.597629217,-0.018108528,0.161271152,0.027351221,-0.031330311,-0.113832881,0.055060097,0.22977769,0.05374037,0.084699111,0.666953498,0.107309373
0,0,0,0.22393209,0.19587623,-0.113508352,1.247382574,-0.02245913,0.133435436,-0.15692841,0.035563384,-0.597629217,-0.018108528,0.161271152,0.027351221,-0.031330311,-0.113832881,0.055060097
0,0,0,0.322629208,0.244061739,0.082179367,0.048439663,0.06374179,0.22393209,0.19587623,-0.113508352,1.247382574,-0.02245913,0.133435436,-0.15692841,0.035563384,-0.597629217,-0.018108528
0,0,0,0.319394886,-0.292945647,-0.141526047,0.529860193,0.055017049,0.322629208,0.244061739,0.082179367,0.048439663,0.06374179,0.22393209,0.19587623,-0.113508352,1.247382574,-0.02245913
0,0,0,0.10409722,0.561265431,-0.056836258,-0.24306618,0.082468862,0.319394886,-0.292945647,-0.141526047,0.529860193,0.055017049,0.322629208,0.244061739,0.082179367,0.048439663,0.06374179
0,0,0,-0.156755586,0.05838828,0.342225305,-0.817867225,0.075175473,0.10409722,0.561265431,-0.056836258,-0.24306618,0.082468862,0.319394886,-0.292945647,-0.141526047,0.529860193,0.055017049
0,0,0,-0.296655326,-0.124348373,0.041427998,0.501531812,-0.00289032,-0.156755586,0.05838828,0.342225305,-0.817867225,0.075175473,0.10409722,0.561265431,-0.056836258,-0.24306618,0.082468862
0,0,0,-0.149093794,-0.366507884,0.092939165,-0.96030963,-0.046256479,-0.296655326,-0.124348373,0.041427998,0.501531812,-0.00289032,-0.156755586,0.05838828,0.342225305,-0.817867225,0.075175473
0,0,0,0.114535705,-0.319643783,0.029553448,-1.334191899,-0.050617535,-0.149093794,-0.366507884,0.092939165,-0.96030963,-0.046256479,-0.296655326,-0.124348373,0.041427998,0.501531812,-0.00289032
0,0,0,0.322839866,-0.687815449,-0.590187025,1.013866701,-0.158526246,0.114535705,-0.319643783,0.029553448,-1.334191899,-0.050617535,-0.149093794,-0.366507884,0.092939165,-0.96030963,-0.046256479
0,0,0,0.304425385,-0.619050307,-0.394833645,-0.693712518,-0.135561787,0.322839866,-0.687815449,-0.590187025,1.013866701,-0.158526246,0.114535705,-0.319643783,0.029553448,-1.334191899,-0.050617535
0,0,0,0.123639116,-0.260791802,-0.508598095,-0.133777316,-0.11105104,0.304425385,-0.619050307,-0.394833645,-0.693712518,-0.135561787,0.322839866,-0.687815449,-0.590187025,1.013866701,-0.158526246
0,0,0,-0.155172085,-0.455011066,-0.388099916,-1.739528633,-0.145350975,0.123639116,-0.260791802,-0.508598095,-0.133777316,-0.11105104,0.304425385,-0.619050307,-0.394833645,-0.693712518,-0.135561787
0,0,0,-0.467661363,-1.59207696,0.482321567,-0.737127468,-0.208948454,-0.155172085,-0.455011066,-0.388099916,-1.739528633,-0.145350975,0.123639116,-0.260791802,-0.508598095,-0.133777316,-0.11105104
0,0,0,-0.730791877,-4.484920665,-0.015412015,-2.490385622,-0.327769818,-0.467661363,-1.59207696,0.482321567,-0.737127468,-0.208948454,-0.155172085,-0.455011066,-0.388099916,-1.739528633,-0.145350975
0,0,0,-0.861526784,1.000667196,0.610380031,-0.936217503,-0.343520874,-0.730791877,-4.484920665,-0.015412015,-2.490385622,-0.327769818,-0.467661363,-1.59207696,0.482321567,-0.737127468,-0.208948454
0,0,0,-0.776829242,-1.317444154,0.531360801,-2.766414642,-0.551804693,-0.861526784,1.000667196,0.610380031,-0.936217503,-0.343520874,-0.730791877,-4.484920665,-0.015412015,-2.490385622,-0.327769818
0,0,0,-0.572539225,-2.866175163,-1.122904247,-0.544687084,-0.514813075,-0.776829242,-1.317444154,0.531360801,-2.766414642,-0.551804693,-0.861526784,1.000667196,0.610380031,-0.936217503,-0.343520874
0,0,0,-0.344496704,-2.520164348,-1.768031441,-2.142928787,-0.571908224,-0.572539225,-2.866175163,-1.122904247,-0.544687084,-0.514813075,-0.776829242,-1.317444154,0.531360801,-2.766414642,-0.551804693
0,0,0,-0.188541654,-0.599499452,-1.57563794,0.61874745,-0.569196922,-0.344496704,-2.520164348,-1.768031441,-2.142928787,-0.571908224,-0.572539225,-2.866175163,-1.122904247,-0.544687084,-0.514813075
0,0,0,-0.091608513,-1.576631847,-0.631393156,-2.084962236,-0.620748469,-0.188541654,-0.599499452,-1.57563794,0.61874745,-0.569196922,-0.344496704,-2.520164348,-1.768031441,-2.142928787,-0.571908224
0,0,0,-0.040631723,-0.787886523,-0.08555769,-0.781809938,-0.507732455,-0.091608513,-1.576631847,-0.631393156,-2.084962236,-0.620748469,-0.188541654,-0.599499452,-1.57563794,0.61874745,-0.569196922
0,0,0,-0.022545723,-0.991843964,-0.075815353,0.043089923,-0.26814657,-0.040631723,-0.787886523,-0.08555769,-0.781809938,-0.507732455,-0.091608513,-1.576631847,-0.631393156,-2.084962236,-0.620748469
0,0,0,0.002313029,-0.31718321,-0.774819242,-0.158212309,-0.351271911,-0.022545723,-0.991843964,-0.075815353,0.043089923,-0.26814657,-0.040631723,-0.787886523,-0.08555769,-0.781809938,-0.507732455
0,0,0,0.073608075,1.186560755,-0.481342195,1.466294968,-0.263692069,0.002313029,-0.31718321,-0.774819242,-0.158212309,-0.351271911,-0.022545723,-0.991843964,-0.075815353,0.043089923,-0.26814657
0,0,0,0.231002958,1.107224095,-0.243354246,0.0572942,-0.145519184,0.073608075,1.186560755,-0.481342195,1.466294968,-0.263692069,0.002313029,-0.31718321,-0.774819242,-0.158212309,-0.351271911
0,0,0,0.386821245,0.853693294,-0.067955406,0.118273334,-0.172599662,0.231002958,1.107224095,-0.243354246,0.0572942,-0.145519184,0.073608075,1.186560755,-0.481342195,1.466294968,-0.263692069
0,0,0,0.4533865,0.227248145,-0.012690125,0.491075806,-0.14213879,0.386821245,0.853693294,-0.067955406,0.118273334,-0.172599662,0.231002958,1.107224095,-0.243354246,0.0572942,-0.145519184
0,0,0,0.34302229,0.407818035,0.291466226,0.747935148,-0.003075504,0.4533865,0.227248145,-0.012690125,0.491075806,-0.14213879,0.386821245,0.853693294,-0.067955406,0.118273334,-0.172599662
0,0,0,0.174490554,0.342379003,0.243744027,0.335553687,-0.192406915,0.34302229,0.407818035,0.291466226,0.747935148,-0.003075504,0.4533865,0.227248145,-0.012690125,0.491075806,-0.14213879
0,0,0,0.06655323,1.070065404,-0.230187095,-0.286442315,-0.004622318,0.174490554,0.342379003,0.243744027,0.335553687,-0.192406915,0.34302229,0.407818035,0.291466226,0.747935148,-0.003075504
0,0,0,0.137972256,0.352445854,-0.084082623,0.658255509,-0.074757139,0.06655323,1.070065404,-0.230187095,-0.286442315,-0.004622318,0.174490554,0.342379003,0.243744027,0.335553687,-0.192406915
0,0,0,0.282386004,0.702518251,0.392683068,1.259964125,0.123280826,0.137972256,0.352445854,-0.084082623,0.658255509,-0.074757139,0.06655323,1.070065404,-0.230187095,-0.286442315,-0.004622318
0,0,0,0.393432846,0.360029913,1.070880327,0.890454226,0.196165226,0.282386004,0.702518251,0.392683068,1.259964125,0.123280826,0.137972256,0.352445854,-0.084082623,0.658255509,-0.074757139
0,0,0,0.364751155,1.362214407,0.956291441,-0.313587639,0.401131066,0.393432846,0.360029913,1.070880327,0.890454226,0.196165226,0.282386004,0.702518251,0.392683068,1.259964125,0.123280826
0,0,0,0.276259414,0.219929099,0.112061637,0.958950522,-0.102622237,0.364751155,1.362214407,0.956291441,-0.313587639,0.401131066,0.393432846,0.360029913,1.070880327,0.890454226,0.196165226
0,0,0,0.207876106,0.381846073,0.252780053,0.843788511,-0.072051635,0.276259414,0.219929099,0.112061637,0.958950522,-0.102622237,0.364751155,1.362214407,0.956291441,-0.313587639,0.401131066
0,0,0,0.239519715,0.366462675,0.172263817,0.050773158,0.00076678,0.207876106,0.381846073,0.252780053,0.843788511,-0.072051635,0.276259414,0.219929099,0.112061637,0.958950522,-0.102622237
0,0,0,0.28444438,0.280080357,0.104444152,-0.015525824,-0.056757608,0.239519715,0.366462675,0.172263817,0.050773158,0.00076678,0.207876106,0.381846073,0.252780053,0.843788511,-0.072051635
0,0,0,0.255904241,-0.26960502,0.169161028,0.514902208,0.213823497,0.28444438,0.280080357,0.104444152,-0.015525824,-0.056757608,0.239519715,0.366462675,0.172263817,0.050773158,0.00076678
0,0,0,0.067153438,0.070490995,0.185484983,0.285021084,0.097945449,0.255904241,-0.26960502,0.169161028,0.514902208,0.213823497,0.28444438,0.280080357,0.104444152,-0.015525824,-0.056757608
0,0,0,-0.139219462,0.991094775,0.729841247,0.177672537,0.061931579,0.067153438,0.070490995,0.185484983,0.285021084,0.097945449,0.255904241,-0.26960502,0.169161028,0.514902208,0.213823497
0,0,0,-0.22062589,-0.216814138,1.588339328,1.218222149,0.005350312,-0.139219462,0.991094775,0.729841247,0.177672537,0.061931579,0.067153438,0.070490995,0.185484983,0.285021084,0.097945449
0,0,0,-0.034477278,-0.412461541,0.455045906,-1.442634782,0.167243913,-0.22062589,-0.216814138,1.588339328,1.218222149,0.005350312,-0.139219462,0.991094775,0.729841247,0.177672537,0.061931579
0,0,0,0.229658497,1.031067646,-0.236638148,1.138975556,0.172296851,-0.034477278,-0.412461541,0.455045906,-1.442634782,0.167243913,-0.22062589,-0.216814138,1.588339328,1.218222149,0.005350312
0,0,0,0.382213559,-0.331831532,-0.12450222,-0.365474979,0.2396541,0.229658497,1.031067646,-0.236638148,1.138975556,0.172296851,-0.034477278,-0.412461541,0.455045906,-1.442634782,0.167243913
0,0,0,0.233620031,0.122926301,-0.029869471,-0.787959808,0.081275807,0.382213559,-0.331831532,-0.12450222,-0.365474979,0.2396541,0.229658497,1.031067646,-0.236638148,1.138975556,0.172296851
0,0,0,-0.015810118,0.294960964,0.594003857,1.005416306,0.17220783,0.233620031,0.122926301,-0.029869471,-0.787959808,0.081275807,0.382213559,-0.331831532,-0.12450222,-0.365474979,0.2396541
0,0,0,-0.165764922,0.47362762,0.597243971,0.452701733,0.046983223,-0.015810118,0.294960964,0.594003857,1.005416306,0.17220783,0.233620031,0.122926301,-0.029869471,-0.787959808,0.081275807
0,0,0,-0.01593241,0.634624047,-0.013495846,0.739418749,0.099955331,-0.165764922,0.47362762,0.597243971,0.452701733,0.046983223,-0.015810118,0.294960964,0.594003857,1.005416306,0.17220783
0,0,0,0.260215013,-0.076792881,-0.123233805,-0.651818001,0.165614911,-0.01593241,0.634624047,-0.013495846,0.739418749,0.099955331,-0.165764922,0.47362762,0.597243971,0.452701733,0.046983223
0,0,0,0.489204945,0.697069365,0.018579198,1.254547682,0.157797214,0.260215013,-0.076792881,-0.123233805,-0.651818001,0.165614911,-0.01593241,0.634624047,-0.013495846,0.739418749,0.099955331
0,0,0,0.497564981,-0.011809775,-0.104764248,-0.362452333,0.10330151,0.489204945,0.697069365,0.018579198,1.254547682,0.157797214,0.260215013,-0.076792881,-0.123233805,-0.651818001,0.165614911
0,0,0,0.383125969,0.524449663,1.008431697,0.872564112,0.149108764,0.497564981,-0.011809775,-0.104764248,-0.362452333,0.10330151,0.489204945,0.697069365,0.018579198,1.254547682,0.157797214
0,0,0,0.243718755,0.599772504,0.685522537,0.589583918,0.26828707,0.383125969,0.524449663,1.008431697,0.872564112,0.149108764,0.497564981,-0.011809775,-0.104764248,-0.362452333,0.10330151
0,0,0,0.177174186,0.316470165,0.633791811,0.359524087,0.197186225,0.243718755,0.599772504,0.685522537,0.589583918,0.26828707,0.383125969,0.524449663,1.008431697,0.872564112,0.149108764
0,0,0,0.155961208,-0.521932258,0.282048086,-0.092646022,0.179603125,0.177174186,0.316470165,0.633791811,0.359524087,0.197186225,0.243718755,0.599772504,0.685522537,0.589583918,0.26828707
0,0,0,0.15254877,0.712136785,0.398621382,0.325624743,0.057554389,0.155961208,-0.521932258,0.282048086,-0.092646022,0.179603125,0.177174186,0.316470165,0.633791811,0.359524087,0.197186225
0,0,0,0.139405817,0.214164187,-0.067284262,0.302781179,0.080669863,0.15254877,0.712136785,0.398621382,0.325624743,0.057554389,0.155961208,-0.521932258,0.282048086,-0.092646022,0.179603125
0,0,0,0.110470304,0.017749388,-0.119089187,-0.279107583,0.058967327,0.139405817,0.214164187,-0.067284262,0.302781179,0.080669863,0.15254877,0.712136785,0.398621382,0.325624743,0.057554389
0,0,0,0.059680186,0.199438237,-0.724978535,0.190095969,0.108140773,0.110470304,0.017749388,-0.119089187,-0.279107583,0.058967327,0.139405817,0.214164187,-0.067284262,0.302781179,0.080669863
0,0,0,-0.019026585,-0.408321282,-0.155742625,-0.089090915,0.134825622,0.059680186,0.199438237,-0.724978535,0.190095969,0.108140773,0.110470304,0.017749388,-0.119089187,-0.279107583,0.058967327
0,0,0,-0.069560767,-0.053163294,0.821534483,0.150532261,0.133157298,-0.019026585,-0.408321282,-0.155742625,-0.089090915,0.134825622,0.059680186,0.199438237,-0.724978535,0.190095969,0.108140773
0,0,0,-0.03583312,0.317736392,0.878437406,-0.387198386,0.112190513,-0.069560767,-0.053163294,0.821534483,0.150532261,0.133157298,-0.019026585,-0.408321282,-0.155742625,-0.089090915,0.134825622
0,0,0,0.138245598,0.386104619,1.529575285,1.826004906,0.116515099,-0.03583312,0.317736392,0.878437406,-0.387198386,0.112190513,-0.069560767,-0.053163294,0.821534483,0.150532261,0.133157298
0,0,0,0.335877928,0.285573442,2.811357029,0.369666069,0.184513518,0.138245598,0.386104619,1.529575285,1.826004906,0.116515099,-0.03583312,0.317736392,0.878437406,-0.387198386,0.112190513
0,0,0,0.440266411,-0.0150742,-6.119696283,0.309883985,0.135389599,0.335877928,0.285573442,2.811357029,0.369666069,0.184513518,0.138245598,0.386104619,1.529575285,1.826004906,0.116515099
0,0,0,0.33461359,0.477398692,-0.200993407,0.408390179,0.212701611,0.440266411,-0.0150742,-6.119696283,0.309883985,0.135389599,0.335877928,0.285573442,2.811357029,0.369666069,0.184513518
0,0,0,0.145149283,0.408315792,0.312942535,-0.539819784,0.106181388,0.33461359,0.477398692,-0.200993407,0.408390179,0.212701611,0.440266411,-0.0150742,-6.119696283,0.309883985,0.135389599
0,0,0,-0.001896695,-0.103539808,0.56281838,-0.141651974,0.135512353,0.145149283,0.408315792,0.312942535,-0.539819784,0.106181388,0.33461359,0.477398692,-0.200993407,0.408390179,0.212701611
0,0,0,0.019705475,0.094755713,0.430918176,1.125152654,0.163254537,-0.001896695,-0.103539808,0.56281838,-0.141651974,0.135512353,0.145149283,0.408315792,0.312942535,-0.539819784,0.106181388
0,0,0,0.143203963,0.185412773,-0.029545735,-0.310948619,0.135108364,0.019705475,0.094755713,0.430918176,1.125152654,0.163254537,-0.001896695,-0.103539808,0.56281838,-0.141651974,0.135512353
0,0,0,0.301846937,-0.326467778,-0.227630482,0.018327341,0.08215059,0.143203963,0.185412773,-0.029545735,-0.310948619,0.135108364,0.019705475,0.094755713,0.430918176,1.125152654,0.163254537
0,0,0,0.428882569,0.595802727,0.179189422,0.414121115,0.186787926,0.301846937,-0.326467778,-0.227630482,0.018327341,0.08215059,0.143203963,0.185412773,-0.029545735,-0.310948619,0.135108364
0,0,0,0.473949522,0.532604272,0.478454132,0.346866744,0.12798621,0.428882569,0.595802727,0.179189422,0.414121115,0.186787926,0.301846937,-0.326467778,-0.227630482,0.018327341,0.08215059
0,0,0,0.386686461,-0.117344194,-0.378313763,0.542056331,0.160664895,0.473949522,0.532604272,0.478454132,0.346866744,0.12798621,0.428882569,0.595802727,0.179189422,0.414121115,0.186787926
0,0,0,0.116732052,0.254421394,0.319449835,1.20855826,0.200468799,0.386686461,-0.117344194,-0.378313763,0.542056331,0.160664895,0.473949522,0.532604272,0.478454132,0.346866744,0.12798621
0,0,0,-0.166413575,0.215227363,0.231984551,-0.381035113,0.04150148,0.116732052,0.254421394,0.319449835,1.20855826,0.200468799,0.386686461,-0.117344194,-0.378313763,0.542056331,0.160664895
0,0,0,-0.293250285,-0.383402869,0.565449003,-1.0196988,0.136760116,-0.166413575,0.215227363,0.231984551,-0.381035113,0.04150148,0.116732052,0.254421394,0.319449835,1.20855826,0.200468799
0,0,0,-0.094277948,0.754423541,0.589695416,0.844321709,0.109709281,-0.293250285,-0.383402869,0.565449003,-1.0196988,0.136760116,-0.166413575,0.215227363,0.231984551,-0.381035113,0.04150148
0,0,0,0.247324381,0.984152392,0.516456111,0.807311915,0.198043569,-0.094277948,0.754423541,0.589695416,0.844321709,0.109709281,-0.293250285,-0.383402869,0.565449003,-1.0196988,0.136760116
0,0,0,0.548377643,0.082330083,0.249227804,0.112289805,0.225856286,0.247324381,0.984152392,0.516456111,0.807311915,0.198043569,-0.094277948,0.754423541,0.589695416,0.844321709,0.109709281
0,0,0,0.625702782,0.403692482,0.186314349,0.274605569,0.155341801,0.548377643,0.082330083,0.249227804,0.112289805,0.225856286,0.247324381,0.984152392,0.516456111,0.807311915,0.198043569
0,0,0,0.55379709,0.33024697,0.356466814,-0.013474806,0.243004724,0.625702782,0.403692482,0.186314349,0.274605569,0.155341801,0.548377643,0.082330083,0.249227804,0.112289805,0.225856286
0,0,0,0.407157861,0.212296937,0.249646332,0.610769661,0.161196342,0.55379709,0.33024697,0.356466814,-0.013474806,0.243004724,0.625702782,0.403692482,0.186314349,0.274605569,0.155341801
0,0,0,0.260282388,-0.158888128,0.503751471,0.189190228,0.140833961,0.407157861,0.212296937,0.249646332,0.610769661,0.161196342,0.55379709,0.33024697,0.356466814,-0.013474806,0.243004724
0,0,0,0.148859176,0.301108491,0.348602789,-0.021097935,0.210879748,0.260282388,-0.158888128,0.503751471,0.189190228,0.140833961,0.407157861,0.212296937,0.249646332,0.610769661,0.161196342
0,0,0,0.108576728,0.018843843,0.538648873,0.148132385,0.167525812,0.148859176,0.301108491,0.348602789,-0.021097935,0.210879748,0.260282388,-0.158888128,0.503751471,0.189190228,0.140833961
0,0,0,0.17512355,0.616484709,0.614401683,0.246888298,0.209370287,0.108576728,0.018843843,0.538648873,0.148132385,0.167525812,0.148859176,0.301108491,0.348602789,-0.021097935,0.210879748
0,0,0,0.2793981,0.016697802,0.655506057,0.571289316,0.195397525,0.17512355,0.616484709,0.614401683,0.246888298,0.209370287,0.108576728,0.018843843,0.538648873,0.148132385,0.167525812
0,0,0,0.352298833,-0.797262461,0.813194172,0.197754111,0.1452309,0.2793981,0.016697802,0.655506057,0.571289316,0.195397525,0.17512355,0.616484709,0.614401683,0.246888298,0.209370287
0,0,0,0.324724209,-0.639931447,0.36898716,-0.40218954,0.184082925,0.352298833,-0.797262461,0.813194172,0.197754111,0.1452309,0.2793981,0.016697802,0.655506057,0.571289316,0.195397525
0,0,0,0.249099395,-0.342972088,-0.332947116,0.553567139,0.068145522,0.324724209,-0.639931447,0.36898716,-0.40218954,0.184082925,0.352298833,-0.797262461,0.813194172,0.197754111,0.1452309
0,0,0,0.177849559,-0.553071075,0.284031289,0.775498087,0.193535413,0.249099395,-0.342972088,-0.332947116,0.553567139,0.068145522,0.324724209,-0.639931447,0.36898716,-0.40218954,0.184082925
0,0,0,0.16339987,-0.453481838,0.213830316,-1.033810115,0.241923622,0.177849559,-0.553071075,0.284031289,0.775498087,0.193535413,0.249099395,-0.342972088,-0.332947116,0.553567139,0.068145522
0,0,0,0.16921273,-0.306818982,0.058723266,0.172231239,0.120742688,0.16339987,-0.453481838,0.213830316,-1.033810115,0.241923622,0.177849559,-0.553071075,0.284031289,0.775498087,0.193535413
0,0,0,0.158750541,0.625659142,0.171396619,0.274314919,0.198801616,0.16921273,-0.306818982,0.058723266,0.172231239,0.120742688,0.16339987,-0.453481838,0.213830316,-1.033810115,0.241923622
0,0,0,0.095475705,-0.171084238,0.203769811,0.124861962,0.094327676,0.158750541,0.625659142,0.171396619,0.274314919,0.198801616,0.16921273,-0.306818982,0.058723266,0.172231239,0.120742688
0,0,0,0.029310114,-0.281320655,0.26776621,0.974347668,0.105485242,0.095475705,-0.171084238,0.203769811,0.124861962,0.094327676,0.158750541,0.625659142,0.171396619,0.274314919,0.198801616
0,0,0,0.01017566,-0.474826991,0.264784582,-0.211376088,0.213442757,0.029310114,-0.281320655,0.26776621,0.974347668,0.105485242,0.095475705,-0.171084238,0.203769811,0.124861962,0.094327676
0,0,0,0.087994236,-0.721171063,-0.061216394,-0.198893048,0.160483869,0.01017566,-0.474826991,0.264784582,-0.211376088,0.213442757,0.029310114,-0.281320655,0.26776621,0.974347668,0.105485242
0,0,0,0.192316422,-0.493489126,0.3810477,-0.144148014,0.188187613,0.087994236,-0.721171063,-0.061216394,-0.198893048,0.160483869,0.01017566,-0.474826991,0.264784582,-0.211376088,0.213442757
0,0,0,0.252692798,0.496003259,0.125691035,0.068354332,0.092913761,0.192316422,-0.493489126,0.3810477,-0.144148014,0.188187613,0.087994236,-0.721171063,-0.061216394,-0.198893048,0.160483869
0,0,0,0.198673945,-0.520160497,-0.051160517,0.796586348,0.137465699,0.252692798,0.496003259,0.125691035,0.068354332,0.092913761,0.192316422,-0.493489126,0.3810477,-0.144148014,0.188187613
0,0,0,0.105486246,-0.770933566,-0.01279422,0.04007971,0.177657683,0.198673945,-0.520160497,-0.051160517,0.796586348,0.137465699,0.252692798,0.496003259,0.125691035,0.068354332,0.092913761
0,0,0,0.048356085,0.319363985,-0.176275216,-0.091967008,0.134252951,0.105486246,-0.770933566,-0.01279422,0.04007971,0.177657683,0.198673945,-0.520160497,-0.051160517,0.796586348,0.137465699
0,0,0,0.102509846,-0.226297341,-0.074671618,-0.562875526,0.031276607,0.048356085,0.319363985,-0.176275216,-0.091967008,0.134252951,0.105486246,-0.770933566,-0.01279422,0.04007971,0.177657683
0,0,0,0.202094646,0.483892218,0.148534102,0.597645244,0.170806093,0.102509846,-0.226297341,-0.074671618,-0.562875526,0.031276607,0.048356085,0.319363985,-0.176275216,-0.091967008,0.134252951
0,0,0,0.281257601,0.115094556,0.464533259,-0.079920805,0.259123145,0.202094646,0.483892218,0.148534102,0.597645244,0.170806093,0.102509846,-0.226297341,-0.074671618,-0.562875526,0.031276607
0,0,0,0.274145828,-0.103751302,0.077212845,0.76018612,0.098208057,0.281257601,0.115094556,0.464533259,-0.079920805,0.259123145,0.202094646,0.483892218,0.148534102,0.597645244,0.170806093
0,0,0,0.221893902,-0.088653431,0.302280049,0.141814662,0.210614346,0.274145828,-0.103751302,0.077212845,0.76018612,0.098208057,0.281257601,0.115094556,0.464533259,-0.079920805,0.259123145
0,0,0,0.1656364,0.069409651,0.126924415,0.123021247,0.068268096,0.221893902,-0.088653431,0.302280049,0.141814662,0.210614346,0.274145828,-0.103751302,0.077212845,0.76018612,0.098208057
0,0,0,0.146507895,-0.385045232,0.361224981,0.038668697,0.080620437,0.1656364,0.069409651,0.126924415,0.123021247,0.068268096,0.221893902,-0.088653431,0.302280049,0.141814662,0.210614346
0,0,0,0.150447077,0.70552802,0.359924842,1.211794766,0.154856857,0.146507895,-0.385045232,0.361224981,0.038668697,0.080620437,0.1656364,0.069409651,0.126924415,0.123021247,0.068268096
0,0,0,0.163392635,-0.227235608,0.310644244,0.2777803,0.151184075,0.150447077,0.70552802,0.359924842,1.211794766,0.154856857,0.146507895,-0.385045232,0.361224981,0.038668697,0.080620437
0,0,0,0.17128326,-0.385498375,0.353108492,-0.15959086,0.150955854,0.163392635,-0.227235608,0.310644244,0.2777803,0.151184075,0.150447077,0.70552802,0.359924842,1.211794766,0.154856857
0,0,0,0.17697971,0.621416914,0.393655032,-0.209753771,0.08292869,0.17128326,-0.385498375,0.353108492,-0.15959086,0.150955854,0.163392635,-0.227235608,0.310644244,0.2777803,0.151184075
0,0,0,0.183342747,0.99694031,0.291304267,-0.352636111,0.140342253,0.17697971,0.621416914,0.393655032,-0.209753771,0.08292869,0.17128326,-0.385498375,0.353108492,-0.15959086,0.150955854
0,0,0,0.19323313,0.0863268,0.714410994,0.403278756,0.140828725,0.183342747,0.99694031,0.291304267,-0.352636111,0.140342253,0.17697971,0.621416914,0.393655032,-0.209753771,0.08292869
0,0,0,0.213196135,0.208515278,0.073989181,0.3310071,0.138584075,0.19323313,0.0863268,0.714410994,0.403278756,0.140828725,0.183342747,0.99694031,0.291304267,-0.352636111,0.140342253
0,0,0,0.249777038,-0.249970817,0.338779705,0.402012061,0.128854137,0.213196135,0.208515278,0.073989181,0.3310071,0.138584075,0.19323313,0.0863268,0.714410994,0.403278756,0.140828725
0,0,0,0.309521112,-0.454840288,0.163910197,0.555690551,0.100105221,0.249777038,-0.249970817,0.338779705,0.402012061,0.128854137,0.213196135,0.208515278,0.073989181,0.3310071,0.138584075
0,0,0,0.368295909,0.116260129,0.313352295,0.483916558,0.059879019,0.309521112,-0.454840288,0.163910197,0.555690551,0.100105221,0.249777038,-0.249970817,0.338779705,0.402012061,0.128854137
0,0,0,0.401968977,1.236556014,0.42559211,0.566399188,0.097226999,0.368295909,0.116260129,0.313352295,0.483916558,0.059879019,0.309521112,-0.454840288,0.163910197,0.555690551,0.100105221
0,0,0,0.386407865,0.257122175,0.464429195,0.744495378,0.151431326,0.401968977,1.236556014,0.42559211,0.566399188,0.097226999,0.368295909,0.116260129,0.313352295,0.483916558,0.059879019
0,0,0,0.337392592,0.234590443,0.242786827,0.658544448,0.101730788,0.386407865,0.257122175,0.464429195,0.744495378,0.151431326,0.401968977,1.236556014,0.42559211,0.566399188,0.097226999
0,0,0,0.270703176,-0.001872177,-0.138764873,-1.322386906,0.09282378,0.337392592,0.234590443,0.242786827,0.658544448,0.101730788,0.386407865,0.257122175,0.464429195,0.744495378,0.151431326
0,0,0,0.202119637,0.242794648,0.183555477,0.499043911,0.266473845,0.270703176,-0.001872177,-0.138764873,-1.322386906,0.09282378,0.337392592,0.234590443,0.242786827,0.658544448,0.101730788
0,0,0,0.152816507,0.45349817,0.244217702,-0.221418361,0.15253062,0.202119637,0.242794648,0.183555477,0.499043911,0.266473845,0.270703176,-0.001872177,-0.138764873,-1.322386906,0.09282378
0,0,0,0.143968318,1.129472857,0.133216198,0.010657027,0.095718944,0.152816507,0.45349817,0.244217702,-0.221418361,0.15253062,0.202119637,0.242794648,0.183555477,0.499043911,0.266473845
0,0,0,0.196749603,-0.946948328,0.295559055,0.741266934,0.214024755,0.143968318,1.129472857,0.133216198,0.010657027,0.095718944,0.152816507,0.45349817,0.244217702,-0.221418361,0.15253062
0,0,0,0.255107065,0.821573579,0.439598307,-0.468219617,0.147128502,0.196749603,-0.946948328,0.295559055,0.741266934,0.214024755,0.143968318,1.129472857,0.133216198,0.010657027,0.095718944
0,0,0,0.262987405,0.126342282,0.508336035,0.222855607,0.040942483,0.255107065,0.821573579,0.439598307,-0.468219617,0.147128502,0.196749603,-0.946948328,0.295559055,0.741266934,0.214024755
0,0,0,0.164337326,0.677293387,0.406209554,0.486303208,0.173651313,0.262987405,0.126342282,0.508336035,0.222855607,0.040942483,0.255107065,0.821573579,0.439598307,-0.468219617,0.147128502
0,0,0,0.04068053,0.043523732,-0.018808319,-0.034212311,0.052907042,0.164337326,0.677293387,0.406209554,0.486303208,0.173651313,0.262987405,0.126342282,0.508336035,0.222855607,0.040942483
0,0,0,-0.02645928,-0.167376928,0.112796887,-0.321799572,0.112418208,0.04068053,0.043523732,-0.018808319,-0.034212311,0.052907042,0.164337326,0.677293387,0.406209554,0.486303208,0.173651313
0,0,0,0.044441597,0.079733661,0.28421251,0.329875583,0.060840469,-0.02645928,-0.167376928,0.112796887,-0.321799572,0.112418208,0.04068053,0.043523732,-0.018808319,-0.034212311,0.052907042
0,0,0,0.169428669,0.031241334,1.297483938,-0.222115306,0.128245394,0.044441597,0.079733661,0.28421251,0.329875583,0.060840469,-0.02645928,-0.167376928,0.112796887,-0.321799572,0.112418208
0,0,0,0.264547439,-0.660835394,-0.006164869,0.209150867,0.166740071,0.169428669,0.031241334,1.297483938,-0.222115306,0.128245394,0.044441597,0.079733661,0.28421251,0.329875583,0.060840469
0,0,0,0.245843414,-0.518661841,0.241515438,-0.191048306,0.003998347,0.264547439,-0.660835394,-0.006164869,0.209150867,0.166740071,0.169428669,0.031241334,1.297483938,-0.222115306,0.128245394
0,0,0,0.198503452,0.010697205,0.163870661,-0.222284849,0.153149584,0.245843414,-0.518661841,0.241515438,-0.191048306,0.003998347,0.264547439,-0.660835394,-0.006164869,0.209150867,0.166740071
0,0,0,0.207714414,-0.547315039,-0.098290169,-0.762840779,0.198080414,0.198503452,0.010697205,0.163870661,-0.222284849,0.153149584,0.245843414,-0.518661841,0.241515438,-0.191048306,0.003998347
0,0,0,0.358663157,0.139526454,-0.009561144,0.617890724,0.018591433,0.207714414,-0.547315039,-0.098290169,-0.762840779,0.198080414,0.198503452,0.010697205,0.163870661,-0.222284849,0.153149584
0,0,0,0.511713931,0.121877395,0.12490574,0.1185529,0.144629495,0.358663157,0.139526454,-0.009561144,0.617890724,0.018591433,0.207714414,-0.547315039,-0.098290169,-0.762840779,0.198080414
0,0,0,0.527230988,-0.524865271,-0.057314412,0.063739716,0.064286308,0.511713931,0.121877395,0.12490574,0.1185529,0.144629495,0.358663157,0.139526454,-0.009561144,0.617890724,0.018591433
0,0,0,0.265578578,0.757570872,0.508539711,0.262072152,0.15557405,0.527230988,-0.524865271,-0.057314412,0.063739716,0.064286308,0.511713931,0.121877395,0.12490574,0.1185529,0.144629495
0,0,0,-0.005311197,-0.31309483,0.197407983,-0.319834544,0.128249218,0.265578578,0.757570872,0.508539711,0.262072152,0.15557405,0.527230988,-0.524865271,-0.057314412,0.063739716,0.064286308
0,0,0,-0.017506231,-0.855000531,0.209193059,-1.129560931,0.06274251,-0.005311197,-0.31309483,0.197407983,-0.319834544,0.128249218,0.265578578,0.757570872,0.508539711,0.262072152,0.15557405
0,0,0,0.496925577,0.551299834,0.46421016,0.51616454,0.137235777,-0.017506231,-0.855000531,0.209193059,-1.129560931,0.06274251,-0.005311197,-0.31309483,0.197407983,-0.319834544,0.128249218
0,0,0,0.842403726,-0.203144248,-0.396603761,-0.421359871,0.083700489,0.496925577,0.551299834,0.46421016,0.51616454,0.137235777,-0.017506231,-0.855000531,0.209193059,-1.129560931,0.06274251
0,0,0,0.323347716,-0.595143515,1.082886555,-0.1228029,0.155352108,0.842403726,-0.203144248,-0.396603761,-0.421359871,0.083700489,0.496925577,0.551299834,0.46421016,0.51616454,0.137235777
0,0,0,-1.755822955,0.329640856,0.550043557,0.436785268,0.17152832,0.323347716,-0.595143515,1.082886555,-0.1228029,0.155352108,0.842403726,-0.203144248,-0.396603761,-0.421359871,0.083700489
0,0,0,-3.846814419,-4.081101153,-2.35938222,-4.458029038,-0.921549992,-1.755822955,0.329640856,0.550043557,0.436785268,0.17152832,0.323347716,-0.595143515,1.082886555,-0.1228029,0.155352108
0,0,0,-4.401332806,-14.20453498,-6.241407576,-11.96534726,-14.57935491,-3.846814419,-4.081101153,-2.35938222,-4.458029038,-0.921549992,-1.755822955,0.329640856,0.550043557,0.436785268,0.17152832
0,0,0,-1.871084247,1.55792526,2.304303884,7.648142195,1.985915325,-4.401332806,-14.20453498,-6.241407576,-11.96534726,-14.57935491,-3.846814419,-4.081101153,-2.35938222,-4.458029038,-0.921549992
0,0,0,1.67785099,6.377139013,2.238551971,7.342270462,3.421694591,-1.871084247,1.55792526,2.304303884,7.648142195,1.985915325,-4.401332806,-14.20453498,-6.241407576,-11.96534726,-14.57935491
0,0,0,4.179392636,3.567157832,0.815115091,2.643870049,1.144000401,1.67785099,6.377139013,2.238551971,7.342270462,3.421694591,-1.871084247,1.55792526,2.304303884,7.648142195,1.985915325
0,0,0,3.567460419,0.969666604,1.082022114,0.261790436,1.1168593,4.179392636,3.567157832,0.815115091,2.643870049,1.144000401,1.67785099,6.377139013,2.238551971,7.342270462,3.421694591
0,0,0,1.458618404,-0.039620313,1.196058062,0.427627548,0.673064833,3.567460419,0.969666604,1.082022114,0.261790436,1.1168593,4.179392636,3.567157832,0.815115091,2.643870049,1.144000401
0,0,0,-0.53056935,0.659195702,1.437684517,0.836698387,0.486225191,1.458618404,-0.039620313,1.196058062,0.427627548,0.673064833,3.567460419,0.969666604,1.082022114,0.261790436,1.1168593
0,0,0,-0.78353878,0.441703543,-0.185462451,0.012830633,0.189346181,-0.53056935,0.659195702,1.437684517,0.836698387,0.486225191,1.458618404,-0.039620313,1.196058062,0.427627548,0.673064833
0,0,0,-0.089252714,1.282063587,0.075551229,0.842096206,-0.128295476,-0.78353878,0.441703543,-0.185462451,0.012830633,0.189346181,-0.53056935,0.659195702,1.437684517,0.836698387,0.486225191
0,0,0,0.76332602,0.618830566,-0.286601581,2.029683352,0.255726841,-0.089252714,1.282063587,0.075551229,0.842096206,-0.128295476,-0.78353878,0.441703543,-0.185462451,0.012830633,0.189346181
0,0,0,0.985234592,-3.403259778,0.017272419,-2.9797756,0.355527991,0.76332602,0.618830566,-0.286601581,2.029683352,0.255726841,-0.089252714,1.282063587,0.075551229,0.842096206,-0.128295476
0,0,0,0.813840003,2.773227401,0.872351375,3.494727544,0.572884195,0.985234592,-3.403259778,0.017272419,-2.9797756,0.355527991,0.76332602,0.618830566,-0.286601581,2.029683352,0.255726841
0,0,0,0.486509252,0.141254604,0.809954683,0.00545968,0.252720339,0.813840003,2.773227401,0.872351375,3.494727544,0.572884195,0.985234592,-3.403259778,0.017272419,-2.9797756,0.355527991
0,0,0,0.240609339,0.865747536,0.484792567,-2.087428036,0.290702897,0.486509252,0.141254604,0.809954683,0.00545968,0.252720339,0.813840003,2.773227401,0.872351375,3.494727544,0.572884195
0,0,0,0.119880743,0.464305408,0.343921691,0.238189052,0.54734373,0.240609339,0.865747536,0.484792567,-2.087428036,0.290702897,0.486509252,0.141254604,0.809954683,0.00545968,0.252720339
0,0,0,0.168063945,0.419097617,0.36727187,0.298498066,0.636394059,0.119880743,0.464305408,0.343921691,0.238189052,0.54734373,0.240609339,0.865747536,0.484792567,-2.087428036,0.290702897
0,0,0,0.428899425,-0.025586184,-0.035504372,-0.613385748,0.331287186,0.168063945,0.419097617,0.36727187,0.298498066,0.636394059,0.119880743,0.464305408,0.343921691,0.238189052,0.54734373
0,0,0,0.705338674,-1.050770658,0.283682646,0.355800449,0.315977453,0.428899425,-0.025586184,-0.035504372,-0.613385748,0.331287186,0.168063945,0.419097617,0.36727187,0.298498066,0.636394059
0,0,0,0.800333181,1.363153332,0.384906257,0.614760872,0.578506479,0.705338674,-1.050770658,0.283682646,0.355800449,0.315977453,0.428899425,-0.025586184,-0.035504372,-0.613385748,0.331287186
0,0,0,0.516834439,0.906848999,-0.062229951,0.307295019,0.427840465,0.800333181,1.363153332,0.384906257,0.614760872,0.578506479,0.705338674,-1.050770658,0.283682646,0.355800449,0.315977453
0,0,0,0.087038133,-0.072704574,-0.295639535,-0.170829921,0.384632582,0.516834439,0.906848999,-0.062229951,0.307295019,0.427840465,0.800333181,1.363153332,0.384906257,0.614760872,0.578506479
0,0,0,-0.256860048,0.019564309,-0.647669403,1.32963766,0.150106604,0.087038133,-0.072704574,-0.295639535,-0.170829921,0.384632582,0.516834439,0.906848999,-0.062229951,0.307295019,0.427840465
0,0,0,-0.282664418,0.621688949,-0.103057712,-0.764767638,0.577638612,-0.256860048,0.019564309,-0.647669403,1.32963766,0.150106604,0.087038133,-0.072704574,-0.295639535,-0.170829921,0.384632582
0,0,0,-0.128360124,0.809122394,-0.391809548,-0.421312473,0.311692689,-0.282664418,0.621688949,-0.103057712,-0.764767638,0.577638612,-0.256860048,0.019564309,-0.647669403,1.32963766,0.150106604
0,0,0,0.068067685,0.222983754,-0.009114999,-0.075939345,0.201322193,-0.128360124,0.809122394,-0.391809548,-0.421312473,0.311692689,-0.282664418,0.621688949,-0.103057712,-0.764767638,0.577638612
0,0,0,0.168633863,0.061689927,-0.047541673,-1.392530514,0.158791374,0.068067685,0.222983754,-0.009114999,-0.075939345,0.201322193,-0.128360124,0.809122394,-0.391809548,-0.421312473,0.311692689
0,0,0,0.208378085,-0.139463734,-0.34976707,-0.350577671,0.303045475,0.168633863,0.061689927,-0.047541673,-1.392530514,0.158791374,0.068067685,0.222983754,-0.009114999,-0.075939345,0.201322193
0,0,0,0.222340027,0.221593122,1.084458424,0.483158491,0.455793482,0.208378085,-0.139463734,-0.34976707,-0.350577671,0.303045475,0.168633863,0.061689927,-0.047541673,-1.392530514,0.158791374
0,0,0,0.245559365,0.116186159,0.434889898,1.315004664,0.154732595,0.222340027,0.221593122,1.084458424,0.483158491,0.455793482,0.208378085,-0.139463734,-0.34976707,-0.350577671,0.303045475
0,0,0,0.269328005,0.350551803,0.352842869,-0.300482633,0.147979649,0.245559365,0.116186159,0.434889898,1.315004664,0.154732595,0.222340027,0.221593122,1.084458424,0.483158491,0.455793482
0,0,0,0.284937849,-0.085420207,-0.136747549,0.320822845,0.260225372,0.269328005,0.350551803,0.352842869,-0.300482633,0.147979649,0.245559365,0.116186159,0.434889898,1.315004664,0.154732595
0,0,0,0.283680802,-0.327669138,-0.061051044,-0.942292979,0.192780216,0.284937849,-0.085420207,-0.136747549,0.320822845,0.260225372,0.269328005,0.350551803,0.352842869,-0.300482633,0.147979649
0,0,0,0.266870094,-1.248427886,0.177907991,1.013892977,0.081673402,0.283680802,-0.327669138,-0.061051044,-0.942292979,0.192780216,0.284937849,-0.085420207,-0.136747549,0.320822845,0.260225372
0,0,0,0.235818954,0.900412879,0.528002916,1.307821667,0.287270996,0.266870094,-1.248427886,0.177907991,1.013892977,0.081673402,0.283680802,-0.327669138,-0.061051044,-0.942292979,0.192780216
0,0,0,0.191840611,0.051277587,0.140331205,-0.746457305,0.197504792,0.235818954,0.900412879,0.528002916,1.307821667,0.287270996,0.266870094,-1.248427886,0.177907991,1.013892977,0.081673402
0,0,0,0.160421372,0.01361771,0.40965936,-0.858298038,0.054793286,0.191840611,0.051277587,0.140331205,-0.746457305,0.197504792,0.235818954,0.900412879,0.528002916,1.307821667,0.287270996
0,0,0,0.167047547,0.397790451,0.146535044,-0.098014047,0.139104473,0.160421372,0.01361771,0.40965936,-0.858298038,0.054793286,0.191840611,0.051277587,0.140331205,-0.746457305,0.197504792
0,0,0,0.237205441,-0.235881878,0.312018658,0.928663396,0.145980264,0.167047547,0.397790451,0.146535044,-0.098014047,0.139104473,0.160421372,0.01361771,0.40965936,-0.858298038,0.054793286
0,0,0,0.327180971,-0.584336237,0.140186054,-0.266671248,0.165016009,0.237205441,-0.235881878,0.312018658,0.928663396,0.145980264,0.167047547,0.397790451,0.146535044,-0.098014047,0.139104473